source,ID,Reference,DOI,doi_normalized
1964Tomashov,1,"N. D. Tomashov, G. P. Chernova, O. N. Markova, Corrosion 20 (1964): p. 166",﻿10.5006/0010-9312-20.5.166t,10.5006/0010-9312-20.5.166t
1968Bond,3,"A. P. Bond, E. A. Lizlovs, J. Electrochem. Soc. 115 (1968): p. 1130",﻿10.1149/1.2410923,10.1149/1.2410923
1968Horvath,4,"J. Horvath, H. H. Uhlig, J. Electrochem. Soc. 115 (1968): p. 791",﻿10.1149/1.2411433,10.1149/1.2411433
1969Boehni,5,"H. Boehni, H. H. Uhlig, Corrosion Science 9 (1969): p. 353",﻿10.1016/0010-938X(69)80007-7,10.1016/0010-938x(69)80007-7
1969Lizlovs,6,"E. A. Lizlovs, A. P. Bond, J. Electrochem. Soc. 116 (1969): p. 574",﻿10.1149/1.2411967,10.1149/1.2411967
1970Wilde,7,"B. E. Wilde, E. Williams , J. Electrochem. Soc. 117 (1970): p. 775",﻿10.1149/1.2407627,10.1149/1.2407627
1973Bond,8,"A. P. Bond, J. Electrochem. Soc. 120 (1973): p. 603",﻿10.1149/1.2403512,10.1149/1.2403512
1974Hartline,9,"A. G. Hartline, Metals Transactions 5 (1974): p. 271",﻿10.1007/BF02644006,10.1007/bf02644006
1974Machin,10,"R. Machin, P. Guha, Werkstoffe und Korrosion 25 (1974): p. 40-45",﻿10.1002/maco.19740250106,10.1002/maco.19740250106
1974Pessall,11,"N. Pessall, J. I. Nurminen, Corrosion 30 (1974): p. 381",﻿10.5006/0010-9312-30.11.381,10.5006/0010-9312-30.11.381
1975Janik,12,"Janik-Czachor, E. Lunarska, Z. Szklarska-Smialowska, Corrosion 31 (1975): p. 349",﻿10.5006/0010-9312-31.11.394,10.5006/0010-9312-31.11.394
1975Lizlovs,13,"E. A. Lizlovs, A. P. Bond, J. Electrochem. Soc. 122 (1975): p. 719",﻿10.1149/1.2134307,10.1149/1.2134307
1975Lizlovs2,14,"E. A. Lizlovs, A. P. Bond, J. Electrochem. Soc. 122 (1975): p. 719",﻿10.1149/1.2134307,10.1149/1.2134307
1975Lunarska,15,"E. Lunarska, Z. Szklarska-Smialowska, M. Jamk Czachor, Corrosion 31 (1975): p. 231",﻿10.5006/0010-9312-31.7.231,10.5006/0010-9312-31.7.231
1977Sugimoto,16,"K. Sugimoto, Y. Sawada, Corrosion Science 17 (1977): p. 425-445",﻿10.1016/0010-938X(77)90032-4,10.1016/0010-938x(77)90032-4
1977Truman,17,"J. E. Truman, M. J. Coleman, K. R. Pirt, British corrosion journal 12 (1977): p. 236-238",﻿10.1179/000705977798318973,10.1179/000705977798318973
1979Richardson,18,"W. H. Richardson, P. Guha, British Corrosion Journal (1979): p. 167-171",﻿10.1179/bcj.1979.14.3.167,10.1179/bcj.1979.14.3.167
1983Bandy,21,"R. Bandy, D. van Rooyen, Corrosion 39 (1983): p. 227",﻿10.5006/1.3580841,10.5006/1.3580841
1983Bui,23,"N. Bui et al., Corrosion 39 (1983): p. 491-496",﻿10.5006/1.3577373,10.5006/1.3577373
1983Clark,24,"C.A. Clark, P. Guha, Werkstoffe und Korrosion, 34 (1983)",﻿10.1002/maco.19830340105,10.1002/maco.19830340105
1985Goetz,26,"R. Goetz, J. Laurent, D. Landolt, Corrosion science 25 (1985): p. 1115-1126",﻿10.1016/0010-938X(85)90057-5,10.1016/0010-938x(85)90057-5
1985Newman,27,"R. C. Newman, Corrosion Science 25 (1985): p. 341-350",﻿10.1016/0010-938X(85)90112-X,10.1016/0010-938x(85)90112-x
1986Wilde,30,"B. E. Wilde, Corrosion 42 (1986): p. 147-151",﻿10.5006/1.3584894,10.5006/1.3584894
1988Roberge,33,"R. Roberge, Corrosion 44 (1988): p. 274",﻿10.5006/1.3583937,10.5006/1.3583937
1988Tsuge,35,"H. Tsuge , Y. Tarutani, T. Kudo , Corrosion 44 (1988): p. 305",﻿10.5006/1.3583942,10.5006/1.3583942
1989Lu,36,"Lu, Y. C., C. R. Clayton, A. R. Brooks, Corrosion science 29 (1989): p. 863-880",﻿10.1016/0010-938X(89)90058-9,10.1016/0010-938x(89)90058-9
1989Pawel,37,"S. J. Pawel, E. E. Stansbury, C. D. Lundin, Corrosion 45 (1989): p. 125",﻿10.5006/1.3577829,10.5006/1.3577829
1990Guo,38,"R. Guo, M. B. Ives, Corrosion 46 (1990): p. 125",﻿10.5006/1.3585076,10.5006/1.3585076
1990Ives,39,"M. B. Ives et al., Corrosion science 31 (1990): p. 367-376",﻿10.1016/0010-938X(90)90133-P,10.1016/0010-938x(90)90133-p
1990Landolt,40,"D. Landolt et al., Corrosion science 31 (1990): p. 431-440",﻿10.1016/0010-938X(90)90142-R,10.1016/0010-938x(90)90142-r
1991Mischler,44,"S. Mischler et al., Corrosion science 32 (1991): p. 925-944",﻿10.1016/0010-938X(91)90013-F,10.1016/0010-938x(91)90013-f
1993Palit,50,"G. C. Palit, V. Kain , H. S. Gadiya, Corrosion 49 (1993): p. 977",﻿10.5006/1.3316025,10.5006/1.3316025
1994Carroll,51,"W. M. Carroll, E. E. Lynskey, Corrosion Science 36 (1994): p. 1667",﻿10.1016/0010-938X(94)90061-2,10.1016/0010-938x(94)90061-2
1994Sadough,54,"A. Sadough Vanini, J. P. Audouard, P. Marcus, Corrosion Science 36 (1994): p. 1825",﻿10.1016/0010-938X(94)90021-3,10.1016/0010-938x(94)90021-3
1995Malik,56,"A. U. Malik et al,. Corrosion science 37 (1995): p. 1521-1535",﻿10.1016/0010-938X(95)00043-J,10.1016/0010-938x(95)00043-j
1996Garfias,58,"L. F. Garfias-Mesias, J. M. Sykes , C. D. S. Tuck, Corrosion Science 38 (1996): p. 1319",﻿10.1016/0010-938X(96)00022-4,10.1016/0010-938x(96)00022-4
1996Halada,59,"G. P. Halada , D. Kim, C.R. Clayton, Corrosion 52 (1996): p. 36",﻿10.5006/1.3292093,10.5006/1.3292093
1996Olefjord,62,"I. Olefjord, L. Wegrelius, Corrosion Science 38 (1996): p. 1203",﻿10.1016/0010-938X(96)00018-2,10.1016/0010-938x(96)00018-2
1997Truman,68,"ASTM STP 679, American Society for Testing and Materials, Philadelphia, (1979): p. 17",﻿10.1520/stp679-eb,10.1520/stp679-eb
1998Ahn,70,"M. K. Ahn, H.-S. Kwon, H. M. Lee, Corrosion science 40 (1998): p. 307-322",﻿10.1016/S0010-938X(97)00138-8,10.1016/s0010-938x(97)00138-8
1999Jargelius,80,"R. F. A. Jargelius-Pettersson, Corrosion Science 41 (1999): p. 1639",﻿10.1016/S0010-938X(99)00013-X,10.1016/s0010-938x(99)00013-x
1999Kim,81,"J-S. Kim, H-S. Kwon, Corrosion 55 (1999): p. 512-521",﻿10.5006/1.3284014,10.5006/1.3284014
1999Wegrelius,82,"L. Wegrelius, F. Falkenberg, I. Olefjord, J. Electrochem. Soc. 146  (1999): p. 1397-1407",﻿10.1149/1.1391777,10.1149/1.1391777
2001Lim,88,"Y. S. Lim, J. S. Kim, S. J. Ahn, H. S. Kwon, Y. Katada, Corrosion Science 43 (2001): p. 53",﻿10.1016/S0010-938X(00)00074-3,10.1016/s0010-938x(00)00074-3
