subset,column,rows,numeric_count,coverage_fraction
observed_numeric,C,4027,2554,0.6342190216041719
observed_numeric,N,4027,1672,0.41519741743233174
observed_numeric,Si,4027,2312,0.5741246585547554
observed_numeric,P,4027,2056,0.510553762105786
observed_numeric,S,4027,2186,0.5428358579587782
observed_numeric,Ti,4027,304,0.07549043953315122
observed_numeric,V,4027,163,0.04047678172336727
observed_numeric,Cr,4027,3845,0.9548050658058108
observed_numeric,Mn,4027,2571,0.6384405264464862
observed_numeric,Ni,4027,3510,0.8716165880307921
observed_numeric,Nb,4027,235,0.05835609634963993
observed_numeric,Mo,4027,3082,0.7653339955301713
observed_numeric,CP_temp,4027,3977,0.9875838092873106
observed_numeric,CP_pH,4027,3963,0.9841072758877576
observed_numeric,CP_Cl,4027,4027,1.0
observed_numeric,CP_Br,4027,4027,1.0
observed_numeric,CP_SO4,4027,4027,1.0
observed_numeric,CP_NO3,4027,4024,0.9992550285572387
observed_numeric,Prep_grinding_grit,4027,2990,0.7424882046188229
observed_numeric,Prep_Ra_micron,4027,367,0.0911348398311398
observed_numeric,CP_time,4027,1982,0.49217779985100574
observed_numeric,scan_rate,4027,3767,0.9354358082940154
observed_numeric,Test_area_cm2,4027,2015,0.5003724857213807
after_known_source_exclusion,C,3324,2141,0.6441034897713598
after_known_source_exclusion,N,3324,1350,0.40613718411552346
after_known_source_exclusion,Si,3324,1961,0.5899518652226233
after_known_source_exclusion,P,3324,1838,0.5529482551143201
after_known_source_exclusion,S,3324,2007,0.6037906137184116
after_known_source_exclusion,Ti,3324,304,0.0914560770156438
after_known_source_exclusion,V,3324,163,0.04903730445246691
after_known_source_exclusion,Cr,3324,3142,0.9452466907340553
after_known_source_exclusion,Mn,3324,2229,0.6705776173285198
after_known_source_exclusion,Ni,3324,2845,0.8558965102286402
after_known_source_exclusion,Nb,3324,235,0.07069795427196149
after_known_source_exclusion,Mo,3324,2404,0.7232250300842359
after_known_source_exclusion,CP_temp,3324,3319,0.9984957882069796
after_known_source_exclusion,CP_pH,3324,3321,0.9990974729241877
after_known_source_exclusion,CP_Cl,3324,3324,1.0
after_known_source_exclusion,CP_Br,3324,3324,1.0
after_known_source_exclusion,CP_SO4,3324,3324,1.0
after_known_source_exclusion,CP_NO3,3324,3321,0.9990974729241877
after_known_source_exclusion,Prep_grinding_grit,3324,2689,0.808965102286402
after_known_source_exclusion,Prep_Ra_micron,3324,362,0.10890493381468111
after_known_source_exclusion,CP_time,3324,1758,0.5288808664259927
after_known_source_exclusion,scan_rate,3324,3216,0.9675090252707581
after_known_source_exclusion,Test_area_cm2,3324,1676,0.5042117930204573
