source,samples,classification,rows_with_any_composition_blank,composition_blank_cells,partial_elements,zero_and_blank_elements,all_blank_elements,complete_elements
1964Tomashov,26,mixed_within_source,26,205,Si,,N;P;S;Ti;V;Mn;Nb,C;Cr;Ni;Mo
1966Leckie,32,consistent_source_schema_with_blanks,32,320,,,C;N;Si;P;S;Ti;V;Mn;Nb;Mo,Cr;Ni
1968Bond,16,mixed_within_source,16,116,C;N;Si;Cr;Mn;Ni,,P;S;Ti;V;Nb,Mo
1968Horvath,18,consistent_source_schema_with_blanks,18,162,,,C;N;Si;P;S;Ti;V;Mn;Nb,Cr;Ni;Mo
1969Boehni,12,consistent_source_schema_with_blanks,12,108,,,C;N;Si;P;S;Ti;V;Mn;Nb,Cr;Ni;Mo
1969Lizlovs,12,mixed_within_source,12,76,N;Si;P;S;Mn,,Ti;V;Nb,C;Cr;Ni;Mo
1970Wilde,8,consistent_source_schema_with_blanks,8,32,,,N;Ti;V;Nb,C;Si;P;S;Cr;Mn;Ni;Mo
1973Bond,10,consistent_source_schema_with_blanks,10,50,,,P;S;Ti;V;Nb,C;N;Si;Cr;Mn;Ni;Mo
1974Hartline,7,consistent_source_schema_with_blanks,7,21,,,Ti;V;Nb,C;N;Si;P;S;Cr;Mn;Ni;Mo
1974Machin,15,mixed_within_source,15,127,C,,N;Si;P;S;Ti;V;Mn;Nb,Cr;Ni;Mo
1974Pessall,54,mixed_within_source,54,412,Si;Mn,,C;N;P;S;Ti;V;Nb,Cr;Ni;Mo
1975Janik,10,consistent_source_schema_with_blanks,10,30,,,Ti;V;Nb,C;N;Si;P;S;Cr;Mn;Ni;Mo
1975Lizlovs,10,consistent_source_schema_with_blanks,10,70,,,Si;P;S;Ti;V;Mn;Nb,C;N;Cr;Ni;Mo
1975Lizlovs2,33,consistent_source_schema_with_blanks,33,264,,,Si;P;S;Ti;V;Mn;Ni;Nb,C;N;Cr;Mo
1975Lunarska,12,consistent_source_schema_with_blanks,12,36,,,Ti;V;Nb,C;N;Si;P;S;Cr;Mn;Ni;Mo
1977Sugimoto,18,mixed_within_source,18,142,C;Si;P;S;Mn,,N;Ti;V;Nb,Cr;Ni;Mo
1977Truman,19,consistent_source_schema_with_blanks,19,57,,,Ti;V;Nb,C;N;Si;P;S;Cr;Mn;Ni;Mo
1979Richardson,2,consistent_source_schema_with_blanks,2,14,,,Si;P;S;Ti;V;Mn;Nb,C;N;Cr;Ni;Mo
1980Manning,27,consistent_source_schema_with_blanks,27,81,,,Ti;V;Nb,C;N;Si;P;S;Cr;Mn;Ni;Mo
1982Roy,16,consistent_source_schema_with_blanks,16,160,,,C;N;Si;P;S;Ti;V;Mn;Nb;Mo,Cr;Ni
1983Bandy,30,consistent_source_schema_with_blanks,30,150,,,P;S;Ti;V;Nb,C;N;Si;Cr;Mn;Ni;Mo
1983Barbosa,12,consistent_source_schema_with_blanks,12,48,,,N;Ti;V;Nb,C;Si;P;S;Cr;Mn;Ni;Mo
1983Bui,17,consistent_source_schema_with_blanks,17,102,,,N;P;S;Ti;V;Nb,C;Si;Cr;Mn;Ni;Mo
1983Clark,8,consistent_source_schema_with_blanks,8,56,,,Si;P;S;Ti;V;Mn;Nb,C;N;Cr;Ni;Mo
1983Shibata,242,mixed_within_source,242,1175,Ti;Nb;Mo,,N;V;Ni,C;Si;P;S;Cr;Mn
1985Goetz,4,consistent_source_schema_with_blanks,4,20,,,N;P;Ti;V;Nb,C;Si;S;Cr;Mn;Ni;Mo
1985Newman,2,consistent_source_schema_with_blanks,2,16,,,C;N;Si;P;Ti;V;Mn;Nb,S;Cr;Ni;Mo
1986Dawson,6,consistent_source_schema_with_blanks,6,24,,,N;Ti;V;Nb,C;Si;P;S;Cr;Mn;Ni;Mo
1986Jargelius,8,consistent_source_schema_with_blanks,8,24,,,Ti;V;Nb,C;N;Si;P;S;Cr;Mn;Ni;Mo
1986Wilde,19,consistent_source_schema_with_blanks,19,57,,,Ti;V;Nb,C;N;Si;P;S;Cr;Mn;Ni;Mo
1988Baroux,21,consistent_source_schema_with_blanks,21,126,,,N;P;Ti;V;Nb;Mo,C;Si;S;Cr;Mn;Ni
1988Qvarfort,31,mixed_within_source,31,293,Mo,,C;N;Si;P;S;Ti;V;Mn;Nb,Cr;Ni
1988Roberge,6,mixed_within_source,6,30,P;Mo,,N;Ti;V;Nb,C;Si;S;Cr;Mn;Ni
1988Tanno,21,consistent_source_schema_with_blanks,21,84,,,N;Ti;V;Nb,C;Si;P;S;Cr;Mn;Ni;Mo
1988Tsuge,17,consistent_source_schema_with_blanks,17,51,,,Ti;V;Nb,C;N;Si;P;S;Cr;Mn;Ni;Mo
1989Lu,2,consistent_source_schema_with_blanks,2,12,,,Si;P;Ti;V;Mn;Nb,C;N;S;Cr;Ni;Mo
1989Pawel,6,mixed_within_source,6,24,P;S;Mo,,Ti;V;Nb,C;N;Si;Cr;Mn;Ni
1990Guo,8,consistent_source_schema_with_blanks,8,56,,,Si;P;S;Ti;V;Mn;Nb,C;N;Cr;Ni;Mo
1990Ives,2,consistent_source_schema_with_blanks,2,6,,,Ti;V;Nb,C;N;Si;P;S;Cr;Mn;Ni;Mo
1990Landolt,2,consistent_source_schema_with_blanks,2,16,,,C;Si;P;S;Ti;V;Mn;Nb,N;Cr;Ni;Mo
1990Nishimura,2,mixed_within_source,2,19,Mo,,C;N;Si;P;S;Ti;V;Mn;Nb,Cr;Ni
1991Azuma,12,consistent_source_schema_with_blanks,12,96,,,C;Si;P;S;Ti;V;Mn;Nb,N;Cr;Ni;Mo
1991Cortest,40,consistent_source_schema_with_blanks,40,360,,,C;N;Si;P;S;Ti;V;Mn;Nb,Cr;Ni;Mo
1991Mischler,4,mixed_within_source,4,26,Si,,C;N;P;Ti;V;Nb,S;Cr;Mn;Ni;Mo
1991Urgen,88,consistent_source_schema_with_blanks,88,352,,,N;Ti;V;Nb,C;Si;P;S;Cr;Mn;Ni;Mo
1992Malik,20,consistent_source_schema_with_blanks,20,160,,,N;Si;P;S;Ti;V;Mn;Nb,C;Cr;Ni;Mo
1992Mansfeld,8,mixed_within_source,8,76,Mo,,C;N;Si;P;S;Ti;V;Mn;Nb,Cr;Ni
1992Sabot,3,consistent_source_schema_with_blanks,3,9,,,Ti;V;Nb,C;N;Si;P;S;Cr;Mn;Ni;Mo
1993Lemaitre,53,consistent_source_schema_with_blanks,53,159,,,Ti;V;Nb,C;N;Si;P;S;Cr;Mn;Ni;Mo
1993Palit,4,consistent_source_schema_with_blanks,4,12,,,Ti;V;Nb,C;N;Si;P;S;Cr;Mn;Ni;Mo
1994Carroll,105,mixed_within_source,105,951,Mo,Mo,C;N;Si;P;S;Ti;V;Mn;Nb,Cr;Ni
1994Devaux,48,consistent_source_schema_with_blanks,48,144,,,Ti;V;Nb,C;N;Si;P;S;Cr;Mn;Ni;Mo
1994Malik,75,mixed_within_source,75,595,C;N;Si;S;Mn;Ni;Mo,,P;Ti;V;Nb,Cr
1994Sadough,2,consistent_source_schema_with_blanks,2,16,,,C;Si;P;S;Ti;V;Mn;Nb,N;Cr;Ni;Mo
1995Jackson,19,mixed_within_source,19,105,C;N;Si;V;Mn;Ni;Mo,,P;S;Ti;Nb,Cr
1995Malik,65,mixed_within_source,65,371,C;N;Si;P;S;Mn;Ni;Mo,N,Ti;V;Nb,Cr
1996Burstein,66,consistent_source_schema_with_blanks,66,66,,,V,C;N;Si;P;S;Ti;Cr;Mn;Ni;Nb;Mo
1996Garfias,4,consistent_source_schema_with_blanks,4,12,,,Ti;V;Nb,C;N;Si;P;S;Cr;Mn;Ni;Mo
1996Halada,1,consistent_source_schema_with_blanks,1,3,,,Ti;V;Nb,C;N;Si;P;S;Cr;Mn;Ni;Mo
1996Hong,48,consistent_source_schema_with_blanks,48,240,,,Si;S;Ti;V;Nb,C;N;P;Cr;Mn;Ni;Mo
1996Mudali,41,consistent_source_schema_with_blanks,41,123,,,Ti;V;Nb,C;N;Si;P;S;Cr;Mn;Ni;Mo
1996Olefjord,2,consistent_source_schema_with_blanks,2,6,,,Ti;V;Nb,C;N;Si;P;S;Cr;Mn;Ni;Mo
1997Drogowska,55,consistent_source_schema_with_blanks,55,55,,,N,C;Si;P;S;Ti;V;Cr;Mn;Ni;Nb;Mo
1997Hannani,4,consistent_source_schema_with_blanks,4,16,,,N;Ti;V;Nb,C;Si;P;S;Cr;Mn;Ni;Mo
1997Hong,4,consistent_source_schema_with_blanks,4,16,,,Ti;V;Nb;Mo,C;N;Si;P;S;Cr;Mn;Ni
1997Laycock,36,mixed_within_source,36,381,Cr;Ni;Mo,,C;N;Si;P;S;Ti;V;Mn;Nb,
1997Stellwag,64,consistent_source_schema_with_blanks,64,640,,,C;N;Si;P;S;Ti;V;Mn;Nb;Mo,Cr;Ni
1997Truman,3,consistent_source_schema_with_blanks,3,9,,,Ti;V;Nb,C;N;Si;P;S;Cr;Mn;Ni;Mo
1997Yashiro,35,consistent_source_schema_with_blanks,35,140,,,N;Ti;V;Nb,C;Si;P;S;Cr;Mn;Ni;Mo
1998Ahn,8,consistent_source_schema_with_blanks,8,48,,,P;S;Ti;V;Mn;Nb,C;N;Si;Cr;Ni;Mo
1998Chou,8,mixed_within_source,8,38,Ti,,N;V;Nb;Mo,C;Si;P;S;Cr;Mn;Ni
1998Fujimoto,10,consistent_source_schema_with_blanks,10,40,,,N;Ti;V;Nb,C;Si;P;S;Cr;Mn;Ni;Mo
1998Kwok,6,mixed_within_source,6,54,N;Mo,,C;Si;P;S;Ti;V;Mn;Nb,Cr;Ni
1998Lakatos_Varsanyi,2,consistent_source_schema_with_blanks,2,6,,,Ti;V;Nb,C;N;Si;P;S;Cr;Mn;Ni;Mo
1998Latha,9,mixed_within_source,9,72,N;Mn,,C;Si;P;S;Ti;V;Nb,Cr;Ni;Mo
1998Laycock,57,mixed_within_source,57,528,Mo,,C;N;Si;P;S;Ti;V;Mn;Nb,Cr;Ni
1998Wyllie,8,mixed_within_source,8,32,N;Mo,,Ti;V;Nb,C;Si;P;S;Cr;Mn;Ni
1998Yashiro,19,consistent_source_schema_with_blanks,19,76,,,N;Ti;V;Nb,C;Si;P;S;Cr;Mn;Ni;Mo
1999AbElMeguid,31,consistent_source_schema_with_blanks,31,279,,,C;N;Si;P;S;Ti;V;Mn;Nb,Cr;Ni;Mo
1999Jargelius,48,consistent_source_schema_with_blanks,48,192,,,S;Ti;V;Nb,C;N;Si;P;Cr;Mn;Ni;Mo
1999Kim,3,consistent_source_schema_with_blanks,3,24,,,C;Si;P;S;Ti;V;Mn;Nb,N;Cr;Ni;Mo
1999Wegrelius,1,consistent_source_schema_with_blanks,1,3,,,Ti;V;Nb,C;N;Si;P;S;Cr;Mn;Ni;Mo
2000DiSchino,3,mixed_within_source,3,23,C;N;Si;P;S;Ti;Mn;Ni;Mo,,V;Nb,Cr
2000Kaneko,15,consistent_source_schema_with_blanks,15,75,,,P;S;Ti;V;Nb,C;N;Si;Cr;Mn;Ni;Mo
2000Matsch,24,mixed_within_source,24,84,Mo,,Ti;V;Nb,C;N;Si;P;S;Cr;Mn;Ni
2000Noh,87,consistent_source_schema_with_blanks,87,87,,,N,C;Si;P;S;Ti;V;Cr;Mn;Ni;Nb;Mo
2000Russell,24,mixed_within_source,24,124,C,,Si;P;S;V;Nb,N;Ti;Cr;Mn;Ni;Mo
2001Lim,9,consistent_source_schema_with_blanks,9,36,,,C;Ti;V;Nb,N;Si;P;S;Cr;Mn;Ni;Mo
2002Alonso,30,mixed_within_source,30,105,Mo,,Ti;V;Nb,C;N;Si;P;S;Cr;Mn;Ni
2002Park,54,consistent_source_schema_with_blanks,54,486,,,C;N;Si;P;Ti;V;Mn;Nb;Mo,S;Cr;Ni
2002Zuo,39,consistent_source_schema_with_blanks,39,156,,,N;Ti;V;Nb,C;Si;P;S;Cr;Mn;Ni;Mo
2003Ilevbare,31,mixed_within_source,31,232,Mo,,C;N;P;S;Ti;V;Nb,Si;Cr;Mn;Ni
2004Alentejano,11,consistent_source_schema_with_blanks,11,110,,,C;N;Si;P;S;Ti;V;Mn;Nb;Mo,Cr;Ni
2004Elshawesh,12,consistent_source_schema_with_blanks,12,120,,,C;N;Si;P;S;Ti;V;Mn;Nb;Mo,Cr;Ni
2005Faller,7,consistent_source_schema_with_blanks,7,28,,,N;Ti;V;Nb,C;Si;P;S;Cr;Mn;Ni;Mo
2006Mathiesen,107,consistent_source_schema_with_blanks,107,321,,,Ti;V;Nb,C;N;Si;P;S;Cr;Mn;Ni;Mo
2006Muwila,23,mixed_within_source,23,154,C;N;S;Mn;Mo,,Si;P;Ti;V;Nb,Cr;Ni
2006Shin,15,consistent_source_schema_with_blanks,15,105,,,C;Si;P;S;Ti;V;Nb,N;Cr;Mn;Ni;Mo
2007Nielsen,61,consistent_source_schema_with_blanks,61,183,,,Ti;V;Nb,C;N;Si;P;S;Cr;Mn;Ni;Mo
2007Saithala,18,consistent_source_schema_with_blanks,18,144,,,C;Si;P;S;Ti;V;Mn;Nb,N;Cr;Ni;Mo
2007Yang,73,consistent_source_schema_with_blanks,73,511,,,Si;P;S;Ti;V;Mn;Nb,C;N;Cr;Ni;Mo
2008Deng,6,consistent_source_schema_with_blanks,6,18,,,Ti;V;Nb,C;N;Si;P;S;Cr;Mn;Ni;Mo
2008Lu,9,consistent_source_schema_with_blanks,9,45,,,N;Ti;V;Nb;Mo,C;Si;P;S;Cr;Mn;Ni
2008Pohjanne,67,consistent_source_schema_with_blanks,67,804,,,C;N;Si;P;S;Ti;V;Cr;Mn;Ni;Nb;Mo,
2009Ramana,68,consistent_source_schema_with_blanks,68,612,,,C;N;Si;P;S;Ti;V;Mn;Nb,Cr;Ni;Mo
2009Wong,92,consistent_source_schema_with_blanks,92,828,,,C;N;Si;P;S;Ti;V;Mn;Nb,Cr;Ni;Mo
2010Arcelor,56,mixed_within_source,56,409,C;N;Si;P;S;Mn;Mo,,Ti;V;Nb,Cr;Ni
2011Asaduzzaman,5,consistent_source_schema_with_blanks,5,45,,,N;Si;P;S;Ti;V;Mn;Nb;Mo,C;Cr;Ni
2011Dong,35,consistent_source_schema_with_blanks,35,210,,,Si;P;S;Ti;V;Nb,C;N;Cr;Mn;Ni;Mo
2011Ebrahimi,42,consistent_source_schema_with_blanks,42,42,,,Nb,C;N;Si;P;S;Ti;V;Cr;Mn;Ni;Mo
2011Elsener,53,mixed_within_source,53,495,S;Cr;Mn;Ni;Mo,,C;N;Si;P;Ti;V;Nb,
2011Elsenser_Bertolini,6,consistent_source_schema_with_blanks,6,60,,,C;N;Si;P;S;Ti;V;Mn;Nb;Mo,Cr;Ni
2011Kimbrel,21,consistent_source_schema_with_blanks,21,189,,,C;N;Si;P;S;Ti;V;Mn;Nb,Cr;Ni;Mo
2012Hara,67,consistent_source_schema_with_blanks,67,268,,,N;Ti;V;Nb,C;Si;P;S;Cr;Mn;Ni;Mo
2013DeAngelis,17,mixed_within_source,17,187,Cr;Ni,,C;N;Si;P;S;Ti;V;Mn;Nb;Mo,
2013Loto,10,consistent_source_schema_with_blanks,10,100,,,C;N;Si;P;S;Ti;V;Mn;Nb;Mo,Cr;Ni
2013Mesquita,30,consistent_source_schema_with_blanks,30,120,,,P;Ti;V;Nb,C;N;Si;S;Cr;Mn;Ni;Mo
2013Orlikowski,15,mixed_within_source,15,140,C;N;Si;P;S;Cr;Mn;Ni,,Ti;V;Nb;Mo,
2014Bikic,8,mixed_within_source,8,50,C;Si;P;S;Mn,,N;Ti;V;Nb;Mo,Cr;Ni
2014Jimenez-Come,16,consistent_source_schema_with_blanks,16,48,,,Ti;V;Nb,C;N;Si;P;S;Cr;Mn;Ni;Mo
2014Mameng,42,mixed_within_source,42,336,N;Mn,,C;Si;P;S;Ti;V;Nb,Cr;Ni;Mo
2014Mameng2,241,mixed_within_source,241,2047,N;Mn;Mo,,C;Si;P;S;Ti;V;Nb,Cr;Ni
2014Mendez,36,consistent_source_schema_with_blanks,36,180,,,C;N;Ti;V;Nb,Si;P;S;Cr;Mn;Ni;Mo
2014Tang,60,consistent_source_schema_with_blanks,60,240,,,N;Ti;V;Nb,C;Si;P;S;Cr;Mn;Ni;Mo
2014Zhou,87,consistent_source_schema_with_blanks,87,957,,,C;N;Si;P;Ti;V;Cr;Mn;Ni;Nb;Mo,S
2015AlAmeri,13,consistent_source_schema_with_blanks,13,52,,,N;Ti;V;Nb,C;Si;P;S;Cr;Mn;Ni;Mo
2015Blackwood,19,mixed_within_source,19,181,Mo,,C;N;Si;P;S;Ti;V;Mn;Nb,Cr;Ni
2015Hernandez,30,consistent_source_schema_with_blanks,30,120,,,Ti;V;Nb;Mo,C;N;Si;P;S;Cr;Mn;Ni
2015Wu,5,consistent_source_schema_with_blanks,5,50,,,C;N;Si;P;S;Ti;V;Mn;Nb;Mo,Cr;Ni
2016Alar,72,consistent_source_schema_with_blanks,72,720,,,C;N;Si;P;S;Ti;V;Mn;Nb;Mo,Cr;Ni
2017Haugan,16,consistent_source_schema_with_blanks,16,48,,,Ti;V;Nb,C;N;Si;P;S;Cr;Mn;Ni;Mo
2017Karlsson,19,consistent_source_schema_with_blanks,19,57,,,Ti;V;Nb,C;N;Si;P;S;Cr;Mn;Ni;Mo
2017Loto,17,mixed_within_source,17,162,Mo,,C;N;Si;P;S;Ti;V;Mn;Nb,Cr;Ni
2017Luo,4,consistent_source_schema_with_blanks,4,16,,,N;Ti;V;Nb,C;Si;P;S;Cr;Mn;Ni;Mo
2017Mameng,64,consistent_source_schema_with_blanks,64,320,,,P;S;Ti;V;Nb,C;N;Si;Cr;Mn;Ni;Mo
2017Salih,8,consistent_source_schema_with_blanks,8,40,,,P;S;Ti;V;Nb,C;N;Si;Cr;Mn;Ni;Mo
2018Ha,32,mixed_within_source,32,239,C;N;Mn;Ni;Mo,,Si;P;S;Ti;V;Nb,Cr
2018Huang,24,consistent_source_schema_with_blanks,24,72,,,Ti;V;Nb,C;N;Si;P;S;Cr;Mn;Ni;Mo
2018Shakir,8,consistent_source_schema_with_blanks,8,32,,,N;Ti;V;Nb,C;Si;P;S;Cr;Mn;Ni;Mo
2018Shi,5,consistent_source_schema_with_blanks,5,15,,,Ti;V;Nb,C;N;Si;P;S;Cr;Mn;Ni;Mo
2019Calderon-Hernandez,120,consistent_source_schema_with_blanks,120,360,,,Ti;V;Nb,C;N;Si;P;S;Cr;Mn;Ni;Mo
2019Dastgerdi1,29,consistent_source_schema_with_blanks,29,116,,,N;Ti;V;Nb,C;Si;P;S;Cr;Mn;Ni;Mo
2019Dastgerdi2,81,consistent_source_schema_with_blanks,81,324,,,N;Ti;V;Nb,C;Si;P;S;Cr;Mn;Ni;Mo
2019Ha,24,consistent_source_schema_with_blanks,24,72,,,Ti;V;Nb,C;N;Si;P;S;Cr;Mn;Ni;Mo
2019Li,4,consistent_source_schema_with_blanks,4,20,,,N;Ti;V;Nb;Mo,C;Si;P;S;Cr;Mn;Ni
2019Yoon,20,consistent_source_schema_with_blanks,20,80,,,Si;Ti;V;Nb,C;N;P;S;Cr;Mn;Ni;Mo
2019Zatkalikova,2,consistent_source_schema_with_blanks,2,4,,,V;Nb,C;N;Si;P;S;Ti;Cr;Mn;Ni;Mo
2020Elsener,8,mixed_within_source,8,64,N;Mo,,C;Si;P;Ti;V;Mn;Nb,S;Cr;Ni
2020Heyn,11,consistent_source_schema_with_blanks,11,33,,,Ti;V;Nb,C;N;Si;P;S;Cr;Mn;Ni;Mo
2020Melia,123,consistent_source_schema_with_blanks,123,369,,,Ti;V;Nb,C;N;Si;P;S;Cr;Mn;Ni;Mo
2020Sander,3,consistent_source_schema_with_blanks,3,36,,,C;N;Si;P;S;Ti;V;Cr;Mn;Ni;Nb;Mo,
2021Ornek,3,consistent_source_schema_with_blanks,3,24,,,C;Si;P;S;Ti;V;Mn;Nb,N;Cr;Ni;Mo
2021Vignal,7,mixed_within_source,7,25,P,,Ti;V;Nb,C;N;Si;S;Cr;Mn;Ni;Mo
2022Vasyliev,15,consistent_source_schema_with_blanks,15,60,,,N;Ti;V;Nb,C;Si;P;S;Cr;Mn;Ni;Mo
