model,model_kind,model_source,task_id,dataset,table,target,target_threshold_median,target_binning,target_bins,target_bin_edges,regression_output,regression_uncertainty,regression_quantile_alphas,n_samples,n_train,n_test,n_features,pitting_magpie_features,n_classes,class_labels,class_counts,positive_label,positive_rate,split_strategy,split_group_count,split_train_group_count,split_test_group_count,split_group_overlap_count,include_in_summary,summary_exclusion_reason,task_quality_flags,task_family,test_mae,test_rmse,test_r2,test_spearman,test_pearson,test_nmae_iqr,test_nrmse_iqr,feature_groups,feature_group_counts,dropped_feature_columns,test_pinball_loss,test_npinball_iqr,test_quantile_calibration_mae,test_quantile_calibration_max_error,test_interval_50_coverage,test_interval_50_coverage_error,test_interval_50_mean_width,test_interval_50_nwidth_iqr,test_interval_50_winkler,test_interval_50_nwinkler_iqr,test_interval_80_coverage,test_interval_80_coverage_error,test_interval_80_mean_width,test_interval_80_nwidth_iqr,test_interval_80_winkler,test_interval_80_nwinkler_iqr,test_interval_90_coverage,test_interval_90_coverage_error,test_interval_90_mean_width,test_interval_90_nwidth_iqr,test_interval_90_winkler,test_interval_90_nwinkler_iqr,checkpoint_name,checkpoint_step
generic_baseline,local_tabicl_regressor,/home/fcolanto/projects/tabicl/checkpoints/tabicl_s1_regression_baseline/step-500.ckpt,electrochemical_metrics_alloys__pitting_potential__epit_mv_sce_avg,electrochemical_metrics_alloys,Pitting Potential,"Epit, mV (SCE) Avg.",,continuous,0,,median,False,,608,487,121,21,False,0,,,,,epit_pipeline_development_fold_5,0,0,0,0,True,,,normal_corrosion,299.2889476550257,383.64789408665746,0.5594112591294603,0.7816241264060878,0.8345420087594598,0.6471112381730285,0.8295089601873675,"environment,material,process_history","{""environment"": 3, ""material"": 17, ""process_history"": 1}","Composition, wt.% N:numeric_sparse_0.34;Composition, wt.% C:numeric_sparse_0.45;Composition, wt.% Si:numeric_sparse_0.44;Composition, wt.% Mn:numeric_sparse_0.41;Composition, wt.% Cu:numeric_sparse_0.19;Composition, wt.% P:numeric_sparse_0.23;Composition, wt.% S:numeric_sparse_0.25;Test Solution:high_cardinality;Heat treatment:categorical_sparse_0.54;Microstructures:categorical_sparse_0.28",,,,,,,,,,,,,,,,,,,,,,,step-500,500
trial_0056,local_tabicl_regressor,/home/fcolanto/projects/tabicl/checkpoints/epit_pipeline_final_v1/final_epit_pipeline_optuna_empirical_features_scm_target_v7_trial_0056/step-500.ckpt,electrochemical_metrics_alloys__pitting_potential__epit_mv_sce_avg,electrochemical_metrics_alloys,Pitting Potential,"Epit, mV (SCE) Avg.",,continuous,0,,median,False,,608,487,121,21,False,0,,,,,epit_pipeline_development_fold_5,0,0,0,0,True,,,normal_corrosion,294.44772367819684,401.2917636866738,0.5179542594235118,0.8439552958933433,0.8277779946601569,0.636643726871777,0.867657867430646,"environment,material,process_history","{""environment"": 3, ""material"": 17, ""process_history"": 1}","Composition, wt.% N:numeric_sparse_0.34;Composition, wt.% C:numeric_sparse_0.45;Composition, wt.% Si:numeric_sparse_0.44;Composition, wt.% Mn:numeric_sparse_0.41;Composition, wt.% Cu:numeric_sparse_0.19;Composition, wt.% P:numeric_sparse_0.23;Composition, wt.% S:numeric_sparse_0.25;Test Solution:high_cardinality;Heat treatment:categorical_sparse_0.54;Microstructures:categorical_sparse_0.28",,,,,,,,,,,,,,,,,,,,,,,step-500,500
pretrained_tabicl_v2,pretrained_tabicl_regressor,/home/fcolanto/.cache/huggingface/hub/models--jingang--TabICL/snapshots/4dcd344ece2c00be9e831fdd35bed57b5ad83e19/tabicl-regressor-v2-20260212.ckpt,electrochemical_metrics_alloys__pitting_potential__epit_mv_sce_avg,electrochemical_metrics_alloys,Pitting Potential,"Epit, mV (SCE) Avg.",,continuous,0,,median,False,,608,487,121,21,False,0,,,,,epit_pipeline_development_fold_5,0,0,0,0,True,,,normal_corrosion,188.9494359413199,260.65988789830766,0.7966162897556599,0.8765706002620413,0.9273144092547476,0.4085393209542052,0.5635889468071517,"environment,material,process_history","{""environment"": 3, ""material"": 17, ""process_history"": 1}","Composition, wt.% N:numeric_sparse_0.34;Composition, wt.% C:numeric_sparse_0.45;Composition, wt.% Si:numeric_sparse_0.44;Composition, wt.% Mn:numeric_sparse_0.41;Composition, wt.% Cu:numeric_sparse_0.19;Composition, wt.% P:numeric_sparse_0.23;Composition, wt.% S:numeric_sparse_0.25;Test Solution:high_cardinality;Heat treatment:categorical_sparse_0.54;Microstructures:categorical_sparse_0.28",,,,,,,,,,,,,,,,,,,,,,,step-500,500
catboost,catboost_regressor,catboost==1.2.10;iterations=1000;depth=6;learning_rate=0.03;l2_leaf_reg=3;thread_count=8,electrochemical_metrics_alloys__pitting_potential__epit_mv_sce_avg,electrochemical_metrics_alloys,Pitting Potential,"Epit, mV (SCE) Avg.",,continuous,0,,median,False,,608,487,121,21,False,0,,,,,epit_pipeline_development_fold_5,0,0,0,0,True,,,normal_corrosion,184.17920914311293,245.27082356558748,0.8199224654334067,0.9112805160230547,0.9323509602938433,0.39822531706619013,0.5303152941958648,"environment,material,process_history","{""environment"": 3, ""material"": 17, ""process_history"": 1}","Composition, wt.% N:numeric_sparse_0.34;Composition, wt.% C:numeric_sparse_0.45;Composition, wt.% Si:numeric_sparse_0.44;Composition, wt.% Mn:numeric_sparse_0.41;Composition, wt.% Cu:numeric_sparse_0.19;Composition, wt.% P:numeric_sparse_0.23;Composition, wt.% S:numeric_sparse_0.25;Test Solution:high_cardinality;Heat treatment:categorical_sparse_0.54;Microstructures:categorical_sparse_0.28",,,,,,,,,,,,,,,,,,,,,,,step-500,500
generic_baseline,local_tabicl_regressor,/home/fcolanto/projects/tabicl/checkpoints/tabicl_s1_regression_baseline/step-1000.ckpt,electrochemical_metrics_alloys__pitting_potential__epit_mv_sce_avg,electrochemical_metrics_alloys,Pitting Potential,"Epit, mV (SCE) Avg.",,continuous,0,,median,False,,608,487,121,21,False,0,,,,,epit_pipeline_development_fold_5,0,0,0,0,True,,,normal_corrosion,288.14503180081596,384.71514441404514,0.5569565472778679,0.8353924659583482,0.8297094501259735,0.6230162849747372,0.8318165284628003,"environment,material,process_history","{""environment"": 3, ""material"": 17, ""process_history"": 1}","Composition, wt.% N:numeric_sparse_0.34;Composition, wt.% C:numeric_sparse_0.45;Composition, wt.% Si:numeric_sparse_0.44;Composition, wt.% Mn:numeric_sparse_0.41;Composition, wt.% Cu:numeric_sparse_0.19;Composition, wt.% P:numeric_sparse_0.23;Composition, wt.% S:numeric_sparse_0.25;Test Solution:high_cardinality;Heat treatment:categorical_sparse_0.54;Microstructures:categorical_sparse_0.28",,,,,,,,,,,,,,,,,,,,,,,step-1000,1000
trial_0056,local_tabicl_regressor,/home/fcolanto/projects/tabicl/checkpoints/epit_pipeline_final_v1/final_epit_pipeline_optuna_empirical_features_scm_target_v7_trial_0056/step-1000.ckpt,electrochemical_metrics_alloys__pitting_potential__epit_mv_sce_avg,electrochemical_metrics_alloys,Pitting Potential,"Epit, mV (SCE) Avg.",,continuous,0,,median,False,,608,487,121,21,False,0,,,,,epit_pipeline_development_fold_5,0,0,0,0,True,,,normal_corrosion,242.78598959374438,318.7549716356589,0.6958542922691615,0.9070993922731615,0.9071668997335323,0.5249426802026905,0.6891999386716948,"environment,material,process_history","{""environment"": 3, ""material"": 17, ""process_history"": 1}","Composition, wt.% N:numeric_sparse_0.34;Composition, wt.% C:numeric_sparse_0.45;Composition, wt.% Si:numeric_sparse_0.44;Composition, wt.% Mn:numeric_sparse_0.41;Composition, wt.% Cu:numeric_sparse_0.19;Composition, wt.% P:numeric_sparse_0.23;Composition, wt.% S:numeric_sparse_0.25;Test Solution:high_cardinality;Heat treatment:categorical_sparse_0.54;Microstructures:categorical_sparse_0.28",,,,,,,,,,,,,,,,,,,,,,,step-1000,1000
pretrained_tabicl_v2,pretrained_tabicl_regressor,/home/fcolanto/.cache/huggingface/hub/models--jingang--TabICL/snapshots/4dcd344ece2c00be9e831fdd35bed57b5ad83e19/tabicl-regressor-v2-20260212.ckpt,electrochemical_metrics_alloys__pitting_potential__epit_mv_sce_avg,electrochemical_metrics_alloys,Pitting Potential,"Epit, mV (SCE) Avg.",,continuous,0,,median,False,,608,487,121,21,False,0,,,,,epit_pipeline_development_fold_5,0,0,0,0,True,,,normal_corrosion,188.9494359413199,260.65988789830766,0.7966162897556599,0.8765706002620413,0.9273144092547476,0.4085393209542052,0.5635889468071517,"environment,material,process_history","{""environment"": 3, ""material"": 17, ""process_history"": 1}","Composition, wt.% N:numeric_sparse_0.34;Composition, wt.% C:numeric_sparse_0.45;Composition, wt.% Si:numeric_sparse_0.44;Composition, wt.% Mn:numeric_sparse_0.41;Composition, wt.% Cu:numeric_sparse_0.19;Composition, wt.% P:numeric_sparse_0.23;Composition, wt.% S:numeric_sparse_0.25;Test Solution:high_cardinality;Heat treatment:categorical_sparse_0.54;Microstructures:categorical_sparse_0.28",,,,,,,,,,,,,,,,,,,,,,,step-1000,1000
catboost,catboost_regressor,catboost==1.2.10;iterations=1000;depth=6;learning_rate=0.03;l2_leaf_reg=3;thread_count=8,electrochemical_metrics_alloys__pitting_potential__epit_mv_sce_avg,electrochemical_metrics_alloys,Pitting Potential,"Epit, mV (SCE) Avg.",,continuous,0,,median,False,,608,487,121,21,False,0,,,,,epit_pipeline_development_fold_5,0,0,0,0,True,,,normal_corrosion,184.17920914311293,245.27082356558748,0.8199224654334067,0.9112805160230547,0.9323509602938433,0.39822531706619013,0.5303152941958648,"environment,material,process_history","{""environment"": 3, ""material"": 17, ""process_history"": 1}","Composition, wt.% N:numeric_sparse_0.34;Composition, wt.% C:numeric_sparse_0.45;Composition, wt.% Si:numeric_sparse_0.44;Composition, wt.% Mn:numeric_sparse_0.41;Composition, wt.% Cu:numeric_sparse_0.19;Composition, wt.% P:numeric_sparse_0.23;Composition, wt.% S:numeric_sparse_0.25;Test Solution:high_cardinality;Heat treatment:categorical_sparse_0.54;Microstructures:categorical_sparse_0.28",,,,,,,,,,,,,,,,,,,,,,,step-1000,1000
generic_baseline,local_tabicl_regressor,/home/fcolanto/projects/tabicl/checkpoints/tabicl_s1_regression_baseline/step-1500.ckpt,electrochemical_metrics_alloys__pitting_potential__epit_mv_sce_avg,electrochemical_metrics_alloys,Pitting Potential,"Epit, mV (SCE) Avg.",,continuous,0,,median,False,,608,487,121,21,False,0,,,,,epit_pipeline_development_fold_5,0,0,0,0,True,,,normal_corrosion,270.1565804342338,365.9523826902721,0.5991176683186704,0.8998745045155093,0.8414066022233687,0.584122336074019,0.7912483950059938,"environment,material,process_history","{""environment"": 3, ""material"": 17, ""process_history"": 1}","Composition, wt.% N:numeric_sparse_0.34;Composition, wt.% C:numeric_sparse_0.45;Composition, wt.% Si:numeric_sparse_0.44;Composition, wt.% Mn:numeric_sparse_0.41;Composition, wt.% Cu:numeric_sparse_0.19;Composition, wt.% P:numeric_sparse_0.23;Composition, wt.% S:numeric_sparse_0.25;Test Solution:high_cardinality;Heat treatment:categorical_sparse_0.54;Microstructures:categorical_sparse_0.28",,,,,,,,,,,,,,,,,,,,,,,step-1500,1500
trial_0056,local_tabicl_regressor,/home/fcolanto/projects/tabicl/checkpoints/epit_pipeline_final_v1/final_epit_pipeline_optuna_empirical_features_scm_target_v7_trial_0056/step-1500.ckpt,electrochemical_metrics_alloys__pitting_potential__epit_mv_sce_avg,electrochemical_metrics_alloys,Pitting Potential,"Epit, mV (SCE) Avg.",,continuous,0,,median,False,,608,487,121,21,False,0,,,,,epit_pipeline_development_fold_5,0,0,0,0,True,,,normal_corrosion,206.73546421219896,268.0685669695414,0.784890523743725,0.9257289668943933,0.9321660346184792,0.4469955982966464,0.5796077123665759,"environment,material,process_history","{""environment"": 3, ""material"": 17, ""process_history"": 1}","Composition, wt.% N:numeric_sparse_0.34;Composition, wt.% C:numeric_sparse_0.45;Composition, wt.% Si:numeric_sparse_0.44;Composition, wt.% Mn:numeric_sparse_0.41;Composition, wt.% Cu:numeric_sparse_0.19;Composition, wt.% P:numeric_sparse_0.23;Composition, wt.% S:numeric_sparse_0.25;Test Solution:high_cardinality;Heat treatment:categorical_sparse_0.54;Microstructures:categorical_sparse_0.28",,,,,,,,,,,,,,,,,,,,,,,step-1500,1500
pretrained_tabicl_v2,pretrained_tabicl_regressor,/home/fcolanto/.cache/huggingface/hub/models--jingang--TabICL/snapshots/4dcd344ece2c00be9e831fdd35bed57b5ad83e19/tabicl-regressor-v2-20260212.ckpt,electrochemical_metrics_alloys__pitting_potential__epit_mv_sce_avg,electrochemical_metrics_alloys,Pitting Potential,"Epit, mV (SCE) Avg.",,continuous,0,,median,False,,608,487,121,21,False,0,,,,,epit_pipeline_development_fold_5,0,0,0,0,True,,,normal_corrosion,188.9494359413199,260.65988789830766,0.7966162897556599,0.8765706002620413,0.9273144092547476,0.4085393209542052,0.5635889468071517,"environment,material,process_history","{""environment"": 3, ""material"": 17, ""process_history"": 1}","Composition, wt.% N:numeric_sparse_0.34;Composition, wt.% C:numeric_sparse_0.45;Composition, wt.% Si:numeric_sparse_0.44;Composition, wt.% Mn:numeric_sparse_0.41;Composition, wt.% Cu:numeric_sparse_0.19;Composition, wt.% P:numeric_sparse_0.23;Composition, wt.% S:numeric_sparse_0.25;Test Solution:high_cardinality;Heat treatment:categorical_sparse_0.54;Microstructures:categorical_sparse_0.28",,,,,,,,,,,,,,,,,,,,,,,step-1500,1500
catboost,catboost_regressor,catboost==1.2.10;iterations=1000;depth=6;learning_rate=0.03;l2_leaf_reg=3;thread_count=8,electrochemical_metrics_alloys__pitting_potential__epit_mv_sce_avg,electrochemical_metrics_alloys,Pitting Potential,"Epit, mV (SCE) Avg.",,continuous,0,,median,False,,608,487,121,21,False,0,,,,,epit_pipeline_development_fold_5,0,0,0,0,True,,,normal_corrosion,184.17920914311293,245.27082356558748,0.8199224654334067,0.9112805160230547,0.9323509602938433,0.39822531706619013,0.5303152941958648,"environment,material,process_history","{""environment"": 3, ""material"": 17, ""process_history"": 1}","Composition, wt.% N:numeric_sparse_0.34;Composition, wt.% C:numeric_sparse_0.45;Composition, wt.% Si:numeric_sparse_0.44;Composition, wt.% Mn:numeric_sparse_0.41;Composition, wt.% Cu:numeric_sparse_0.19;Composition, wt.% P:numeric_sparse_0.23;Composition, wt.% S:numeric_sparse_0.25;Test Solution:high_cardinality;Heat treatment:categorical_sparse_0.54;Microstructures:categorical_sparse_0.28",,,,,,,,,,,,,,,,,,,,,,,step-1500,1500
generic_baseline,local_tabicl_regressor,/home/fcolanto/projects/tabicl/checkpoints/tabicl_s1_regression_baseline/step-2000.ckpt,electrochemical_metrics_alloys__pitting_potential__epit_mv_sce_avg,electrochemical_metrics_alloys,Pitting Potential,"Epit, mV (SCE) Avg.",,continuous,0,,median,False,,608,487,121,21,False,0,,,,,epit_pipeline_development_fold_5,0,0,0,0,True,,,normal_corrosion,230.86554866770487,304.42218642536886,0.7225911199100045,0.900192900881763,0.8946260121385479,0.49916875387611864,0.6582101328116083,"environment,material,process_history","{""environment"": 3, ""material"": 17, ""process_history"": 1}","Composition, wt.% N:numeric_sparse_0.34;Composition, wt.% C:numeric_sparse_0.45;Composition, wt.% Si:numeric_sparse_0.44;Composition, wt.% Mn:numeric_sparse_0.41;Composition, wt.% Cu:numeric_sparse_0.19;Composition, wt.% P:numeric_sparse_0.23;Composition, wt.% S:numeric_sparse_0.25;Test Solution:high_cardinality;Heat treatment:categorical_sparse_0.54;Microstructures:categorical_sparse_0.28",,,,,,,,,,,,,,,,,,,,,,,step-2000,2000
trial_0056,local_tabicl_regressor,/home/fcolanto/projects/tabicl/checkpoints/epit_pipeline_final_v1/final_epit_pipeline_optuna_empirical_features_scm_target_v7_trial_0056/step-2000.ckpt,electrochemical_metrics_alloys__pitting_potential__epit_mv_sce_avg,electrochemical_metrics_alloys,Pitting Potential,"Epit, mV (SCE) Avg.",,continuous,0,,median,False,,608,487,121,21,False,0,,,,,epit_pipeline_development_fold_5,0,0,0,0,True,,,normal_corrosion,197.55684974555544,260.2463827513009,0.7972610648632757,0.9203162286680788,0.9304562576583589,0.42714994539579554,0.5626948816244345,"environment,material,process_history","{""environment"": 3, ""material"": 17, ""process_history"": 1}","Composition, wt.% N:numeric_sparse_0.34;Composition, wt.% C:numeric_sparse_0.45;Composition, wt.% Si:numeric_sparse_0.44;Composition, wt.% Mn:numeric_sparse_0.41;Composition, wt.% Cu:numeric_sparse_0.19;Composition, wt.% P:numeric_sparse_0.23;Composition, wt.% S:numeric_sparse_0.25;Test Solution:high_cardinality;Heat treatment:categorical_sparse_0.54;Microstructures:categorical_sparse_0.28",,,,,,,,,,,,,,,,,,,,,,,step-2000,2000
pretrained_tabicl_v2,pretrained_tabicl_regressor,/home/fcolanto/.cache/huggingface/hub/models--jingang--TabICL/snapshots/4dcd344ece2c00be9e831fdd35bed57b5ad83e19/tabicl-regressor-v2-20260212.ckpt,electrochemical_metrics_alloys__pitting_potential__epit_mv_sce_avg,electrochemical_metrics_alloys,Pitting Potential,"Epit, mV (SCE) Avg.",,continuous,0,,median,False,,608,487,121,21,False,0,,,,,epit_pipeline_development_fold_5,0,0,0,0,True,,,normal_corrosion,188.9494359413199,260.65988789830766,0.7966162897556599,0.8765706002620413,0.9273144092547476,0.4085393209542052,0.5635889468071517,"environment,material,process_history","{""environment"": 3, ""material"": 17, ""process_history"": 1}","Composition, wt.% N:numeric_sparse_0.34;Composition, wt.% C:numeric_sparse_0.45;Composition, wt.% Si:numeric_sparse_0.44;Composition, wt.% Mn:numeric_sparse_0.41;Composition, wt.% Cu:numeric_sparse_0.19;Composition, wt.% P:numeric_sparse_0.23;Composition, wt.% S:numeric_sparse_0.25;Test Solution:high_cardinality;Heat treatment:categorical_sparse_0.54;Microstructures:categorical_sparse_0.28",,,,,,,,,,,,,,,,,,,,,,,step-2000,2000
catboost,catboost_regressor,catboost==1.2.10;iterations=1000;depth=6;learning_rate=0.03;l2_leaf_reg=3;thread_count=8,electrochemical_metrics_alloys__pitting_potential__epit_mv_sce_avg,electrochemical_metrics_alloys,Pitting Potential,"Epit, mV (SCE) Avg.",,continuous,0,,median,False,,608,487,121,21,False,0,,,,,epit_pipeline_development_fold_5,0,0,0,0,True,,,normal_corrosion,184.17920914311293,245.27082356558748,0.8199224654334067,0.9112805160230547,0.9323509602938433,0.39822531706619013,0.5303152941958648,"environment,material,process_history","{""environment"": 3, ""material"": 17, ""process_history"": 1}","Composition, wt.% N:numeric_sparse_0.34;Composition, wt.% C:numeric_sparse_0.45;Composition, wt.% Si:numeric_sparse_0.44;Composition, wt.% Mn:numeric_sparse_0.41;Composition, wt.% Cu:numeric_sparse_0.19;Composition, wt.% P:numeric_sparse_0.23;Composition, wt.% S:numeric_sparse_0.25;Test Solution:high_cardinality;Heat treatment:categorical_sparse_0.54;Microstructures:categorical_sparse_0.28",,,,,,,,,,,,,,,,,,,,,,,step-2000,2000
generic_baseline,local_tabicl_regressor,/home/fcolanto/projects/tabicl/checkpoints/tabicl_s1_regression_baseline/step-2500.ckpt,electrochemical_metrics_alloys__pitting_potential__epit_mv_sce_avg,electrochemical_metrics_alloys,Pitting Potential,"Epit, mV (SCE) Avg.",,continuous,0,,median,False,,608,487,121,21,False,0,,,,,epit_pipeline_development_fold_5,0,0,0,0,True,,,normal_corrosion,218.8600228422674,285.69906795976516,0.7556651562710973,0.8916436197283106,0.9244019601147272,0.4732108601994971,0.6177277145076003,"environment,material,process_history","{""environment"": 3, ""material"": 17, ""process_history"": 1}","Composition, wt.% N:numeric_sparse_0.34;Composition, wt.% C:numeric_sparse_0.45;Composition, wt.% Si:numeric_sparse_0.44;Composition, wt.% Mn:numeric_sparse_0.41;Composition, wt.% Cu:numeric_sparse_0.19;Composition, wt.% P:numeric_sparse_0.23;Composition, wt.% S:numeric_sparse_0.25;Test Solution:high_cardinality;Heat treatment:categorical_sparse_0.54;Microstructures:categorical_sparse_0.28",,,,,,,,,,,,,,,,,,,,,,,step-2500,2500
trial_0056,local_tabicl_regressor,/home/fcolanto/projects/tabicl/checkpoints/epit_pipeline_final_v1/final_epit_pipeline_optuna_empirical_features_scm_target_v7_trial_0056/step-2500.ckpt,electrochemical_metrics_alloys__pitting_potential__epit_mv_sce_avg,electrochemical_metrics_alloys,Pitting Potential,"Epit, mV (SCE) Avg.",,continuous,0,,median,False,,608,487,121,21,False,0,,,,,epit_pipeline_development_fold_5,0,0,0,0,True,,,normal_corrosion,222.99723479163953,299.3717113975483,0.7317193946961225,0.8715880358497082,0.8948428765704285,0.48215618333327465,0.6472901868055099,"environment,material,process_history","{""environment"": 3, ""material"": 17, ""process_history"": 1}","Composition, wt.% N:numeric_sparse_0.34;Composition, wt.% C:numeric_sparse_0.45;Composition, wt.% Si:numeric_sparse_0.44;Composition, wt.% Mn:numeric_sparse_0.41;Composition, wt.% Cu:numeric_sparse_0.19;Composition, wt.% P:numeric_sparse_0.23;Composition, wt.% S:numeric_sparse_0.25;Test Solution:high_cardinality;Heat treatment:categorical_sparse_0.54;Microstructures:categorical_sparse_0.28",,,,,,,,,,,,,,,,,,,,,,,step-2500,2500
pretrained_tabicl_v2,pretrained_tabicl_regressor,/home/fcolanto/.cache/huggingface/hub/models--jingang--TabICL/snapshots/4dcd344ece2c00be9e831fdd35bed57b5ad83e19/tabicl-regressor-v2-20260212.ckpt,electrochemical_metrics_alloys__pitting_potential__epit_mv_sce_avg,electrochemical_metrics_alloys,Pitting Potential,"Epit, mV (SCE) Avg.",,continuous,0,,median,False,,608,487,121,21,False,0,,,,,epit_pipeline_development_fold_5,0,0,0,0,True,,,normal_corrosion,188.9494359413199,260.65988789830766,0.7966162897556599,0.8765706002620413,0.9273144092547476,0.4085393209542052,0.5635889468071517,"environment,material,process_history","{""environment"": 3, ""material"": 17, ""process_history"": 1}","Composition, wt.% N:numeric_sparse_0.34;Composition, wt.% C:numeric_sparse_0.45;Composition, wt.% Si:numeric_sparse_0.44;Composition, wt.% Mn:numeric_sparse_0.41;Composition, wt.% Cu:numeric_sparse_0.19;Composition, wt.% P:numeric_sparse_0.23;Composition, wt.% S:numeric_sparse_0.25;Test Solution:high_cardinality;Heat treatment:categorical_sparse_0.54;Microstructures:categorical_sparse_0.28",,,,,,,,,,,,,,,,,,,,,,,step-2500,2500
catboost,catboost_regressor,catboost==1.2.10;iterations=1000;depth=6;learning_rate=0.03;l2_leaf_reg=3;thread_count=8,electrochemical_metrics_alloys__pitting_potential__epit_mv_sce_avg,electrochemical_metrics_alloys,Pitting Potential,"Epit, mV (SCE) Avg.",,continuous,0,,median,False,,608,487,121,21,False,0,,,,,epit_pipeline_development_fold_5,0,0,0,0,True,,,normal_corrosion,184.17920914311293,245.27082356558748,0.8199224654334067,0.9112805160230547,0.9323509602938433,0.39822531706619013,0.5303152941958648,"environment,material,process_history","{""environment"": 3, ""material"": 17, ""process_history"": 1}","Composition, wt.% N:numeric_sparse_0.34;Composition, wt.% C:numeric_sparse_0.45;Composition, wt.% Si:numeric_sparse_0.44;Composition, wt.% Mn:numeric_sparse_0.41;Composition, wt.% Cu:numeric_sparse_0.19;Composition, wt.% P:numeric_sparse_0.23;Composition, wt.% S:numeric_sparse_0.25;Test Solution:high_cardinality;Heat treatment:categorical_sparse_0.54;Microstructures:categorical_sparse_0.28",,,,,,,,,,,,,,,,,,,,,,,step-2500,2500
generic_baseline,local_tabicl_regressor,/home/fcolanto/projects/tabicl/checkpoints/tabicl_s1_regression_baseline/step-3000.ckpt,electrochemical_metrics_alloys__pitting_potential__epit_mv_sce_avg,electrochemical_metrics_alloys,Pitting Potential,"Epit, mV (SCE) Avg.",,continuous,0,,median,False,,608,487,121,21,False,0,,,,,epit_pipeline_development_fold_5,0,0,0,0,True,,,normal_corrosion,253.18036838195943,326.5387600182233,0.6808188494223728,0.8600343123891591,0.8927642855271634,0.5474170127177501,0.7060297513907531,"environment,material,process_history","{""environment"": 3, ""material"": 17, ""process_history"": 1}","Composition, wt.% N:numeric_sparse_0.34;Composition, wt.% C:numeric_sparse_0.45;Composition, wt.% Si:numeric_sparse_0.44;Composition, wt.% Mn:numeric_sparse_0.41;Composition, wt.% Cu:numeric_sparse_0.19;Composition, wt.% P:numeric_sparse_0.23;Composition, wt.% S:numeric_sparse_0.25;Test Solution:high_cardinality;Heat treatment:categorical_sparse_0.54;Microstructures:categorical_sparse_0.28",,,,,,,,,,,,,,,,,,,,,,,step-3000,3000
trial_0056,local_tabicl_regressor,/home/fcolanto/projects/tabicl/checkpoints/epit_pipeline_final_v1/final_epit_pipeline_optuna_empirical_features_scm_target_v7_trial_0056/step-3000.ckpt,electrochemical_metrics_alloys__pitting_potential__epit_mv_sce_avg,electrochemical_metrics_alloys,Pitting Potential,"Epit, mV (SCE) Avg.",,continuous,0,,median,False,,608,487,121,21,False,0,,,,,epit_pipeline_development_fold_5,0,0,0,0,True,,,normal_corrosion,202.81819547491042,267.0780968483827,0.786477176749351,0.8795377834198956,0.9193253411887995,0.43852582805386037,0.5774661553478545,"environment,material,process_history","{""environment"": 3, ""material"": 17, ""process_history"": 1}","Composition, wt.% N:numeric_sparse_0.34;Composition, wt.% C:numeric_sparse_0.45;Composition, wt.% Si:numeric_sparse_0.44;Composition, wt.% Mn:numeric_sparse_0.41;Composition, wt.% Cu:numeric_sparse_0.19;Composition, wt.% P:numeric_sparse_0.23;Composition, wt.% S:numeric_sparse_0.25;Test Solution:high_cardinality;Heat treatment:categorical_sparse_0.54;Microstructures:categorical_sparse_0.28",,,,,,,,,,,,,,,,,,,,,,,step-3000,3000
pretrained_tabicl_v2,pretrained_tabicl_regressor,/home/fcolanto/.cache/huggingface/hub/models--jingang--TabICL/snapshots/4dcd344ece2c00be9e831fdd35bed57b5ad83e19/tabicl-regressor-v2-20260212.ckpt,electrochemical_metrics_alloys__pitting_potential__epit_mv_sce_avg,electrochemical_metrics_alloys,Pitting Potential,"Epit, mV (SCE) Avg.",,continuous,0,,median,False,,608,487,121,21,False,0,,,,,epit_pipeline_development_fold_5,0,0,0,0,True,,,normal_corrosion,188.9494359413199,260.65988789830766,0.7966162897556599,0.8765706002620413,0.9273144092547476,0.4085393209542052,0.5635889468071517,"environment,material,process_history","{""environment"": 3, ""material"": 17, ""process_history"": 1}","Composition, wt.% N:numeric_sparse_0.34;Composition, wt.% C:numeric_sparse_0.45;Composition, wt.% Si:numeric_sparse_0.44;Composition, wt.% Mn:numeric_sparse_0.41;Composition, wt.% Cu:numeric_sparse_0.19;Composition, wt.% P:numeric_sparse_0.23;Composition, wt.% S:numeric_sparse_0.25;Test Solution:high_cardinality;Heat treatment:categorical_sparse_0.54;Microstructures:categorical_sparse_0.28",,,,,,,,,,,,,,,,,,,,,,,step-3000,3000
catboost,catboost_regressor,catboost==1.2.10;iterations=1000;depth=6;learning_rate=0.03;l2_leaf_reg=3;thread_count=8,electrochemical_metrics_alloys__pitting_potential__epit_mv_sce_avg,electrochemical_metrics_alloys,Pitting Potential,"Epit, mV (SCE) Avg.",,continuous,0,,median,False,,608,487,121,21,False,0,,,,,epit_pipeline_development_fold_5,0,0,0,0,True,,,normal_corrosion,184.17920914311293,245.27082356558748,0.8199224654334067,0.9112805160230547,0.9323509602938433,0.39822531706619013,0.5303152941958648,"environment,material,process_history","{""environment"": 3, ""material"": 17, ""process_history"": 1}","Composition, wt.% N:numeric_sparse_0.34;Composition, wt.% C:numeric_sparse_0.45;Composition, wt.% Si:numeric_sparse_0.44;Composition, wt.% Mn:numeric_sparse_0.41;Composition, wt.% Cu:numeric_sparse_0.19;Composition, wt.% P:numeric_sparse_0.23;Composition, wt.% S:numeric_sparse_0.25;Test Solution:high_cardinality;Heat treatment:categorical_sparse_0.54;Microstructures:categorical_sparse_0.28",,,,,,,,,,,,,,,,,,,,,,,step-3000,3000
generic_baseline,local_tabicl_regressor,/home/fcolanto/projects/tabicl/checkpoints/tabicl_s1_regression_baseline/step-3500.ckpt,electrochemical_metrics_alloys__pitting_potential__epit_mv_sce_avg,electrochemical_metrics_alloys,Pitting Potential,"Epit, mV (SCE) Avg.",,continuous,0,,median,False,,608,487,121,21,False,0,,,,,epit_pipeline_development_fold_5,0,0,0,0,True,,,normal_corrosion,251.5277572878866,321.7843174287063,0.6900458138413461,0.8703855814877925,0.9162288477885794,0.5438437995413764,0.6957498755215271,"environment,material,process_history","{""environment"": 3, ""material"": 17, ""process_history"": 1}","Composition, wt.% N:numeric_sparse_0.34;Composition, wt.% C:numeric_sparse_0.45;Composition, wt.% Si:numeric_sparse_0.44;Composition, wt.% Mn:numeric_sparse_0.41;Composition, wt.% Cu:numeric_sparse_0.19;Composition, wt.% P:numeric_sparse_0.23;Composition, wt.% S:numeric_sparse_0.25;Test Solution:high_cardinality;Heat treatment:categorical_sparse_0.54;Microstructures:categorical_sparse_0.28",,,,,,,,,,,,,,,,,,,,,,,step-3500,3500
trial_0056,local_tabicl_regressor,/home/fcolanto/projects/tabicl/checkpoints/epit_pipeline_final_v1/final_epit_pipeline_optuna_empirical_features_scm_target_v7_trial_0056/step-3500.ckpt,electrochemical_metrics_alloys__pitting_potential__epit_mv_sce_avg,electrochemical_metrics_alloys,Pitting Potential,"Epit, mV (SCE) Avg.",,continuous,0,,median,False,,608,487,121,21,False,0,,,,,epit_pipeline_development_fold_5,0,0,0,0,True,,,normal_corrosion,229.9142675851732,303.04725724258964,0.7250913070944887,0.875395243463211,0.9098900471169833,0.49711192991388803,0.6552373129569505,"environment,material,process_history","{""environment"": 3, ""material"": 17, ""process_history"": 1}","Composition, wt.% N:numeric_sparse_0.34;Composition, wt.% C:numeric_sparse_0.45;Composition, wt.% Si:numeric_sparse_0.44;Composition, wt.% Mn:numeric_sparse_0.41;Composition, wt.% Cu:numeric_sparse_0.19;Composition, wt.% P:numeric_sparse_0.23;Composition, wt.% S:numeric_sparse_0.25;Test Solution:high_cardinality;Heat treatment:categorical_sparse_0.54;Microstructures:categorical_sparse_0.28",,,,,,,,,,,,,,,,,,,,,,,step-3500,3500
pretrained_tabicl_v2,pretrained_tabicl_regressor,/home/fcolanto/.cache/huggingface/hub/models--jingang--TabICL/snapshots/4dcd344ece2c00be9e831fdd35bed57b5ad83e19/tabicl-regressor-v2-20260212.ckpt,electrochemical_metrics_alloys__pitting_potential__epit_mv_sce_avg,electrochemical_metrics_alloys,Pitting Potential,"Epit, mV (SCE) Avg.",,continuous,0,,median,False,,608,487,121,21,False,0,,,,,epit_pipeline_development_fold_5,0,0,0,0,True,,,normal_corrosion,188.9494359413199,260.65988789830766,0.7966162897556599,0.8765706002620413,0.9273144092547476,0.4085393209542052,0.5635889468071517,"environment,material,process_history","{""environment"": 3, ""material"": 17, ""process_history"": 1}","Composition, wt.% N:numeric_sparse_0.34;Composition, wt.% C:numeric_sparse_0.45;Composition, wt.% Si:numeric_sparse_0.44;Composition, wt.% Mn:numeric_sparse_0.41;Composition, wt.% Cu:numeric_sparse_0.19;Composition, wt.% P:numeric_sparse_0.23;Composition, wt.% S:numeric_sparse_0.25;Test Solution:high_cardinality;Heat treatment:categorical_sparse_0.54;Microstructures:categorical_sparse_0.28",,,,,,,,,,,,,,,,,,,,,,,step-3500,3500
catboost,catboost_regressor,catboost==1.2.10;iterations=1000;depth=6;learning_rate=0.03;l2_leaf_reg=3;thread_count=8,electrochemical_metrics_alloys__pitting_potential__epit_mv_sce_avg,electrochemical_metrics_alloys,Pitting Potential,"Epit, mV (SCE) Avg.",,continuous,0,,median,False,,608,487,121,21,False,0,,,,,epit_pipeline_development_fold_5,0,0,0,0,True,,,normal_corrosion,184.17920914311293,245.27082356558748,0.8199224654334067,0.9112805160230547,0.9323509602938433,0.39822531706619013,0.5303152941958648,"environment,material,process_history","{""environment"": 3, ""material"": 17, ""process_history"": 1}","Composition, wt.% N:numeric_sparse_0.34;Composition, wt.% C:numeric_sparse_0.45;Composition, wt.% Si:numeric_sparse_0.44;Composition, wt.% Mn:numeric_sparse_0.41;Composition, wt.% Cu:numeric_sparse_0.19;Composition, wt.% P:numeric_sparse_0.23;Composition, wt.% S:numeric_sparse_0.25;Test Solution:high_cardinality;Heat treatment:categorical_sparse_0.54;Microstructures:categorical_sparse_0.28",,,,,,,,,,,,,,,,,,,,,,,step-3500,3500
generic_baseline,local_tabicl_regressor,/home/fcolanto/projects/tabicl/checkpoints/tabicl_s1_regression_baseline/step-4000.ckpt,electrochemical_metrics_alloys__pitting_potential__epit_mv_sce_avg,electrochemical_metrics_alloys,Pitting Potential,"Epit, mV (SCE) Avg.",,continuous,0,,median,False,,608,487,121,21,False,0,,,,,epit_pipeline_development_fold_5,0,0,0,0,True,,,normal_corrosion,211.71372560811838,280.32836899675027,0.7647650443463359,0.8764554356189282,0.9225086208808552,0.45775940672025595,0.606115392425406,"environment,material,process_history","{""environment"": 3, ""material"": 17, ""process_history"": 1}","Composition, wt.% N:numeric_sparse_0.34;Composition, wt.% C:numeric_sparse_0.45;Composition, wt.% Si:numeric_sparse_0.44;Composition, wt.% Mn:numeric_sparse_0.41;Composition, wt.% Cu:numeric_sparse_0.19;Composition, wt.% P:numeric_sparse_0.23;Composition, wt.% S:numeric_sparse_0.25;Test Solution:high_cardinality;Heat treatment:categorical_sparse_0.54;Microstructures:categorical_sparse_0.28",,,,,,,,,,,,,,,,,,,,,,,step-4000,4000
trial_0056,local_tabicl_regressor,/home/fcolanto/projects/tabicl/checkpoints/epit_pipeline_final_v1/final_epit_pipeline_optuna_empirical_features_scm_target_v7_trial_0056/step-4000.ckpt,electrochemical_metrics_alloys__pitting_potential__epit_mv_sce_avg,electrochemical_metrics_alloys,Pitting Potential,"Epit, mV (SCE) Avg.",,continuous,0,,median,False,,608,487,121,21,False,0,,,,,epit_pipeline_development_fold_5,0,0,0,0,True,,,normal_corrosion,218.8389191803598,284.5394452085644,0.7576445902928568,0.8796461736722375,0.9185135864300282,0.4731652306602374,0.6152204220725717,"environment,material,process_history","{""environment"": 3, ""material"": 17, ""process_history"": 1}","Composition, wt.% N:numeric_sparse_0.34;Composition, wt.% C:numeric_sparse_0.45;Composition, wt.% Si:numeric_sparse_0.44;Composition, wt.% Mn:numeric_sparse_0.41;Composition, wt.% Cu:numeric_sparse_0.19;Composition, wt.% P:numeric_sparse_0.23;Composition, wt.% S:numeric_sparse_0.25;Test Solution:high_cardinality;Heat treatment:categorical_sparse_0.54;Microstructures:categorical_sparse_0.28",,,,,,,,,,,,,,,,,,,,,,,step-4000,4000
pretrained_tabicl_v2,pretrained_tabicl_regressor,/home/fcolanto/.cache/huggingface/hub/models--jingang--TabICL/snapshots/4dcd344ece2c00be9e831fdd35bed57b5ad83e19/tabicl-regressor-v2-20260212.ckpt,electrochemical_metrics_alloys__pitting_potential__epit_mv_sce_avg,electrochemical_metrics_alloys,Pitting Potential,"Epit, mV (SCE) Avg.",,continuous,0,,median,False,,608,487,121,21,False,0,,,,,epit_pipeline_development_fold_5,0,0,0,0,True,,,normal_corrosion,188.9494359413199,260.65988789830766,0.7966162897556599,0.8765706002620413,0.9273144092547476,0.4085393209542052,0.5635889468071517,"environment,material,process_history","{""environment"": 3, ""material"": 17, ""process_history"": 1}","Composition, wt.% N:numeric_sparse_0.34;Composition, wt.% C:numeric_sparse_0.45;Composition, wt.% Si:numeric_sparse_0.44;Composition, wt.% Mn:numeric_sparse_0.41;Composition, wt.% Cu:numeric_sparse_0.19;Composition, wt.% P:numeric_sparse_0.23;Composition, wt.% S:numeric_sparse_0.25;Test Solution:high_cardinality;Heat treatment:categorical_sparse_0.54;Microstructures:categorical_sparse_0.28",,,,,,,,,,,,,,,,,,,,,,,step-4000,4000
catboost,catboost_regressor,catboost==1.2.10;iterations=1000;depth=6;learning_rate=0.03;l2_leaf_reg=3;thread_count=8,electrochemical_metrics_alloys__pitting_potential__epit_mv_sce_avg,electrochemical_metrics_alloys,Pitting Potential,"Epit, mV (SCE) Avg.",,continuous,0,,median,False,,608,487,121,21,False,0,,,,,epit_pipeline_development_fold_5,0,0,0,0,True,,,normal_corrosion,184.17920914311293,245.27082356558748,0.8199224654334067,0.9112805160230547,0.9323509602938433,0.39822531706619013,0.5303152941958648,"environment,material,process_history","{""environment"": 3, ""material"": 17, ""process_history"": 1}","Composition, wt.% N:numeric_sparse_0.34;Composition, wt.% C:numeric_sparse_0.45;Composition, wt.% Si:numeric_sparse_0.44;Composition, wt.% Mn:numeric_sparse_0.41;Composition, wt.% Cu:numeric_sparse_0.19;Composition, wt.% P:numeric_sparse_0.23;Composition, wt.% S:numeric_sparse_0.25;Test Solution:high_cardinality;Heat treatment:categorical_sparse_0.54;Microstructures:categorical_sparse_0.28",,,,,,,,,,,,,,,,,,,,,,,step-4000,4000
generic_baseline,local_tabicl_regressor,/home/fcolanto/projects/tabicl/checkpoints/tabicl_s1_regression_baseline/step-4500.ckpt,electrochemical_metrics_alloys__pitting_potential__epit_mv_sce_avg,electrochemical_metrics_alloys,Pitting Potential,"Epit, mV (SCE) Avg.",,continuous,0,,median,False,,608,487,121,21,False,0,,,,,epit_pipeline_development_fold_5,0,0,0,0,True,,,normal_corrosion,222.3880280166363,290.6504456936633,0.7471227593341991,0.8850656862893229,0.9250942856361614,0.4808389794954298,0.6284333960944072,"environment,material,process_history","{""environment"": 3, ""material"": 17, ""process_history"": 1}","Composition, wt.% N:numeric_sparse_0.34;Composition, wt.% C:numeric_sparse_0.45;Composition, wt.% Si:numeric_sparse_0.44;Composition, wt.% Mn:numeric_sparse_0.41;Composition, wt.% Cu:numeric_sparse_0.19;Composition, wt.% P:numeric_sparse_0.23;Composition, wt.% S:numeric_sparse_0.25;Test Solution:high_cardinality;Heat treatment:categorical_sparse_0.54;Microstructures:categorical_sparse_0.28",,,,,,,,,,,,,,,,,,,,,,,step-4500,4500
trial_0056,local_tabicl_regressor,/home/fcolanto/projects/tabicl/checkpoints/epit_pipeline_final_v1/final_epit_pipeline_optuna_empirical_features_scm_target_v7_trial_0056/step-4500.ckpt,electrochemical_metrics_alloys__pitting_potential__epit_mv_sce_avg,electrochemical_metrics_alloys,Pitting Potential,"Epit, mV (SCE) Avg.",,continuous,0,,median,False,,608,487,121,21,False,0,,,,,epit_pipeline_development_fold_5,0,0,0,0,True,,,normal_corrosion,202.0675955901206,260.53476359383916,0.7968115030471399,0.8941738546814123,0.9258285093537882,0.4369029093840445,0.563318407770463,"environment,material,process_history","{""environment"": 3, ""material"": 17, ""process_history"": 1}","Composition, wt.% N:numeric_sparse_0.34;Composition, wt.% C:numeric_sparse_0.45;Composition, wt.% Si:numeric_sparse_0.44;Composition, wt.% Mn:numeric_sparse_0.41;Composition, wt.% Cu:numeric_sparse_0.19;Composition, wt.% P:numeric_sparse_0.23;Composition, wt.% S:numeric_sparse_0.25;Test Solution:high_cardinality;Heat treatment:categorical_sparse_0.54;Microstructures:categorical_sparse_0.28",,,,,,,,,,,,,,,,,,,,,,,step-4500,4500
pretrained_tabicl_v2,pretrained_tabicl_regressor,/home/fcolanto/.cache/huggingface/hub/models--jingang--TabICL/snapshots/4dcd344ece2c00be9e831fdd35bed57b5ad83e19/tabicl-regressor-v2-20260212.ckpt,electrochemical_metrics_alloys__pitting_potential__epit_mv_sce_avg,electrochemical_metrics_alloys,Pitting Potential,"Epit, mV (SCE) Avg.",,continuous,0,,median,False,,608,487,121,21,False,0,,,,,epit_pipeline_development_fold_5,0,0,0,0,True,,,normal_corrosion,188.9494359413199,260.65988789830766,0.7966162897556599,0.8765706002620413,0.9273144092547476,0.4085393209542052,0.5635889468071517,"environment,material,process_history","{""environment"": 3, ""material"": 17, ""process_history"": 1}","Composition, wt.% N:numeric_sparse_0.34;Composition, wt.% C:numeric_sparse_0.45;Composition, wt.% Si:numeric_sparse_0.44;Composition, wt.% Mn:numeric_sparse_0.41;Composition, wt.% Cu:numeric_sparse_0.19;Composition, wt.% P:numeric_sparse_0.23;Composition, wt.% S:numeric_sparse_0.25;Test Solution:high_cardinality;Heat treatment:categorical_sparse_0.54;Microstructures:categorical_sparse_0.28",,,,,,,,,,,,,,,,,,,,,,,step-4500,4500
catboost,catboost_regressor,catboost==1.2.10;iterations=1000;depth=6;learning_rate=0.03;l2_leaf_reg=3;thread_count=8,electrochemical_metrics_alloys__pitting_potential__epit_mv_sce_avg,electrochemical_metrics_alloys,Pitting Potential,"Epit, mV (SCE) Avg.",,continuous,0,,median,False,,608,487,121,21,False,0,,,,,epit_pipeline_development_fold_5,0,0,0,0,True,,,normal_corrosion,184.17920914311293,245.27082356558748,0.8199224654334067,0.9112805160230547,0.9323509602938433,0.39822531706619013,0.5303152941958648,"environment,material,process_history","{""environment"": 3, ""material"": 17, ""process_history"": 1}","Composition, wt.% N:numeric_sparse_0.34;Composition, wt.% C:numeric_sparse_0.45;Composition, wt.% Si:numeric_sparse_0.44;Composition, wt.% Mn:numeric_sparse_0.41;Composition, wt.% Cu:numeric_sparse_0.19;Composition, wt.% P:numeric_sparse_0.23;Composition, wt.% S:numeric_sparse_0.25;Test Solution:high_cardinality;Heat treatment:categorical_sparse_0.54;Microstructures:categorical_sparse_0.28",,,,,,,,,,,,,,,,,,,,,,,step-4500,4500
generic_baseline,local_tabicl_regressor,/home/fcolanto/projects/tabicl/checkpoints/tabicl_s1_regression_baseline/step-5000.ckpt,electrochemical_metrics_alloys__pitting_potential__epit_mv_sce_avg,electrochemical_metrics_alloys,Pitting Potential,"Epit, mV (SCE) Avg.",,continuous,0,,median,False,,608,487,121,21,False,0,,,,,epit_pipeline_development_fold_5,0,0,0,0,True,,,normal_corrosion,262.60453999365075,334.02053912196243,0.6660248890883151,0.8838395215597075,0.9230301623126079,0.5677935999862719,0.7222065710745134,"environment,material,process_history","{""environment"": 3, ""material"": 17, ""process_history"": 1}","Composition, wt.% N:numeric_sparse_0.34;Composition, wt.% C:numeric_sparse_0.45;Composition, wt.% Si:numeric_sparse_0.44;Composition, wt.% Mn:numeric_sparse_0.41;Composition, wt.% Cu:numeric_sparse_0.19;Composition, wt.% P:numeric_sparse_0.23;Composition, wt.% S:numeric_sparse_0.25;Test Solution:high_cardinality;Heat treatment:categorical_sparse_0.54;Microstructures:categorical_sparse_0.28",,,,,,,,,,,,,,,,,,,,,,,step-5000,5000
trial_0056,local_tabicl_regressor,/home/fcolanto/projects/tabicl/checkpoints/epit_pipeline_final_v1/final_epit_pipeline_optuna_empirical_features_scm_target_v7_trial_0056/step-5000.ckpt,electrochemical_metrics_alloys__pitting_potential__epit_mv_sce_avg,electrochemical_metrics_alloys,Pitting Potential,"Epit, mV (SCE) Avg.",,continuous,0,,median,False,,608,487,121,21,False,0,,,,,epit_pipeline_development_fold_5,0,0,0,0,True,,,normal_corrosion,208.7847871759451,272.26464444124457,0.7781036008141567,0.8931915680195657,0.9262105267585654,0.4514265668669083,0.5886803123053936,"environment,material,process_history","{""environment"": 3, ""material"": 17, ""process_history"": 1}","Composition, wt.% N:numeric_sparse_0.34;Composition, wt.% C:numeric_sparse_0.45;Composition, wt.% Si:numeric_sparse_0.44;Composition, wt.% Mn:numeric_sparse_0.41;Composition, wt.% Cu:numeric_sparse_0.19;Composition, wt.% P:numeric_sparse_0.23;Composition, wt.% S:numeric_sparse_0.25;Test Solution:high_cardinality;Heat treatment:categorical_sparse_0.54;Microstructures:categorical_sparse_0.28",,,,,,,,,,,,,,,,,,,,,,,step-5000,5000
pretrained_tabicl_v2,pretrained_tabicl_regressor,/home/fcolanto/.cache/huggingface/hub/models--jingang--TabICL/snapshots/4dcd344ece2c00be9e831fdd35bed57b5ad83e19/tabicl-regressor-v2-20260212.ckpt,electrochemical_metrics_alloys__pitting_potential__epit_mv_sce_avg,electrochemical_metrics_alloys,Pitting Potential,"Epit, mV (SCE) Avg.",,continuous,0,,median,False,,608,487,121,21,False,0,,,,,epit_pipeline_development_fold_5,0,0,0,0,True,,,normal_corrosion,188.9494359413199,260.65988789830766,0.7966162897556599,0.8765706002620413,0.9273144092547476,0.4085393209542052,0.5635889468071517,"environment,material,process_history","{""environment"": 3, ""material"": 17, ""process_history"": 1}","Composition, wt.% N:numeric_sparse_0.34;Composition, wt.% C:numeric_sparse_0.45;Composition, wt.% Si:numeric_sparse_0.44;Composition, wt.% Mn:numeric_sparse_0.41;Composition, wt.% Cu:numeric_sparse_0.19;Composition, wt.% P:numeric_sparse_0.23;Composition, wt.% S:numeric_sparse_0.25;Test Solution:high_cardinality;Heat treatment:categorical_sparse_0.54;Microstructures:categorical_sparse_0.28",,,,,,,,,,,,,,,,,,,,,,,step-5000,5000
catboost,catboost_regressor,catboost==1.2.10;iterations=1000;depth=6;learning_rate=0.03;l2_leaf_reg=3;thread_count=8,electrochemical_metrics_alloys__pitting_potential__epit_mv_sce_avg,electrochemical_metrics_alloys,Pitting Potential,"Epit, mV (SCE) Avg.",,continuous,0,,median,False,,608,487,121,21,False,0,,,,,epit_pipeline_development_fold_5,0,0,0,0,True,,,normal_corrosion,184.17920914311293,245.27082356558748,0.8199224654334067,0.9112805160230547,0.9323509602938433,0.39822531706619013,0.5303152941958648,"environment,material,process_history","{""environment"": 3, ""material"": 17, ""process_history"": 1}","Composition, wt.% N:numeric_sparse_0.34;Composition, wt.% C:numeric_sparse_0.45;Composition, wt.% Si:numeric_sparse_0.44;Composition, wt.% Mn:numeric_sparse_0.41;Composition, wt.% Cu:numeric_sparse_0.19;Composition, wt.% P:numeric_sparse_0.23;Composition, wt.% S:numeric_sparse_0.25;Test Solution:high_cardinality;Heat treatment:categorical_sparse_0.54;Microstructures:categorical_sparse_0.28",,,,,,,,,,,,,,,,,,,,,,,step-5000,5000
generic_baseline,local_tabicl_regressor,/home/fcolanto/projects/tabicl/checkpoints/tabicl_s1_regression_baseline/step-5500.ckpt,electrochemical_metrics_alloys__pitting_potential__epit_mv_sce_avg,electrochemical_metrics_alloys,Pitting Potential,"Epit, mV (SCE) Avg.",,continuous,0,,median,False,,608,487,121,21,False,0,,,,,epit_pipeline_development_fold_5,0,0,0,0,True,,,normal_corrosion,215.33114901721825,283.1203985030651,0.76005589792349,0.8820646311776118,0.9221273274883688,0.4655808627399314,0.6121522129796002,"environment,material,process_history","{""environment"": 3, ""material"": 17, ""process_history"": 1}","Composition, wt.% N:numeric_sparse_0.34;Composition, wt.% C:numeric_sparse_0.45;Composition, wt.% Si:numeric_sparse_0.44;Composition, wt.% Mn:numeric_sparse_0.41;Composition, wt.% Cu:numeric_sparse_0.19;Composition, wt.% P:numeric_sparse_0.23;Composition, wt.% S:numeric_sparse_0.25;Test Solution:high_cardinality;Heat treatment:categorical_sparse_0.54;Microstructures:categorical_sparse_0.28",,,,,,,,,,,,,,,,,,,,,,,step-5500,5500
trial_0056,local_tabicl_regressor,/home/fcolanto/projects/tabicl/checkpoints/epit_pipeline_final_v1/final_epit_pipeline_optuna_empirical_features_scm_target_v7_trial_0056/step-5500.ckpt,electrochemical_metrics_alloys__pitting_potential__epit_mv_sce_avg,electrochemical_metrics_alloys,Pitting Potential,"Epit, mV (SCE) Avg.",,continuous,0,,median,False,,608,487,121,21,False,0,,,,,epit_pipeline_development_fold_5,0,0,0,0,True,,,normal_corrosion,210.45750481419728,274.59414844981325,0.7742902529991423,0.8962027847174338,0.9245996739963666,0.45504325365231846,0.5937170777293259,"environment,material,process_history","{""environment"": 3, ""material"": 17, ""process_history"": 1}","Composition, wt.% N:numeric_sparse_0.34;Composition, wt.% C:numeric_sparse_0.45;Composition, wt.% Si:numeric_sparse_0.44;Composition, wt.% Mn:numeric_sparse_0.41;Composition, wt.% Cu:numeric_sparse_0.19;Composition, wt.% P:numeric_sparse_0.23;Composition, wt.% S:numeric_sparse_0.25;Test Solution:high_cardinality;Heat treatment:categorical_sparse_0.54;Microstructures:categorical_sparse_0.28",,,,,,,,,,,,,,,,,,,,,,,step-5500,5500
pretrained_tabicl_v2,pretrained_tabicl_regressor,/home/fcolanto/.cache/huggingface/hub/models--jingang--TabICL/snapshots/4dcd344ece2c00be9e831fdd35bed57b5ad83e19/tabicl-regressor-v2-20260212.ckpt,electrochemical_metrics_alloys__pitting_potential__epit_mv_sce_avg,electrochemical_metrics_alloys,Pitting Potential,"Epit, mV (SCE) Avg.",,continuous,0,,median,False,,608,487,121,21,False,0,,,,,epit_pipeline_development_fold_5,0,0,0,0,True,,,normal_corrosion,188.9494359413199,260.65988789830766,0.7966162897556599,0.8765706002620413,0.9273144092547476,0.4085393209542052,0.5635889468071517,"environment,material,process_history","{""environment"": 3, ""material"": 17, ""process_history"": 1}","Composition, wt.% N:numeric_sparse_0.34;Composition, wt.% C:numeric_sparse_0.45;Composition, wt.% Si:numeric_sparse_0.44;Composition, wt.% Mn:numeric_sparse_0.41;Composition, wt.% Cu:numeric_sparse_0.19;Composition, wt.% P:numeric_sparse_0.23;Composition, wt.% S:numeric_sparse_0.25;Test Solution:high_cardinality;Heat treatment:categorical_sparse_0.54;Microstructures:categorical_sparse_0.28",,,,,,,,,,,,,,,,,,,,,,,step-5500,5500
catboost,catboost_regressor,catboost==1.2.10;iterations=1000;depth=6;learning_rate=0.03;l2_leaf_reg=3;thread_count=8,electrochemical_metrics_alloys__pitting_potential__epit_mv_sce_avg,electrochemical_metrics_alloys,Pitting Potential,"Epit, mV (SCE) Avg.",,continuous,0,,median,False,,608,487,121,21,False,0,,,,,epit_pipeline_development_fold_5,0,0,0,0,True,,,normal_corrosion,184.17920914311293,245.27082356558748,0.8199224654334067,0.9112805160230547,0.9323509602938433,0.39822531706619013,0.5303152941958648,"environment,material,process_history","{""environment"": 3, ""material"": 17, ""process_history"": 1}","Composition, wt.% N:numeric_sparse_0.34;Composition, wt.% C:numeric_sparse_0.45;Composition, wt.% Si:numeric_sparse_0.44;Composition, wt.% Mn:numeric_sparse_0.41;Composition, wt.% Cu:numeric_sparse_0.19;Composition, wt.% P:numeric_sparse_0.23;Composition, wt.% S:numeric_sparse_0.25;Test Solution:high_cardinality;Heat treatment:categorical_sparse_0.54;Microstructures:categorical_sparse_0.28",,,,,,,,,,,,,,,,,,,,,,,step-5500,5500
generic_baseline,local_tabicl_regressor,/home/fcolanto/projects/tabicl/checkpoints/tabicl_s1_regression_baseline/step-6000.ckpt,electrochemical_metrics_alloys__pitting_potential__epit_mv_sce_avg,electrochemical_metrics_alloys,Pitting Potential,"Epit, mV (SCE) Avg.",,continuous,0,,median,False,,608,487,121,21,False,0,,,,,epit_pipeline_development_fold_5,0,0,0,0,True,,,normal_corrosion,216.42882056066233,280.4040827433899,0.7646379582072196,0.886772832763705,0.9268273797383159,0.4679542066176483,0.6062790978235457,"environment,material,process_history","{""environment"": 3, ""material"": 17, ""process_history"": 1}","Composition, wt.% N:numeric_sparse_0.34;Composition, wt.% C:numeric_sparse_0.45;Composition, wt.% Si:numeric_sparse_0.44;Composition, wt.% Mn:numeric_sparse_0.41;Composition, wt.% Cu:numeric_sparse_0.19;Composition, wt.% P:numeric_sparse_0.23;Composition, wt.% S:numeric_sparse_0.25;Test Solution:high_cardinality;Heat treatment:categorical_sparse_0.54;Microstructures:categorical_sparse_0.28",,,,,,,,,,,,,,,,,,,,,,,step-6000,6000
trial_0056,local_tabicl_regressor,/home/fcolanto/projects/tabicl/checkpoints/epit_pipeline_final_v1/final_epit_pipeline_optuna_empirical_features_scm_target_v7_trial_0056/step-6000.ckpt,electrochemical_metrics_alloys__pitting_potential__epit_mv_sce_avg,electrochemical_metrics_alloys,Pitting Potential,"Epit, mV (SCE) Avg.",,continuous,0,,median,False,,608,487,121,21,False,0,,,,,epit_pipeline_development_fold_5,0,0,0,0,True,,,normal_corrosion,208.3357545579505,272.7076244227696,0.7773809537182689,0.889878890932372,0.9225950419866498,0.4504556855307038,0.5896381068600424,"environment,material,process_history","{""environment"": 3, ""material"": 17, ""process_history"": 1}","Composition, wt.% N:numeric_sparse_0.34;Composition, wt.% C:numeric_sparse_0.45;Composition, wt.% Si:numeric_sparse_0.44;Composition, wt.% Mn:numeric_sparse_0.41;Composition, wt.% Cu:numeric_sparse_0.19;Composition, wt.% P:numeric_sparse_0.23;Composition, wt.% S:numeric_sparse_0.25;Test Solution:high_cardinality;Heat treatment:categorical_sparse_0.54;Microstructures:categorical_sparse_0.28",,,,,,,,,,,,,,,,,,,,,,,step-6000,6000
pretrained_tabicl_v2,pretrained_tabicl_regressor,/home/fcolanto/.cache/huggingface/hub/models--jingang--TabICL/snapshots/4dcd344ece2c00be9e831fdd35bed57b5ad83e19/tabicl-regressor-v2-20260212.ckpt,electrochemical_metrics_alloys__pitting_potential__epit_mv_sce_avg,electrochemical_metrics_alloys,Pitting Potential,"Epit, mV (SCE) Avg.",,continuous,0,,median,False,,608,487,121,21,False,0,,,,,epit_pipeline_development_fold_5,0,0,0,0,True,,,normal_corrosion,188.9494359413199,260.65988789830766,0.7966162897556599,0.8765706002620413,0.9273144092547476,0.4085393209542052,0.5635889468071517,"environment,material,process_history","{""environment"": 3, ""material"": 17, ""process_history"": 1}","Composition, wt.% N:numeric_sparse_0.34;Composition, wt.% C:numeric_sparse_0.45;Composition, wt.% Si:numeric_sparse_0.44;Composition, wt.% Mn:numeric_sparse_0.41;Composition, wt.% Cu:numeric_sparse_0.19;Composition, wt.% P:numeric_sparse_0.23;Composition, wt.% S:numeric_sparse_0.25;Test Solution:high_cardinality;Heat treatment:categorical_sparse_0.54;Microstructures:categorical_sparse_0.28",,,,,,,,,,,,,,,,,,,,,,,step-6000,6000
catboost,catboost_regressor,catboost==1.2.10;iterations=1000;depth=6;learning_rate=0.03;l2_leaf_reg=3;thread_count=8,electrochemical_metrics_alloys__pitting_potential__epit_mv_sce_avg,electrochemical_metrics_alloys,Pitting Potential,"Epit, mV (SCE) Avg.",,continuous,0,,median,False,,608,487,121,21,False,0,,,,,epit_pipeline_development_fold_5,0,0,0,0,True,,,normal_corrosion,184.17920914311293,245.27082356558748,0.8199224654334067,0.9112805160230547,0.9323509602938433,0.39822531706619013,0.5303152941958648,"environment,material,process_history","{""environment"": 3, ""material"": 17, ""process_history"": 1}","Composition, wt.% N:numeric_sparse_0.34;Composition, wt.% C:numeric_sparse_0.45;Composition, wt.% Si:numeric_sparse_0.44;Composition, wt.% Mn:numeric_sparse_0.41;Composition, wt.% Cu:numeric_sparse_0.19;Composition, wt.% P:numeric_sparse_0.23;Composition, wt.% S:numeric_sparse_0.25;Test Solution:high_cardinality;Heat treatment:categorical_sparse_0.54;Microstructures:categorical_sparse_0.28",,,,,,,,,,,,,,,,,,,,,,,step-6000,6000
generic_baseline,local_tabicl_regressor,/home/fcolanto/projects/tabicl/checkpoints/tabicl_s1_regression_baseline/step-6500.ckpt,electrochemical_metrics_alloys__pitting_potential__epit_mv_sce_avg,electrochemical_metrics_alloys,Pitting Potential,"Epit, mV (SCE) Avg.",,continuous,0,,median,False,,608,487,121,21,False,0,,,,,epit_pipeline_development_fold_5,0,0,0,0,True,,,normal_corrosion,229.1909896340982,296.4257353144631,0.7369734617593648,0.8843001801321596,0.928536603389442,0.4955480856953475,0.6409205087880283,"environment,material,process_history","{""environment"": 3, ""material"": 17, ""process_history"": 1}","Composition, wt.% N:numeric_sparse_0.34;Composition, wt.% C:numeric_sparse_0.45;Composition, wt.% Si:numeric_sparse_0.44;Composition, wt.% Mn:numeric_sparse_0.41;Composition, wt.% Cu:numeric_sparse_0.19;Composition, wt.% P:numeric_sparse_0.23;Composition, wt.% S:numeric_sparse_0.25;Test Solution:high_cardinality;Heat treatment:categorical_sparse_0.54;Microstructures:categorical_sparse_0.28",,,,,,,,,,,,,,,,,,,,,,,step-6500,6500
trial_0056,local_tabicl_regressor,/home/fcolanto/projects/tabicl/checkpoints/epit_pipeline_final_v1/final_epit_pipeline_optuna_empirical_features_scm_target_v7_trial_0056/step-6500.ckpt,electrochemical_metrics_alloys__pitting_potential__epit_mv_sce_avg,electrochemical_metrics_alloys,Pitting Potential,"Epit, mV (SCE) Avg.",,continuous,0,,median,False,,608,487,121,21,False,0,,,,,epit_pipeline_development_fold_5,0,0,0,0,True,,,normal_corrosion,206.6879812566447,269.52684528654146,0.7825437904779238,0.8959148731096511,0.9215089370724485,0.44689293244679934,0.582760746565495,"environment,material,process_history","{""environment"": 3, ""material"": 17, ""process_history"": 1}","Composition, wt.% N:numeric_sparse_0.34;Composition, wt.% C:numeric_sparse_0.45;Composition, wt.% Si:numeric_sparse_0.44;Composition, wt.% Mn:numeric_sparse_0.41;Composition, wt.% Cu:numeric_sparse_0.19;Composition, wt.% P:numeric_sparse_0.23;Composition, wt.% S:numeric_sparse_0.25;Test Solution:high_cardinality;Heat treatment:categorical_sparse_0.54;Microstructures:categorical_sparse_0.28",,,,,,,,,,,,,,,,,,,,,,,step-6500,6500
pretrained_tabicl_v2,pretrained_tabicl_regressor,/home/fcolanto/.cache/huggingface/hub/models--jingang--TabICL/snapshots/4dcd344ece2c00be9e831fdd35bed57b5ad83e19/tabicl-regressor-v2-20260212.ckpt,electrochemical_metrics_alloys__pitting_potential__epit_mv_sce_avg,electrochemical_metrics_alloys,Pitting Potential,"Epit, mV (SCE) Avg.",,continuous,0,,median,False,,608,487,121,21,False,0,,,,,epit_pipeline_development_fold_5,0,0,0,0,True,,,normal_corrosion,188.9494359413199,260.65988789830766,0.7966162897556599,0.8765706002620413,0.9273144092547476,0.4085393209542052,0.5635889468071517,"environment,material,process_history","{""environment"": 3, ""material"": 17, ""process_history"": 1}","Composition, wt.% N:numeric_sparse_0.34;Composition, wt.% C:numeric_sparse_0.45;Composition, wt.% Si:numeric_sparse_0.44;Composition, wt.% Mn:numeric_sparse_0.41;Composition, wt.% Cu:numeric_sparse_0.19;Composition, wt.% P:numeric_sparse_0.23;Composition, wt.% S:numeric_sparse_0.25;Test Solution:high_cardinality;Heat treatment:categorical_sparse_0.54;Microstructures:categorical_sparse_0.28",,,,,,,,,,,,,,,,,,,,,,,step-6500,6500
catboost,catboost_regressor,catboost==1.2.10;iterations=1000;depth=6;learning_rate=0.03;l2_leaf_reg=3;thread_count=8,electrochemical_metrics_alloys__pitting_potential__epit_mv_sce_avg,electrochemical_metrics_alloys,Pitting Potential,"Epit, mV (SCE) Avg.",,continuous,0,,median,False,,608,487,121,21,False,0,,,,,epit_pipeline_development_fold_5,0,0,0,0,True,,,normal_corrosion,184.17920914311293,245.27082356558748,0.8199224654334067,0.9112805160230547,0.9323509602938433,0.39822531706619013,0.5303152941958648,"environment,material,process_history","{""environment"": 3, ""material"": 17, ""process_history"": 1}","Composition, wt.% N:numeric_sparse_0.34;Composition, wt.% C:numeric_sparse_0.45;Composition, wt.% Si:numeric_sparse_0.44;Composition, wt.% Mn:numeric_sparse_0.41;Composition, wt.% Cu:numeric_sparse_0.19;Composition, wt.% P:numeric_sparse_0.23;Composition, wt.% S:numeric_sparse_0.25;Test Solution:high_cardinality;Heat treatment:categorical_sparse_0.54;Microstructures:categorical_sparse_0.28",,,,,,,,,,,,,,,,,,,,,,,step-6500,6500
generic_baseline,local_tabicl_regressor,/home/fcolanto/projects/tabicl/checkpoints/tabicl_s1_regression_baseline/step-7000.ckpt,electrochemical_metrics_alloys__pitting_potential__epit_mv_sce_avg,electrochemical_metrics_alloys,Pitting Potential,"Epit, mV (SCE) Avg.",,continuous,0,,median,False,,608,487,121,21,False,0,,,,,epit_pipeline_development_fold_5,0,0,0,0,True,,,normal_corrosion,205.1916842242648,261.5981948295844,0.7951493987287532,0.8974187878608924,0.9411903711164711,0.443657695620032,0.5656177185504527,"environment,material,process_history","{""environment"": 3, ""material"": 17, ""process_history"": 1}","Composition, wt.% N:numeric_sparse_0.34;Composition, wt.% C:numeric_sparse_0.45;Composition, wt.% Si:numeric_sparse_0.44;Composition, wt.% Mn:numeric_sparse_0.41;Composition, wt.% Cu:numeric_sparse_0.19;Composition, wt.% P:numeric_sparse_0.23;Composition, wt.% S:numeric_sparse_0.25;Test Solution:high_cardinality;Heat treatment:categorical_sparse_0.54;Microstructures:categorical_sparse_0.28",,,,,,,,,,,,,,,,,,,,,,,step-7000,7000
trial_0056,local_tabicl_regressor,/home/fcolanto/projects/tabicl/checkpoints/epit_pipeline_final_v1/final_epit_pipeline_optuna_empirical_features_scm_target_v7_trial_0056/step-7000.ckpt,electrochemical_metrics_alloys__pitting_potential__epit_mv_sce_avg,electrochemical_metrics_alloys,Pitting Potential,"Epit, mV (SCE) Avg.",,continuous,0,,median,False,,608,487,121,21,False,0,,,,,epit_pipeline_development_fold_5,0,0,0,0,True,,,normal_corrosion,227.66918154577982,289.98760241226574,0.7482748432326736,0.8899974427708709,0.9217485895450923,0.49225768982871315,0.6270002214319259,"environment,material,process_history","{""environment"": 3, ""material"": 17, ""process_history"": 1}","Composition, wt.% N:numeric_sparse_0.34;Composition, wt.% C:numeric_sparse_0.45;Composition, wt.% Si:numeric_sparse_0.44;Composition, wt.% Mn:numeric_sparse_0.41;Composition, wt.% Cu:numeric_sparse_0.19;Composition, wt.% P:numeric_sparse_0.23;Composition, wt.% S:numeric_sparse_0.25;Test Solution:high_cardinality;Heat treatment:categorical_sparse_0.54;Microstructures:categorical_sparse_0.28",,,,,,,,,,,,,,,,,,,,,,,step-7000,7000
pretrained_tabicl_v2,pretrained_tabicl_regressor,/home/fcolanto/.cache/huggingface/hub/models--jingang--TabICL/snapshots/4dcd344ece2c00be9e831fdd35bed57b5ad83e19/tabicl-regressor-v2-20260212.ckpt,electrochemical_metrics_alloys__pitting_potential__epit_mv_sce_avg,electrochemical_metrics_alloys,Pitting Potential,"Epit, mV (SCE) Avg.",,continuous,0,,median,False,,608,487,121,21,False,0,,,,,epit_pipeline_development_fold_5,0,0,0,0,True,,,normal_corrosion,188.9494359413199,260.65988789830766,0.7966162897556599,0.8765706002620413,0.9273144092547476,0.4085393209542052,0.5635889468071517,"environment,material,process_history","{""environment"": 3, ""material"": 17, ""process_history"": 1}","Composition, wt.% N:numeric_sparse_0.34;Composition, wt.% C:numeric_sparse_0.45;Composition, wt.% Si:numeric_sparse_0.44;Composition, wt.% Mn:numeric_sparse_0.41;Composition, wt.% Cu:numeric_sparse_0.19;Composition, wt.% P:numeric_sparse_0.23;Composition, wt.% S:numeric_sparse_0.25;Test Solution:high_cardinality;Heat treatment:categorical_sparse_0.54;Microstructures:categorical_sparse_0.28",,,,,,,,,,,,,,,,,,,,,,,step-7000,7000
catboost,catboost_regressor,catboost==1.2.10;iterations=1000;depth=6;learning_rate=0.03;l2_leaf_reg=3;thread_count=8,electrochemical_metrics_alloys__pitting_potential__epit_mv_sce_avg,electrochemical_metrics_alloys,Pitting Potential,"Epit, mV (SCE) Avg.",,continuous,0,,median,False,,608,487,121,21,False,0,,,,,epit_pipeline_development_fold_5,0,0,0,0,True,,,normal_corrosion,184.17920914311293,245.27082356558748,0.8199224654334067,0.9112805160230547,0.9323509602938433,0.39822531706619013,0.5303152941958648,"environment,material,process_history","{""environment"": 3, ""material"": 17, ""process_history"": 1}","Composition, wt.% N:numeric_sparse_0.34;Composition, wt.% C:numeric_sparse_0.45;Composition, wt.% Si:numeric_sparse_0.44;Composition, wt.% Mn:numeric_sparse_0.41;Composition, wt.% Cu:numeric_sparse_0.19;Composition, wt.% P:numeric_sparse_0.23;Composition, wt.% S:numeric_sparse_0.25;Test Solution:high_cardinality;Heat treatment:categorical_sparse_0.54;Microstructures:categorical_sparse_0.28",,,,,,,,,,,,,,,,,,,,,,,step-7000,7000
generic_baseline,local_tabicl_regressor,/home/fcolanto/projects/tabicl/checkpoints/tabicl_s1_regression_baseline/step-7500.ckpt,electrochemical_metrics_alloys__pitting_potential__epit_mv_sce_avg,electrochemical_metrics_alloys,Pitting Potential,"Epit, mV (SCE) Avg.",,continuous,0,,median,False,,608,487,121,21,False,0,,,,,epit_pipeline_development_fold_5,0,0,0,0,True,,,normal_corrosion,216.27309919573463,276.9263527307888,0.7704399402588811,0.892883333239469,0.9321880426852781,0.46761751177456135,0.5987596815800839,"environment,material,process_history","{""environment"": 3, ""material"": 17, ""process_history"": 1}","Composition, wt.% N:numeric_sparse_0.34;Composition, wt.% C:numeric_sparse_0.45;Composition, wt.% Si:numeric_sparse_0.44;Composition, wt.% Mn:numeric_sparse_0.41;Composition, wt.% Cu:numeric_sparse_0.19;Composition, wt.% P:numeric_sparse_0.23;Composition, wt.% S:numeric_sparse_0.25;Test Solution:high_cardinality;Heat treatment:categorical_sparse_0.54;Microstructures:categorical_sparse_0.28",,,,,,,,,,,,,,,,,,,,,,,step-7500,7500
trial_0056,local_tabicl_regressor,/home/fcolanto/projects/tabicl/checkpoints/epit_pipeline_final_v1/final_epit_pipeline_optuna_empirical_features_scm_target_v7_trial_0056/step-7500.ckpt,electrochemical_metrics_alloys__pitting_potential__epit_mv_sce_avg,electrochemical_metrics_alloys,Pitting Potential,"Epit, mV (SCE) Avg.",,continuous,0,,median,False,,608,487,121,21,False,0,,,,,epit_pipeline_development_fold_5,0,0,0,0,True,,,normal_corrosion,225.10617636636673,292.0747964945631,0.7446382046916211,0.8865628266497928,0.919045348353682,0.4867160570083605,0.631513073501758,"environment,material,process_history","{""environment"": 3, ""material"": 17, ""process_history"": 1}","Composition, wt.% N:numeric_sparse_0.34;Composition, wt.% C:numeric_sparse_0.45;Composition, wt.% Si:numeric_sparse_0.44;Composition, wt.% Mn:numeric_sparse_0.41;Composition, wt.% Cu:numeric_sparse_0.19;Composition, wt.% P:numeric_sparse_0.23;Composition, wt.% S:numeric_sparse_0.25;Test Solution:high_cardinality;Heat treatment:categorical_sparse_0.54;Microstructures:categorical_sparse_0.28",,,,,,,,,,,,,,,,,,,,,,,step-7500,7500
pretrained_tabicl_v2,pretrained_tabicl_regressor,/home/fcolanto/.cache/huggingface/hub/models--jingang--TabICL/snapshots/4dcd344ece2c00be9e831fdd35bed57b5ad83e19/tabicl-regressor-v2-20260212.ckpt,electrochemical_metrics_alloys__pitting_potential__epit_mv_sce_avg,electrochemical_metrics_alloys,Pitting Potential,"Epit, mV (SCE) Avg.",,continuous,0,,median,False,,608,487,121,21,False,0,,,,,epit_pipeline_development_fold_5,0,0,0,0,True,,,normal_corrosion,188.9494359413199,260.65988789830766,0.7966162897556599,0.8765706002620413,0.9273144092547476,0.4085393209542052,0.5635889468071517,"environment,material,process_history","{""environment"": 3, ""material"": 17, ""process_history"": 1}","Composition, wt.% N:numeric_sparse_0.34;Composition, wt.% C:numeric_sparse_0.45;Composition, wt.% Si:numeric_sparse_0.44;Composition, wt.% Mn:numeric_sparse_0.41;Composition, wt.% Cu:numeric_sparse_0.19;Composition, wt.% P:numeric_sparse_0.23;Composition, wt.% S:numeric_sparse_0.25;Test Solution:high_cardinality;Heat treatment:categorical_sparse_0.54;Microstructures:categorical_sparse_0.28",,,,,,,,,,,,,,,,,,,,,,,step-7500,7500
catboost,catboost_regressor,catboost==1.2.10;iterations=1000;depth=6;learning_rate=0.03;l2_leaf_reg=3;thread_count=8,electrochemical_metrics_alloys__pitting_potential__epit_mv_sce_avg,electrochemical_metrics_alloys,Pitting Potential,"Epit, mV (SCE) Avg.",,continuous,0,,median,False,,608,487,121,21,False,0,,,,,epit_pipeline_development_fold_5,0,0,0,0,True,,,normal_corrosion,184.17920914311293,245.27082356558748,0.8199224654334067,0.9112805160230547,0.9323509602938433,0.39822531706619013,0.5303152941958648,"environment,material,process_history","{""environment"": 3, ""material"": 17, ""process_history"": 1}","Composition, wt.% N:numeric_sparse_0.34;Composition, wt.% C:numeric_sparse_0.45;Composition, wt.% Si:numeric_sparse_0.44;Composition, wt.% Mn:numeric_sparse_0.41;Composition, wt.% Cu:numeric_sparse_0.19;Composition, wt.% P:numeric_sparse_0.23;Composition, wt.% S:numeric_sparse_0.25;Test Solution:high_cardinality;Heat treatment:categorical_sparse_0.54;Microstructures:categorical_sparse_0.28",,,,,,,,,,,,,,,,,,,,,,,step-7500,7500
generic_baseline,local_tabicl_regressor,/home/fcolanto/projects/tabicl/checkpoints/tabicl_s1_regression_baseline/step-8000.ckpt,electrochemical_metrics_alloys__pitting_potential__epit_mv_sce_avg,electrochemical_metrics_alloys,Pitting Potential,"Epit, mV (SCE) Avg.",,continuous,0,,median,False,,608,487,121,21,False,0,,,,,epit_pipeline_development_fold_5,0,0,0,0,True,,,normal_corrosion,228.43934597247306,291.8760340436546,0.7449856435434976,0.8978828336287302,0.9373362449238801,0.4939229102107526,0.6310833168511452,"environment,material,process_history","{""environment"": 3, ""material"": 17, ""process_history"": 1}","Composition, wt.% N:numeric_sparse_0.34;Composition, wt.% C:numeric_sparse_0.45;Composition, wt.% Si:numeric_sparse_0.44;Composition, wt.% Mn:numeric_sparse_0.41;Composition, wt.% Cu:numeric_sparse_0.19;Composition, wt.% P:numeric_sparse_0.23;Composition, wt.% S:numeric_sparse_0.25;Test Solution:high_cardinality;Heat treatment:categorical_sparse_0.54;Microstructures:categorical_sparse_0.28",,,,,,,,,,,,,,,,,,,,,,,step-8000,8000
trial_0056,local_tabicl_regressor,/home/fcolanto/projects/tabicl/checkpoints/epit_pipeline_final_v1/final_epit_pipeline_optuna_empirical_features_scm_target_v7_trial_0056/step-8000.ckpt,electrochemical_metrics_alloys__pitting_potential__epit_mv_sce_avg,electrochemical_metrics_alloys,Pitting Potential,"Epit, mV (SCE) Avg.",,continuous,0,,median,False,,608,487,121,21,False,0,,,,,epit_pipeline_development_fold_5,0,0,0,0,True,,,normal_corrosion,232.5350554027578,301.95945962181287,0.7270613516944857,0.8830469178394585,0.9137793984210449,0.5027784981681249,0.652885318101217,"environment,material,process_history","{""environment"": 3, ""material"": 17, ""process_history"": 1}","Composition, wt.% N:numeric_sparse_0.34;Composition, wt.% C:numeric_sparse_0.45;Composition, wt.% Si:numeric_sparse_0.44;Composition, wt.% Mn:numeric_sparse_0.41;Composition, wt.% Cu:numeric_sparse_0.19;Composition, wt.% P:numeric_sparse_0.23;Composition, wt.% S:numeric_sparse_0.25;Test Solution:high_cardinality;Heat treatment:categorical_sparse_0.54;Microstructures:categorical_sparse_0.28",,,,,,,,,,,,,,,,,,,,,,,step-8000,8000
pretrained_tabicl_v2,pretrained_tabicl_regressor,/home/fcolanto/.cache/huggingface/hub/models--jingang--TabICL/snapshots/4dcd344ece2c00be9e831fdd35bed57b5ad83e19/tabicl-regressor-v2-20260212.ckpt,electrochemical_metrics_alloys__pitting_potential__epit_mv_sce_avg,electrochemical_metrics_alloys,Pitting Potential,"Epit, mV (SCE) Avg.",,continuous,0,,median,False,,608,487,121,21,False,0,,,,,epit_pipeline_development_fold_5,0,0,0,0,True,,,normal_corrosion,188.9494359413199,260.65988789830766,0.7966162897556599,0.8765706002620413,0.9273144092547476,0.4085393209542052,0.5635889468071517,"environment,material,process_history","{""environment"": 3, ""material"": 17, ""process_history"": 1}","Composition, wt.% N:numeric_sparse_0.34;Composition, wt.% C:numeric_sparse_0.45;Composition, wt.% Si:numeric_sparse_0.44;Composition, wt.% Mn:numeric_sparse_0.41;Composition, wt.% Cu:numeric_sparse_0.19;Composition, wt.% P:numeric_sparse_0.23;Composition, wt.% S:numeric_sparse_0.25;Test Solution:high_cardinality;Heat treatment:categorical_sparse_0.54;Microstructures:categorical_sparse_0.28",,,,,,,,,,,,,,,,,,,,,,,step-8000,8000
catboost,catboost_regressor,catboost==1.2.10;iterations=1000;depth=6;learning_rate=0.03;l2_leaf_reg=3;thread_count=8,electrochemical_metrics_alloys__pitting_potential__epit_mv_sce_avg,electrochemical_metrics_alloys,Pitting Potential,"Epit, mV (SCE) Avg.",,continuous,0,,median,False,,608,487,121,21,False,0,,,,,epit_pipeline_development_fold_5,0,0,0,0,True,,,normal_corrosion,184.17920914311293,245.27082356558748,0.8199224654334067,0.9112805160230547,0.9323509602938433,0.39822531706619013,0.5303152941958648,"environment,material,process_history","{""environment"": 3, ""material"": 17, ""process_history"": 1}","Composition, wt.% N:numeric_sparse_0.34;Composition, wt.% C:numeric_sparse_0.45;Composition, wt.% Si:numeric_sparse_0.44;Composition, wt.% Mn:numeric_sparse_0.41;Composition, wt.% Cu:numeric_sparse_0.19;Composition, wt.% P:numeric_sparse_0.23;Composition, wt.% S:numeric_sparse_0.25;Test Solution:high_cardinality;Heat treatment:categorical_sparse_0.54;Microstructures:categorical_sparse_0.28",,,,,,,,,,,,,,,,,,,,,,,step-8000,8000
generic_baseline,local_tabicl_regressor,/home/fcolanto/projects/tabicl/checkpoints/tabicl_s1_regression_baseline/step-8500.ckpt,electrochemical_metrics_alloys__pitting_potential__epit_mv_sce_avg,electrochemical_metrics_alloys,Pitting Potential,"Epit, mV (SCE) Avg.",,continuous,0,,median,False,,608,487,121,21,False,0,,,,,epit_pipeline_development_fold_5,0,0,0,0,True,,,normal_corrosion,221.6113063460284,282.6445726724433,0.7608617435009865,0.9006095259142015,0.9395302582544554,0.47915958128871006,0.6111234003728504,"environment,material,process_history","{""environment"": 3, ""material"": 17, ""process_history"": 1}","Composition, wt.% N:numeric_sparse_0.34;Composition, wt.% C:numeric_sparse_0.45;Composition, wt.% Si:numeric_sparse_0.44;Composition, wt.% Mn:numeric_sparse_0.41;Composition, wt.% Cu:numeric_sparse_0.19;Composition, wt.% P:numeric_sparse_0.23;Composition, wt.% S:numeric_sparse_0.25;Test Solution:high_cardinality;Heat treatment:categorical_sparse_0.54;Microstructures:categorical_sparse_0.28",,,,,,,,,,,,,,,,,,,,,,,step-8500,8500
trial_0056,local_tabicl_regressor,/home/fcolanto/projects/tabicl/checkpoints/epit_pipeline_final_v1/final_epit_pipeline_optuna_empirical_features_scm_target_v7_trial_0056/step-8500.ckpt,electrochemical_metrics_alloys__pitting_potential__epit_mv_sce_avg,electrochemical_metrics_alloys,Pitting Potential,"Epit, mV (SCE) Avg.",,continuous,0,,median,False,,608,487,121,21,False,0,,,,,epit_pipeline_development_fold_5,0,0,0,0,True,,,normal_corrosion,236.23977828801574,305.4780286500041,0.7206634815063628,0.8779187040255415,0.9120282452567834,0.5107887098119259,0.6604930349189277,"environment,material,process_history","{""environment"": 3, ""material"": 17, ""process_history"": 1}","Composition, wt.% N:numeric_sparse_0.34;Composition, wt.% C:numeric_sparse_0.45;Composition, wt.% Si:numeric_sparse_0.44;Composition, wt.% Mn:numeric_sparse_0.41;Composition, wt.% Cu:numeric_sparse_0.19;Composition, wt.% P:numeric_sparse_0.23;Composition, wt.% S:numeric_sparse_0.25;Test Solution:high_cardinality;Heat treatment:categorical_sparse_0.54;Microstructures:categorical_sparse_0.28",,,,,,,,,,,,,,,,,,,,,,,step-8500,8500
pretrained_tabicl_v2,pretrained_tabicl_regressor,/home/fcolanto/.cache/huggingface/hub/models--jingang--TabICL/snapshots/4dcd344ece2c00be9e831fdd35bed57b5ad83e19/tabicl-regressor-v2-20260212.ckpt,electrochemical_metrics_alloys__pitting_potential__epit_mv_sce_avg,electrochemical_metrics_alloys,Pitting Potential,"Epit, mV (SCE) Avg.",,continuous,0,,median,False,,608,487,121,21,False,0,,,,,epit_pipeline_development_fold_5,0,0,0,0,True,,,normal_corrosion,188.9494359413199,260.65988789830766,0.7966162897556599,0.8765706002620413,0.9273144092547476,0.4085393209542052,0.5635889468071517,"environment,material,process_history","{""environment"": 3, ""material"": 17, ""process_history"": 1}","Composition, wt.% N:numeric_sparse_0.34;Composition, wt.% C:numeric_sparse_0.45;Composition, wt.% Si:numeric_sparse_0.44;Composition, wt.% Mn:numeric_sparse_0.41;Composition, wt.% Cu:numeric_sparse_0.19;Composition, wt.% P:numeric_sparse_0.23;Composition, wt.% S:numeric_sparse_0.25;Test Solution:high_cardinality;Heat treatment:categorical_sparse_0.54;Microstructures:categorical_sparse_0.28",,,,,,,,,,,,,,,,,,,,,,,step-8500,8500
catboost,catboost_regressor,catboost==1.2.10;iterations=1000;depth=6;learning_rate=0.03;l2_leaf_reg=3;thread_count=8,electrochemical_metrics_alloys__pitting_potential__epit_mv_sce_avg,electrochemical_metrics_alloys,Pitting Potential,"Epit, mV (SCE) Avg.",,continuous,0,,median,False,,608,487,121,21,False,0,,,,,epit_pipeline_development_fold_5,0,0,0,0,True,,,normal_corrosion,184.17920914311293,245.27082356558748,0.8199224654334067,0.9112805160230547,0.9323509602938433,0.39822531706619013,0.5303152941958648,"environment,material,process_history","{""environment"": 3, ""material"": 17, ""process_history"": 1}","Composition, wt.% N:numeric_sparse_0.34;Composition, wt.% C:numeric_sparse_0.45;Composition, wt.% Si:numeric_sparse_0.44;Composition, wt.% Mn:numeric_sparse_0.41;Composition, wt.% Cu:numeric_sparse_0.19;Composition, wt.% P:numeric_sparse_0.23;Composition, wt.% S:numeric_sparse_0.25;Test Solution:high_cardinality;Heat treatment:categorical_sparse_0.54;Microstructures:categorical_sparse_0.28",,,,,,,,,,,,,,,,,,,,,,,step-8500,8500
generic_baseline,local_tabicl_regressor,/home/fcolanto/projects/tabicl/checkpoints/tabicl_s1_regression_baseline/step-9000.ckpt,electrochemical_metrics_alloys__pitting_potential__epit_mv_sce_avg,electrochemical_metrics_alloys,Pitting Potential,"Epit, mV (SCE) Avg.",,continuous,0,,median,False,,608,487,121,21,False,0,,,,,epit_pipeline_development_fold_5,0,0,0,0,True,,,normal_corrosion,217.0380811827972,277.21937818687127,0.7699538721812751,0.8972663640685369,0.9365492334754786,0.4692715268817237,0.5993932501337758,"environment,material,process_history","{""environment"": 3, ""material"": 17, ""process_history"": 1}","Composition, wt.% N:numeric_sparse_0.34;Composition, wt.% C:numeric_sparse_0.45;Composition, wt.% Si:numeric_sparse_0.44;Composition, wt.% Mn:numeric_sparse_0.41;Composition, wt.% Cu:numeric_sparse_0.19;Composition, wt.% P:numeric_sparse_0.23;Composition, wt.% S:numeric_sparse_0.25;Test Solution:high_cardinality;Heat treatment:categorical_sparse_0.54;Microstructures:categorical_sparse_0.28",,,,,,,,,,,,,,,,,,,,,,,step-9000,9000
trial_0056,local_tabicl_regressor,/home/fcolanto/projects/tabicl/checkpoints/epit_pipeline_final_v1/final_epit_pipeline_optuna_empirical_features_scm_target_v7_trial_0056/step-9000.ckpt,electrochemical_metrics_alloys__pitting_potential__epit_mv_sce_avg,electrochemical_metrics_alloys,Pitting Potential,"Epit, mV (SCE) Avg.",,continuous,0,,median,False,,608,487,121,21,False,0,,,,,epit_pipeline_development_fold_5,0,0,0,0,True,,,normal_corrosion,229.42726126374694,297.93925140764514,0.734280637455315,0.8804591005648004,0.9146223588263905,0.49605894327296635,0.64419297601653,"environment,material,process_history","{""environment"": 3, ""material"": 17, ""process_history"": 1}","Composition, wt.% N:numeric_sparse_0.34;Composition, wt.% C:numeric_sparse_0.45;Composition, wt.% Si:numeric_sparse_0.44;Composition, wt.% Mn:numeric_sparse_0.41;Composition, wt.% Cu:numeric_sparse_0.19;Composition, wt.% P:numeric_sparse_0.23;Composition, wt.% S:numeric_sparse_0.25;Test Solution:high_cardinality;Heat treatment:categorical_sparse_0.54;Microstructures:categorical_sparse_0.28",,,,,,,,,,,,,,,,,,,,,,,step-9000,9000
pretrained_tabicl_v2,pretrained_tabicl_regressor,/home/fcolanto/.cache/huggingface/hub/models--jingang--TabICL/snapshots/4dcd344ece2c00be9e831fdd35bed57b5ad83e19/tabicl-regressor-v2-20260212.ckpt,electrochemical_metrics_alloys__pitting_potential__epit_mv_sce_avg,electrochemical_metrics_alloys,Pitting Potential,"Epit, mV (SCE) Avg.",,continuous,0,,median,False,,608,487,121,21,False,0,,,,,epit_pipeline_development_fold_5,0,0,0,0,True,,,normal_corrosion,188.9494359413199,260.65988789830766,0.7966162897556599,0.8765706002620413,0.9273144092547476,0.4085393209542052,0.5635889468071517,"environment,material,process_history","{""environment"": 3, ""material"": 17, ""process_history"": 1}","Composition, wt.% N:numeric_sparse_0.34;Composition, wt.% C:numeric_sparse_0.45;Composition, wt.% Si:numeric_sparse_0.44;Composition, wt.% Mn:numeric_sparse_0.41;Composition, wt.% Cu:numeric_sparse_0.19;Composition, wt.% P:numeric_sparse_0.23;Composition, wt.% S:numeric_sparse_0.25;Test Solution:high_cardinality;Heat treatment:categorical_sparse_0.54;Microstructures:categorical_sparse_0.28",,,,,,,,,,,,,,,,,,,,,,,step-9000,9000
catboost,catboost_regressor,catboost==1.2.10;iterations=1000;depth=6;learning_rate=0.03;l2_leaf_reg=3;thread_count=8,electrochemical_metrics_alloys__pitting_potential__epit_mv_sce_avg,electrochemical_metrics_alloys,Pitting Potential,"Epit, mV (SCE) Avg.",,continuous,0,,median,False,,608,487,121,21,False,0,,,,,epit_pipeline_development_fold_5,0,0,0,0,True,,,normal_corrosion,184.17920914311293,245.27082356558748,0.8199224654334067,0.9112805160230547,0.9323509602938433,0.39822531706619013,0.5303152941958648,"environment,material,process_history","{""environment"": 3, ""material"": 17, ""process_history"": 1}","Composition, wt.% N:numeric_sparse_0.34;Composition, wt.% C:numeric_sparse_0.45;Composition, wt.% Si:numeric_sparse_0.44;Composition, wt.% Mn:numeric_sparse_0.41;Composition, wt.% Cu:numeric_sparse_0.19;Composition, wt.% P:numeric_sparse_0.23;Composition, wt.% S:numeric_sparse_0.25;Test Solution:high_cardinality;Heat treatment:categorical_sparse_0.54;Microstructures:categorical_sparse_0.28",,,,,,,,,,,,,,,,,,,,,,,step-9000,9000
generic_baseline,local_tabicl_regressor,/home/fcolanto/projects/tabicl/checkpoints/tabicl_s1_regression_baseline/step-9500.ckpt,electrochemical_metrics_alloys__pitting_potential__epit_mv_sce_avg,electrochemical_metrics_alloys,Pitting Potential,"Epit, mV (SCE) Avg.",,continuous,0,,median,False,,608,487,121,21,False,0,,,,,epit_pipeline_development_fold_5,0,0,0,0,True,,,normal_corrosion,212.63951820763094,271.48607393162007,0.7793708603002463,0.9017171388053183,0.938886055977381,0.45976112044893175,0.5869969166089083,"environment,material,process_history","{""environment"": 3, ""material"": 17, ""process_history"": 1}","Composition, wt.% N:numeric_sparse_0.34;Composition, wt.% C:numeric_sparse_0.45;Composition, wt.% Si:numeric_sparse_0.44;Composition, wt.% Mn:numeric_sparse_0.41;Composition, wt.% Cu:numeric_sparse_0.19;Composition, wt.% P:numeric_sparse_0.23;Composition, wt.% S:numeric_sparse_0.25;Test Solution:high_cardinality;Heat treatment:categorical_sparse_0.54;Microstructures:categorical_sparse_0.28",,,,,,,,,,,,,,,,,,,,,,,step-9500,9500
trial_0056,local_tabicl_regressor,/home/fcolanto/projects/tabicl/checkpoints/epit_pipeline_final_v1/final_epit_pipeline_optuna_empirical_features_scm_target_v7_trial_0056/step-9500.ckpt,electrochemical_metrics_alloys__pitting_potential__epit_mv_sce_avg,electrochemical_metrics_alloys,Pitting Potential,"Epit, mV (SCE) Avg.",,continuous,0,,median,False,,608,487,121,21,False,0,,,,,epit_pipeline_development_fold_5,0,0,0,0,True,,,normal_corrosion,234.69661281313196,305.3168478504954,0.7209581790042713,0.8757983197141067,0.9094836623472882,0.5074521358121772,0.660144535892963,"environment,material,process_history","{""environment"": 3, ""material"": 17, ""process_history"": 1}","Composition, wt.% N:numeric_sparse_0.34;Composition, wt.% C:numeric_sparse_0.45;Composition, wt.% Si:numeric_sparse_0.44;Composition, wt.% Mn:numeric_sparse_0.41;Composition, wt.% Cu:numeric_sparse_0.19;Composition, wt.% P:numeric_sparse_0.23;Composition, wt.% S:numeric_sparse_0.25;Test Solution:high_cardinality;Heat treatment:categorical_sparse_0.54;Microstructures:categorical_sparse_0.28",,,,,,,,,,,,,,,,,,,,,,,step-9500,9500
pretrained_tabicl_v2,pretrained_tabicl_regressor,/home/fcolanto/.cache/huggingface/hub/models--jingang--TabICL/snapshots/4dcd344ece2c00be9e831fdd35bed57b5ad83e19/tabicl-regressor-v2-20260212.ckpt,electrochemical_metrics_alloys__pitting_potential__epit_mv_sce_avg,electrochemical_metrics_alloys,Pitting Potential,"Epit, mV (SCE) Avg.",,continuous,0,,median,False,,608,487,121,21,False,0,,,,,epit_pipeline_development_fold_5,0,0,0,0,True,,,normal_corrosion,188.9494359413199,260.65988789830766,0.7966162897556599,0.8765706002620413,0.9273144092547476,0.4085393209542052,0.5635889468071517,"environment,material,process_history","{""environment"": 3, ""material"": 17, ""process_history"": 1}","Composition, wt.% N:numeric_sparse_0.34;Composition, wt.% C:numeric_sparse_0.45;Composition, wt.% Si:numeric_sparse_0.44;Composition, wt.% Mn:numeric_sparse_0.41;Composition, wt.% Cu:numeric_sparse_0.19;Composition, wt.% P:numeric_sparse_0.23;Composition, wt.% S:numeric_sparse_0.25;Test Solution:high_cardinality;Heat treatment:categorical_sparse_0.54;Microstructures:categorical_sparse_0.28",,,,,,,,,,,,,,,,,,,,,,,step-9500,9500
catboost,catboost_regressor,catboost==1.2.10;iterations=1000;depth=6;learning_rate=0.03;l2_leaf_reg=3;thread_count=8,electrochemical_metrics_alloys__pitting_potential__epit_mv_sce_avg,electrochemical_metrics_alloys,Pitting Potential,"Epit, mV (SCE) Avg.",,continuous,0,,median,False,,608,487,121,21,False,0,,,,,epit_pipeline_development_fold_5,0,0,0,0,True,,,normal_corrosion,184.17920914311293,245.27082356558748,0.8199224654334067,0.9112805160230547,0.9323509602938433,0.39822531706619013,0.5303152941958648,"environment,material,process_history","{""environment"": 3, ""material"": 17, ""process_history"": 1}","Composition, wt.% N:numeric_sparse_0.34;Composition, wt.% C:numeric_sparse_0.45;Composition, wt.% Si:numeric_sparse_0.44;Composition, wt.% Mn:numeric_sparse_0.41;Composition, wt.% Cu:numeric_sparse_0.19;Composition, wt.% P:numeric_sparse_0.23;Composition, wt.% S:numeric_sparse_0.25;Test Solution:high_cardinality;Heat treatment:categorical_sparse_0.54;Microstructures:categorical_sparse_0.28",,,,,,,,,,,,,,,,,,,,,,,step-9500,9500
generic_baseline,local_tabicl_regressor,/home/fcolanto/projects/tabicl/checkpoints/tabicl_s1_regression_baseline/step-10000.ckpt,electrochemical_metrics_alloys__pitting_potential__epit_mv_sce_avg,electrochemical_metrics_alloys,Pitting Potential,"Epit, mV (SCE) Avg.",,continuous,0,,median,False,,608,487,121,21,False,0,,,,,epit_pipeline_development_fold_5,0,0,0,0,True,,,normal_corrosion,213.87745039706795,272.65132955487843,0.777472854458547,0.900057413066336,0.9387925434261594,0.462437730588255,0.5895163882267642,"environment,material,process_history","{""environment"": 3, ""material"": 17, ""process_history"": 1}","Composition, wt.% N:numeric_sparse_0.34;Composition, wt.% C:numeric_sparse_0.45;Composition, wt.% Si:numeric_sparse_0.44;Composition, wt.% Mn:numeric_sparse_0.41;Composition, wt.% Cu:numeric_sparse_0.19;Composition, wt.% P:numeric_sparse_0.23;Composition, wt.% S:numeric_sparse_0.25;Test Solution:high_cardinality;Heat treatment:categorical_sparse_0.54;Microstructures:categorical_sparse_0.28",,,,,,,,,,,,,,,,,,,,,,,step-10000,10000
trial_0056,local_tabicl_regressor,/home/fcolanto/projects/tabicl/checkpoints/epit_pipeline_final_v1/final_epit_pipeline_optuna_empirical_features_scm_target_v7_trial_0056/step-10000.ckpt,electrochemical_metrics_alloys__pitting_potential__epit_mv_sce_avg,electrochemical_metrics_alloys,Pitting Potential,"Epit, mV (SCE) Avg.",,continuous,0,,median,False,,608,487,121,21,False,0,,,,,epit_pipeline_development_fold_5,0,0,0,0,True,,,normal_corrosion,234.0973204678485,304.8039093705276,0.7218949832244561,0.8758220300818065,0.9090365310169515,0.5061563685791319,0.6590354797200597,"environment,material,process_history","{""environment"": 3, ""material"": 17, ""process_history"": 1}","Composition, wt.% N:numeric_sparse_0.34;Composition, wt.% C:numeric_sparse_0.45;Composition, wt.% Si:numeric_sparse_0.44;Composition, wt.% Mn:numeric_sparse_0.41;Composition, wt.% Cu:numeric_sparse_0.19;Composition, wt.% P:numeric_sparse_0.23;Composition, wt.% S:numeric_sparse_0.25;Test Solution:high_cardinality;Heat treatment:categorical_sparse_0.54;Microstructures:categorical_sparse_0.28",,,,,,,,,,,,,,,,,,,,,,,step-10000,10000
pretrained_tabicl_v2,pretrained_tabicl_regressor,/home/fcolanto/.cache/huggingface/hub/models--jingang--TabICL/snapshots/4dcd344ece2c00be9e831fdd35bed57b5ad83e19/tabicl-regressor-v2-20260212.ckpt,electrochemical_metrics_alloys__pitting_potential__epit_mv_sce_avg,electrochemical_metrics_alloys,Pitting Potential,"Epit, mV (SCE) Avg.",,continuous,0,,median,False,,608,487,121,21,False,0,,,,,epit_pipeline_development_fold_5,0,0,0,0,True,,,normal_corrosion,188.9494359413199,260.65988789830766,0.7966162897556599,0.8765706002620413,0.9273144092547476,0.4085393209542052,0.5635889468071517,"environment,material,process_history","{""environment"": 3, ""material"": 17, ""process_history"": 1}","Composition, wt.% N:numeric_sparse_0.34;Composition, wt.% C:numeric_sparse_0.45;Composition, wt.% Si:numeric_sparse_0.44;Composition, wt.% Mn:numeric_sparse_0.41;Composition, wt.% Cu:numeric_sparse_0.19;Composition, wt.% P:numeric_sparse_0.23;Composition, wt.% S:numeric_sparse_0.25;Test Solution:high_cardinality;Heat treatment:categorical_sparse_0.54;Microstructures:categorical_sparse_0.28",,,,,,,,,,,,,,,,,,,,,,,step-10000,10000
catboost,catboost_regressor,catboost==1.2.10;iterations=1000;depth=6;learning_rate=0.03;l2_leaf_reg=3;thread_count=8,electrochemical_metrics_alloys__pitting_potential__epit_mv_sce_avg,electrochemical_metrics_alloys,Pitting Potential,"Epit, mV (SCE) Avg.",,continuous,0,,median,False,,608,487,121,21,False,0,,,,,epit_pipeline_development_fold_5,0,0,0,0,True,,,normal_corrosion,184.17920914311293,245.27082356558748,0.8199224654334067,0.9112805160230547,0.9323509602938433,0.39822531706619013,0.5303152941958648,"environment,material,process_history","{""environment"": 3, ""material"": 17, ""process_history"": 1}","Composition, wt.% N:numeric_sparse_0.34;Composition, wt.% C:numeric_sparse_0.45;Composition, wt.% Si:numeric_sparse_0.44;Composition, wt.% Mn:numeric_sparse_0.41;Composition, wt.% Cu:numeric_sparse_0.19;Composition, wt.% P:numeric_sparse_0.23;Composition, wt.% S:numeric_sparse_0.25;Test Solution:high_cardinality;Heat treatment:categorical_sparse_0.54;Microstructures:categorical_sparse_0.28",,,,,,,,,,,,,,,,,,,,,,,step-10000,10000
