trial_number,trial_id,draw_index,model,mean_test_spearman,synthetic_seed,sampling_seed,schema_attempts,sample_type,surrogate_spearman,surrogate_mae,surrogate_rmse,pren_spearman,pren_mae,pren_rmse,fake_pren_spearman,fake_pren_mae,fake_pren_rmse
3,trial_0003,0,extra_trees,0.7414611962318451,3200000,3200000,1,informed,0.16885318293739768,0.8183815121025634,1.0517456898056377,0.49309916550344596,0.7714512727383552,1.0357830210274923,,,
3,trial_0003,1,extra_trees,0.7414611962318451,3200001,3200001,1,informed,0.2724448897831052,0.812121324933543,1.0574542955994215,0.49904825820936255,0.7961361692652136,1.0314791494397288,,,
3,trial_0003,2,extra_trees,0.7414611962318451,3200002,3200002,1,informed,-0.022336567189602762,0.843699806402159,1.073224995134217,0.4227751974134228,0.8911289767040993,1.1221193048886287,,,
3,trial_0003,3,extra_trees,0.7414611962318451,3200003,3200003,1,informed,0.37835111416184714,0.7888633082885372,1.0131698886580125,0.5131595350299494,0.7518673827979854,1.0269132468095883,,,
3,trial_0003,4,extra_trees,0.7414611962318451,3200004,3200004,1,informed,0.289371243336571,0.7980475286993348,1.010692471694726,0.5321066203732261,0.7388539954821203,0.9675389081016346,,,
3,trial_0003,5,extra_trees,0.7414611962318451,3200005,3200005,1,informed,0.2034480710122027,0.8468512622920537,1.0984800213633512,0.35854240415435784,0.9109562012086894,1.1788555802254115,,,
3,trial_0003,6,extra_trees,0.7414611962318451,3200006,3200006,1,informed,0.31236178316188046,0.7787924573936637,1.025925234923661,0.4772520674657558,0.8163228869537902,1.078199246349321,,,
3,trial_0003,7,extra_trees,0.7414611962318451,3200007,3200007,1,informed,0.4073265113687038,0.6971129566795541,0.9565655655660283,0.5114529503367002,0.7326820770323788,1.0029570262529832,,,
3,trial_0003,8,extra_trees,0.7414611962318451,3200008,3200008,1,informed,0.35873387706814863,0.7829970059741045,0.9956245638564998,0.5088036073469023,0.7270441072182081,0.983664241275598,,,
3,trial_0003,9,extra_trees,0.7414611962318451,3200009,3200009,1,informed,0.31896672983873053,0.7764544905908912,0.996490919311011,0.38036321153165387,0.9231842041693936,1.1770302452102803,,,
3,trial_0003,10,extra_trees,0.7414611962318451,3200010,3200010,1,generic,-0.24918208240716438,0.7768328513728531,1.032063871263955,,,,0.43853305502837153,0.8250112208417546,1.0973459770141327
3,trial_0003,11,extra_trees,0.7414611962318451,3200011,3200011,1,informed,0.4590152943709016,0.7497715179221123,0.9510829553707281,0.5253236511608601,0.7724930808885789,1.005275566022711,,,
3,trial_0003,12,extra_trees,0.7414611962318451,3200012,3200012,1,informed,0.4336182932307731,0.751415811725031,0.963979642774421,0.4960441267905406,0.7773311767225579,1.0519803245434403,,,
3,trial_0003,13,extra_trees,0.7414611962318451,3200013,3200013,1,informed,0.340665422261145,0.7989130510445851,1.0281586431273273,0.3385704822883782,0.9468853883535447,1.214551348871238,,,
3,trial_0003,14,extra_trees,0.7414611962318451,3200014,3200014,1,generic,-0.0019863976158198916,0.7628412427575004,1.0078458657523708,,,,0.4928662437629135,0.7857165712762119,1.0408126947833647
3,trial_0003,15,extra_trees,0.7414611962318451,3200015,3200015,1,informed,-0.17576328248240533,0.8211067852326691,1.070589922395046,0.1561094784136793,1.0195860720002068,1.321300146608916,,,
3,trial_0003,16,extra_trees,0.7414611962318451,3200016,3200016,1,generic,0.01843927493967242,0.7635055020071829,1.0043158454394163,,,,0.50630052898626,0.718909731644927,1.0002451936223145
3,trial_0003,17,extra_trees,0.7414611962318451,3200017,3200017,1,informed,0.24129523661853375,0.7649919522021917,1.0000047727696606,0.22229321848542535,0.9849126919993048,1.2758127218973891,,,
3,trial_0003,18,extra_trees,0.7414611962318451,3200018,3200018,1,generic,0.09116398193235524,0.7648916196581719,0.9997045799173273,,,,0.43970687617473536,0.8043635611125972,1.0758588694793219
3,trial_0003,19,extra_trees,0.7414611962318451,3200019,3200019,1,informed,0.4502322707784863,0.7762862019339614,0.9922262056169717,0.4873673579867345,0.7919177025867058,1.0932777348493277,,,
3,trial_0003,20,extra_trees,0.7414611962318451,3200020,3200020,1,informed,0.21882823235172685,0.7619010456992801,0.9782012437308533,0.38027443583159176,0.8747105307184809,1.202909721496592,,,
3,trial_0003,21,extra_trees,0.7414611962318451,3200021,3200021,1,generic,0.12240802535783173,0.74171727344847,0.9812198325170064,,,,0.4910605091192024,0.742546907275657,1.0103608342633248
3,trial_0003,22,extra_trees,0.7414611962318451,3200022,3200022,1,generic,0.35113361365083784,0.7196019007719765,0.944881348144997,,,,0.3386336162311937,0.9084772298151111,1.1942467343047989
3,trial_0003,23,extra_trees,0.7414611962318451,3200023,3200023,1,informed,0.43436683303265394,0.7513741332214844,0.9681972105757354,0.4699997146789737,0.7904450657406341,1.039504161911494,,,
3,trial_0003,24,extra_trees,0.7414611962318451,3200024,3200024,1,generic,0.3840166580138661,0.7275278289908144,0.9587943252928517,,,,0.45845655005750435,0.8206745559252981,1.0838685209901568
3,trial_0003,25,extra_trees,0.7414611962318451,3200025,3200025,1,generic,0.13133035928311357,0.7754884897932958,1.0065832556042522,,,,0.4884248617801301,0.7715301322407474,1.0486037066725642
3,trial_0003,26,extra_trees,0.7414611962318451,3200026,3200026,1,informed,0.09358704037948248,0.8551672667002379,1.0810172384723544,0.4548538421594184,0.8171647381920909,1.079569509341778,,,
3,trial_0003,27,extra_trees,0.7414611962318451,3200027,3200027,1,informed,0.0630919845267917,0.8872149522276223,1.1336401822517217,0.5278700854138192,0.7493508856286748,0.9807559453356997,,,
3,trial_0003,28,extra_trees,0.7414611962318451,3200028,3200028,1,informed,0.17630824451194865,0.8992505503887852,1.1455866439990487,0.3193517802073596,0.9482687256309804,1.1989793124502182,,,
3,trial_0003,29,extra_trees,0.7414611962318451,3200029,3200029,1,generic,0.19856067405943398,0.7689209536458916,1.015406303021096,,,,0.4350998205567783,0.8413828568207934,1.1092321804200211
3,trial_0003,30,extra_trees,0.7414611962318451,3200030,3200030,1,informed,0.40600716429687217,0.704623421383993,0.933343023385526,0.45626938744059337,0.8335869537774694,1.095097159419536,,,
3,trial_0003,31,extra_trees,0.7414611962318451,3200031,3200031,1,informed,0.3369816511151302,0.7569478570497972,0.9645262656084178,0.4486151452144078,0.8105217005872558,1.0931448036769877,,,
3,trial_0003,32,extra_trees,0.7414611962318451,3200032,3200032,1,informed,0.29562296562297824,0.7875533128456772,1.0029292909680818,0.5540537503094095,0.6822083268247034,0.9341799443908138,,,
3,trial_0003,33,extra_trees,0.7414611962318451,3200033,3200033,1,informed,0.18515602593459402,0.7707315859641464,0.992242916784667,0.23740247359151395,0.974020801439023,1.2775593857131344,,,
3,trial_0003,34,extra_trees,0.7414611962318451,3200034,3200034,1,generic,0.12000615849222011,0.7843506420395326,1.0252603238314864,,,,0.5108021335609563,0.7526617540701928,1.0335720657185805
3,trial_0003,35,extra_trees,0.7414611962318451,3200035,3200035,1,informed,0.31294832350655377,0.7827243582709834,1.0361315796528392,0.5239517488065979,0.7104999662220264,0.9729499834085534,,,
3,trial_0003,36,extra_trees,0.7414611962318451,3200036,3200036,1,generic,-0.14542769125085617,0.8423258354437071,1.1044040768477552,,,,0.5530260571090602,0.7083938861058583,0.9590035721059873
3,trial_0003,37,extra_trees,0.7414611962318451,3200037,3200037,1,informed,0.18042473532671402,0.755769592931895,1.0083600147297407,0.41968763460535075,0.813279510638448,1.1084957193850777,,,
3,trial_0003,38,extra_trees,0.7414611962318451,3200038,3200038,1,generic,-0.05284997145361438,0.796905378465717,1.0349095696451345,,,,0.2767450755229603,0.9658807155307065,1.2530550707539232
3,trial_0003,39,extra_trees,0.7414611962318451,3200039,3200039,1,informed,0.4641894352753321,0.7534487454098167,0.9664513057845743,0.4930509026863683,0.7729730672972002,1.0140437636445603,,,
3,trial_0003,40,extra_trees,0.7414611962318451,3200040,3200040,1,informed,-0.18044894497677633,0.8212072793810986,1.0494850786384953,0.4290482154951318,0.8278128035044706,1.0979495802934216,,,
3,trial_0003,41,extra_trees,0.7414611962318451,3200041,3200041,1,informed,0.1709199169388194,0.7611446221168299,0.9987327514715637,0.4390321808542634,0.8073652155799671,1.0969640625026067,,,
3,trial_0003,42,extra_trees,0.7414611962318451,3200042,3200042,1,informed,0.38729490423646756,0.7738663808729425,0.9844740660267935,0.35252484686312774,0.8730306969895932,1.1963197557872818,,,
3,trial_0003,43,extra_trees,0.7414611962318451,3200043,3200043,1,generic,0.3041491968571279,0.7417519556851293,0.9579039065895024,,,,0.4989194480173094,0.8081838991728987,1.0468896966070087
3,trial_0003,44,extra_trees,0.7414611962318451,3200044,3200044,1,informed,0.3609481872526789,0.7963407690347595,1.007720804220139,0.514385856170761,0.7438939898331364,1.0042150051578005,,,
3,trial_0003,45,extra_trees,0.7414611962318451,3200045,3200045,1,informed,0.00869370880426972,0.8710854792495701,1.0821429829176543,0.5431814128755226,0.6929036406943435,0.945505126731777,,,
3,trial_0003,46,extra_trees,0.7414611962318451,3200046,3200046,1,informed,0.2066012794035423,0.7594268447030069,0.9739815265987772,0.4473033697738597,0.8161836521879545,1.1109354398729994,,,
3,trial_0003,47,extra_trees,0.7414611962318451,3200047,3200047,1,informed,0.3644625716995585,0.8291363413191558,1.0486348348631829,0.3223626091000893,0.9358808666013212,1.2080363784740955,,,
3,trial_0003,48,extra_trees,0.7414611962318451,3200048,3200048,1,generic,-0.07261357580961832,0.7711573792126013,1.0144835149931017,,,,0.5429412195918902,0.721144206302935,0.9705562052105733
3,trial_0003,49,extra_trees,0.7414611962318451,3200049,3200049,1,informed,0.4750378626014653,0.7084058133686881,0.9200071612292774,0.4646976526257961,0.8357083081042688,1.0696919352181893,,,
3,trial_0003,50,extra_trees,0.7414611962318451,3200050,3200050,1,informed,0.05079158914131598,0.8323078243160703,1.0527950647844102,0.42249425888546643,0.8649491207565889,1.1429360133402664,,,
3,trial_0003,51,extra_trees,0.7414611962318451,3200051,3200051,1,informed,0.317358225587972,0.7414301072642044,0.9528931966175014,0.5210782181289758,0.7289609157527361,0.9981117434411325,,,
3,trial_0003,52,extra_trees,0.7414611962318451,3200052,3200052,1,generic,-0.010053661613480558,0.7578296590436945,1.0086968340659328,,,,0.25735752875789747,0.9724930296309116,1.242840007047096
3,trial_0003,53,extra_trees,0.7414611962318451,3200053,3200053,1,generic,-0.5425681295037316,0.8796794444888835,1.1650952130241539,,,,0.4311012099408635,0.8394915831273025,1.1236797425069227
3,trial_0003,54,extra_trees,0.7414611962318451,3200054,3200054,1,informed,0.2306964201290853,0.8187994716949145,1.0341275825398162,0.5247851332537397,0.7374985690088507,1.0045251681564338,,,
3,trial_0003,55,extra_trees,0.7414611962318451,3200055,3200055,1,informed,-0.02949379398262677,0.775343689899199,1.016953653878006,0.4915073263070438,0.7617169294598176,1.0309284059890251,,,
3,trial_0003,56,extra_trees,0.7414611962318451,3200056,3200056,1,generic,0.12038933798231713,0.7745762222058713,1.0137130960838574,,,,0.5033645204448991,0.757530168651908,1.0352677763211675
3,trial_0003,57,extra_trees,0.7414611962318451,3200057,3200057,1,informed,0.34203752696427997,0.774971701495572,0.9957286319344164,0.5470389938265812,0.704293393637105,0.9682189684891913,,,
3,trial_0003,58,extra_trees,0.7414611962318451,3200058,3200058,1,generic,0.25711063043256155,0.7482812330351306,0.9896569182651875,,,,0.4642720486614338,0.815553063063549,1.097852433875288
3,trial_0003,59,extra_trees,0.7414611962318451,3200059,3200059,1,informed,0.39632838317213287,0.7317999577630528,0.9600641670186819,0.5916197994477426,0.6597558681549162,0.8966737558989546,,,
3,trial_0003,60,extra_trees,0.7414611962318451,3200060,3200060,1,informed,0.12336952329983665,0.7917533680309462,1.006486507210487,0.45254570129443206,0.828545499937143,1.0919471669193954,,,
3,trial_0003,61,extra_trees,0.7414611962318451,3200061,3200061,1,informed,0.010771483239104976,0.8706915533845004,1.0924362570018495,0.3985702396764452,0.8702702312465712,1.1128057535379772,,,
3,trial_0003,62,extra_trees,0.7414611962318451,3200062,3200062,1,informed,0.4098335753496122,0.763785476778593,0.9876848084003577,0.42270510629873176,0.8767721925918078,1.1297842481319342,,,
3,trial_0003,63,extra_trees,0.7414611962318451,3200063,3200063,1,informed,0.41260980601082664,0.7031128185778744,0.9612163958480296,0.5553497798521174,0.7036252396311196,0.9522654430245536,,,
3,trial_0003,64,extra_trees,0.7414611962318451,3200064,3200064,1,informed,0.15806875805579662,0.7987416069571949,1.0155181499047008,0.3492331887889546,0.9072544803885915,1.2070401441311298,,,
3,trial_0003,65,extra_trees,0.7414611962318451,3200065,3200065,1,informed,0.12678108916965466,0.7485960527883668,0.9943340779346008,0.4851597065669916,0.7829125736644674,1.0558425694344762,,,
3,trial_0003,66,extra_trees,0.7414611962318451,3200066,3200066,1,generic,-0.33209618220156817,0.7929880681690852,1.049827541234864,,,,0.5869849424789114,0.6745299856708812,0.9152517842341622
3,trial_0003,67,extra_trees,0.7414611962318451,3200067,3200067,1,informed,0.25006355281898895,0.7511124631020621,0.9700017360570358,0.475665900619704,0.8113363736934233,1.0783869525334577,,,
3,trial_0003,68,extra_trees,0.7414611962318451,3200068,3200068,1,generic,0.05890378449609477,0.8594580215491956,1.1078537241601008,,,,0.5510467212079989,0.7233678356572718,0.9569992000689599
3,trial_0003,69,extra_trees,0.7414611962318451,3200069,3200069,1,informed,0.244854386074866,0.8009223886345871,1.0281368651019847,0.5415272871717789,0.6922836806999576,0.94931266428926,,,
3,trial_0003,70,extra_trees,0.7414611962318451,3200070,3200070,1,informed,0.3973486277002644,0.7474135253193367,0.9761331864505524,0.41312372746302256,0.8631845555950687,1.1211492568799484,,,
3,trial_0003,71,extra_trees,0.7414611962318451,3200071,3200071,1,informed,0.4846761377889332,0.7118973944193785,0.9260884767338929,0.4570814219811152,0.8537697270407528,1.0978561973053327,,,
3,trial_0003,72,extra_trees,0.7414611962318451,3200072,3200072,1,informed,0.3149611907064037,0.7345547600133834,0.9665777890509406,0.5230943354632729,0.7434293963463903,0.9930572599601077,,,
3,trial_0003,73,extra_trees,0.7414611962318451,3200073,3200073,1,informed,0.044507017069051705,0.7842862472260974,1.0060896985389798,0.5404724760362604,0.7189881993695535,0.9518962524316588,,,
3,trial_0003,74,extra_trees,0.7414611962318451,3200074,3200074,1,informed,0.4047592200624218,0.7306201423257187,0.9378217384954772,0.5185338751280737,0.6940115257172605,0.9104149862851348,,,
3,trial_0003,75,extra_trees,0.7414611962318451,3200075,3200075,1,informed,0.4224835779275279,0.7726892092365009,0.9797093184264297,0.5293575260271459,0.749416280097928,1.0052794278798496,,,
3,trial_0003,76,extra_trees,0.7414611962318451,3200076,3200076,1,informed,0.49012918940914,0.7478753001054689,0.9552006230717288,0.5508631010764156,0.6879982772364378,0.9196569842678534,,,
3,trial_0003,77,extra_trees,0.7414611962318451,3200077,3200077,1,informed,-0.36475448897396395,0.7941489730055235,1.063555202004845,0.5032159732072895,0.7681450253926791,1.0334855039407933,,,
3,trial_0003,78,extra_trees,0.7414611962318451,3200078,3200078,1,informed,0.3496589207804736,0.7719746008203213,1.033860387696688,0.36832965513700083,0.9166996083617873,1.1903545561453588,,,
3,trial_0003,79,extra_trees,0.7414611962318451,3200079,3200079,1,informed,0.382032435881043,0.7096317846649981,0.9532717600787173,0.5551533525102248,0.709828154629782,0.9579676617317295,,,
3,trial_0003,80,extra_trees,0.7414611962318451,3200080,3200080,1,generic,-0.043391110661486584,0.7628824381130894,0.9982946952440446,,,,0.5344028151316913,0.6898873141652527,0.9522738115070882
3,trial_0003,81,extra_trees,0.7414611962318451,3200081,3200081,1,informed,0.31350879408323645,0.85876822207223,1.1283359136636464,0.4492419604305969,0.8312156548512288,1.1204592453632753,,,
3,trial_0003,82,extra_trees,0.7414611962318451,3200082,3200082,1,generic,0.02272968645512821,0.7693640113940059,1.0168631893631128,,,,0.47029522362975784,0.8224878686464471,1.074936752685105
3,trial_0003,83,extra_trees,0.7414611962318451,3200083,3200083,1,generic,0.05983859010216212,0.7832682707366518,1.0092261007371421,,,,0.5503197309177906,0.7275922003873568,0.9883919934988116
3,trial_0003,84,extra_trees,0.7414611962318451,3200084,3200084,1,informed,0.2644539598814142,0.7857814181224773,1.0225433577721397,0.3786210618851235,0.8684311085721411,1.1647505302850223,,,
3,trial_0003,85,extra_trees,0.7414611962318451,3200085,3200085,1,generic,0.32616172585112807,0.8100965114661937,1.0268708755483298,,,,0.5031709634489671,0.7494667753289143,1.0117337989544737
3,trial_0003,86,extra_trees,0.7414611962318451,3200086,3200086,1,informed,0.4406249570300997,0.7320111169954363,0.9438707375316169,0.44805168263405987,0.8347750134611727,1.0903359163952915,,,
3,trial_0003,87,extra_trees,0.7414611962318451,3200087,3200087,1,generic,0.04854541944327518,0.7640447173385551,1.0066240436751526,,,,0.267906637900011,0.9530253433075951,1.22838060221846
3,trial_0003,88,extra_trees,0.7414611962318451,3200088,3200088,1,informed,0.34873312135394285,0.8015156819789063,1.0132975802365332,0.4856156405203359,0.7622438822871813,1.0313405869903318,,,
3,trial_0003,89,extra_trees,0.7414611962318451,3200089,3200089,1,informed,0.011376640464678173,0.8100570367061994,1.078091434131418,0.46105277797871996,0.8011351568799189,1.088632006853905,,,
3,trial_0003,90,extra_trees,0.7414611962318451,3200090,3200090,1,informed,0.49100541758687277,0.6881379587591518,0.8997622352147774,0.5597121863160466,0.6888973429606273,0.9383372305045874,,,
3,trial_0003,91,extra_trees,0.7414611962318451,3200091,3200091,1,informed,0.4394050297447326,0.7202293635879806,0.9530179734124435,0.4685892130057008,0.8272066661146168,1.0845693885899335,,,
3,trial_0003,92,extra_trees,0.7414611962318451,3200092,3200092,1,informed,0.26156675255445755,0.7623871674776114,0.9709040488980222,0.5093157864127572,0.7357615496228245,0.9793172561531092,,,
3,trial_0003,93,extra_trees,0.7414611962318451,3200093,3200093,1,informed,-0.009821610002669791,0.8582371880673743,1.111364353439724,0.4461227008021332,0.8134703601653726,1.0696146027183195,,,
3,trial_0003,94,extra_trees,0.7414611962318451,3200094,3200094,1,generic,-0.2168844476199341,0.8169408032484641,1.082452615812807,,,,0.43797659062484134,0.8333502232535364,1.0952739990273597
3,trial_0003,95,extra_trees,0.7414611962318451,3200095,3200095,1,generic,0.07827923497313893,0.7722673246200273,1.0015228200123565,,,,0.3511203592480575,0.9009237137252171,1.209050503030699
3,trial_0003,96,extra_trees,0.7414611962318451,3200096,3200096,1,generic,0.1365304494798293,0.7552139677411048,0.9976093066219293,,,,0.44778490447950836,0.8326417426331917,1.091736978023078
3,trial_0003,97,extra_trees,0.7414611962318451,3200097,3200097,1,informed,0.12775571726345133,0.8021246693917594,1.076455687360429,0.41264112662887437,0.8660009354443698,1.1437689023680566,,,
3,trial_0003,98,extra_trees,0.7414611962318451,3200098,3200098,1,informed,0.4478032300282598,0.7971917925051366,1.009322344995384,0.35994447247783284,0.8968136968897834,1.1818349956317826,,,
3,trial_0003,99,extra_trees,0.7414611962318451,3200099,3200099,1,generic,-0.2061789284747703,0.7758461397273081,1.0301732478629595,,,,0.5023413241198879,0.7901781078108779,1.0419020956077945
3,trial_0003,100,extra_trees,0.7414611962318451,3200100,3200100,1,informed,0.40998993172938364,0.7695453701489977,0.9890013162844359,0.5920674504027438,0.6610532764234966,0.9171976728455505,,,
3,trial_0003,101,extra_trees,0.7414611962318451,3200101,3200101,1,informed,0.42151547798805283,0.7762404292860267,1.0092111229623661,0.3037625759200577,0.9598813153939338,1.2320379457025814,,,
3,trial_0003,102,extra_trees,0.7414611962318451,3200102,3200102,1,generic,-0.19191663929985067,0.8366163642269343,1.0837068963631584,,,,0.46652712913109434,0.7905593668557654,1.1003341346263822
3,trial_0003,103,extra_trees,0.7414611962318451,3200103,3200103,1,informed,0.2977929214007631,0.8474803973401247,1.1046972519244225,0.43868143824621203,0.834903976380294,1.1368360068347694,,,
3,trial_0003,104,extra_trees,0.7414611962318451,3200104,3200104,1,generic,0.056797779665837426,0.8382622209993087,1.0835333579414812,,,,0.5135390221025474,0.7460190163221084,1.0219337392496934
3,trial_0003,105,extra_trees,0.7414611962318451,3200105,3200105,1,informed,0.5257931603458228,0.6744631667729233,0.892383866262323,0.5009089258074308,0.7931246427703741,1.052278671420875,,,
3,trial_0003,106,extra_trees,0.7414611962318451,3200106,3200106,1,informed,0.36643926972902363,0.7464291689455569,0.9776884553130226,0.5027310897646871,0.7636377688354059,1.0132949890011065,,,
3,trial_0003,107,extra_trees,0.7414611962318451,3200107,3200107,1,generic,-0.30156576677535807,0.8808766675272827,1.1435446804784597,,,,0.5264941372385841,0.7113845942126245,0.9926408211854443
3,trial_0003,108,extra_trees,0.7414611962318451,3200108,3200108,1,informed,0.041297251662661655,0.8499090367456704,1.0981404615869155,0.532555761174464,0.6897565267581292,0.9163588963166631,,,
3,trial_0003,109,extra_trees,0.7414611962318451,3200109,3200109,1,informed,0.3724889845274891,0.6974274967989099,0.950311110714653,0.2984679084248067,0.9676891455660851,1.2248888387587353,,,
3,trial_0003,110,extra_trees,0.7414611962318451,3200110,3200110,1,generic,0.1397342036073024,0.8338492837606175,1.058252221950726,,,,0.44848474949791944,0.7880445578033807,1.0636000824568481
3,trial_0003,111,extra_trees,0.7414611962318451,3200111,3200111,1,informed,0.07983126841860304,0.7971791907034191,1.0188357791616625,0.46353650200660057,0.8116396611450609,1.0855323054677986,,,
3,trial_0003,112,extra_trees,0.7414611962318451,3200112,3200112,1,informed,0.4621328401890132,0.72655575245421,0.9457607482170803,0.30403804712237514,0.9375200872695623,1.2335378218183652,,,
3,trial_0003,113,extra_trees,0.7414611962318451,3200113,3200113,1,informed,0.29710293264816495,0.7714539084793555,1.001029143751602,0.5232401900430055,0.7263924068686851,0.9936028948945139,,,
3,trial_0003,114,extra_trees,0.7414611962318451,3200114,3200114,1,informed,0.3353404169639064,0.743951129263701,0.9617312239032484,0.5203774710018344,0.7520016707256483,1.0129679957724054,,,
3,trial_0003,115,extra_trees,0.7414611962318451,3200115,3200115,1,informed,0.4126465308923722,0.7455883221061282,0.9582588102996612,0.5135957729426796,0.7696168315570964,1.0160912922056604,,,
3,trial_0003,116,extra_trees,0.7414611962318451,3200116,3200116,1,generic,-0.19824944971051778,0.7835817922030545,1.0291650667325445,,,,0.47510920385483424,0.8094626797601501,1.0763440439877054
3,trial_0003,117,extra_trees,0.7414611962318451,3200117,3200117,1,informed,0.16553957594816937,0.7424561355190392,0.9733840494044889,0.5492764831759985,0.6849386721295939,0.9317242232532122,,,
3,trial_0003,118,extra_trees,0.7414611962318451,3200118,3200118,1,informed,0.2837327789917034,0.7502051855074624,0.9449985766437058,0.3868287204807954,0.8884321990433316,1.1831170454243092,,,
3,trial_0003,119,extra_trees,0.7414611962318451,3200119,3200119,1,generic,-0.06926742574598443,0.7699297823704223,1.0127211860201482,,,,0.48753372870592704,0.8057805108408888,1.048139096784302
3,trial_0003,120,extra_trees,0.7414611962318451,3200120,3200120,1,informed,0.32943255796195703,0.731910732838856,0.9433842373966451,0.4872487170203697,0.7889044292349605,1.035743852679333,,,
3,trial_0003,121,extra_trees,0.7414611962318451,3200121,3200121,1,informed,0.4965082973009343,0.7278790085561039,0.938080501363232,0.4206238867843891,0.8672185603368251,1.1228450343475824,,,
3,trial_0003,122,extra_trees,0.7414611962318451,3200122,3200122,1,informed,0.21731800199348295,0.8093249023951411,1.0485817736945795,0.3797881855575796,0.8935454569366205,1.1792527213235657,,,
3,trial_0003,123,extra_trees,0.7414611962318451,3200123,3200123,1,informed,0.3834309450213972,0.7869133457751104,0.9990350364192639,0.44783282558873355,0.8230994512581649,1.0898969668423224,,,
3,trial_0003,124,extra_trees,0.7414611962318451,3200124,3200124,1,informed,0.37094724857486466,0.7317468768661808,0.9787508291523103,0.48372088414690895,0.8054970763960468,1.0436404526552518,,,
3,trial_0003,125,extra_trees,0.7414611962318451,3200125,3200125,1,informed,0.38411808712575823,0.7567361522925273,0.9704680614740313,0.4648887903301331,0.8331162798216413,1.0943157880653773,,,
3,trial_0003,126,extra_trees,0.7414611962318451,3200126,3200126,1,informed,-0.04387248917976499,0.9327756488739504,1.1816591908929739,0.4790801224663879,0.7975080145406934,1.0540572054192123,,,
3,trial_0003,127,extra_trees,0.7414611962318451,3200127,3200127,1,informed,0.022225523000502147,0.7723226058746326,1.0136285889811087,0.5237491297184191,0.7267158039818331,0.9888025765059018,,,
3,trial_0003,128,extra_trees,0.7414611962318451,3200128,3200128,1,informed,0.3390290715528886,0.7187463454909341,0.9596793156098792,0.4837800406103221,0.7507684238060918,1.0133208421096527,,,
3,trial_0003,129,extra_trees,0.7414611962318451,3200129,3200129,1,generic,0.19191734122927037,0.7637720424437155,1.007609348334327,,,,0.4479101882465244,0.801494155186751,1.0843706807264393
3,trial_0003,130,extra_trees,0.7414611962318451,3200130,3200130,1,informed,0.2933882502035606,0.7558468159959525,0.9754343280291577,0.4890383367217601,0.7836915474735084,1.054933336830208,,,
3,trial_0003,131,extra_trees,0.7414611962318451,3200131,3200131,1,informed,0.41140505636957503,0.7717779430872166,0.9898892360330962,0.28244853495623395,0.9736796908741177,1.233361356309503,,,
3,trial_0003,132,extra_trees,0.7414611962318451,3200132,3200132,1,informed,0.28841436939308907,0.8007025115318652,1.0192273957658924,0.48209138874516866,0.7915126290811,1.0659045031687493,,,
3,trial_0003,133,extra_trees,0.7414611962318451,3200133,3200133,1,informed,0.13768980122205557,0.7637618981429832,0.989100210950609,0.5121770566126339,0.7040782225187755,0.9579387493889382,,,
3,trial_0003,134,extra_trees,0.7414611962318451,3200134,3200134,1,informed,0.11218890074595864,0.8389212290321376,1.07931364981015,0.4611795242553445,0.8022806879050848,1.0736645136663443,,,
3,trial_0003,135,extra_trees,0.7414611962318451,3200135,3200135,1,informed,0.48313845727038884,0.6842981488105319,0.9072297818629069,0.5616617662973179,0.6906060027441548,0.9312470765024324,,,
3,trial_0003,136,extra_trees,0.7414611962318451,3200136,3200136,1,informed,0.014528818394407783,0.8056294273807495,1.028309072425558,0.2797112363652199,0.9319391685240112,1.215368958310274,,,
3,trial_0003,137,extra_trees,0.7414611962318451,3200137,3200137,1,informed,0.0623629074876402,0.8191118666613725,1.0483491728011622,0.5120237117967762,0.7598156973455098,0.9988888186267907,,,
3,trial_0003,138,extra_trees,0.7414611962318451,3200138,3200138,1,generic,0.17089044793400643,0.7710106647372182,1.0118487360632131,,,,0.3558697156840819,0.9224312529047459,1.181432862043057
3,trial_0003,139,extra_trees,0.7414611962318451,3200139,3200139,1,informed,0.0895432676709065,0.8347374776582335,1.0628485274679862,0.5353679484584173,0.7291191889731902,0.9727390628829655,,,
3,trial_0003,140,extra_trees,0.7414611962318451,3200140,3200140,1,generic,0.20119361953597042,0.7377935629561188,0.9810740019202986,,,,0.510374301661396,0.7645069534746283,1.0439817921436512
3,trial_0003,141,extra_trees,0.7414611962318451,3200141,3200141,1,informed,0.1709771746525871,0.7925669482599741,1.0087325697419716,0.5056433837810891,0.7745996198073614,1.0325382340784819,,,
3,trial_0003,142,extra_trees,0.7414611962318451,3200142,3200142,1,generic,0.3248881983007322,0.7274381780665415,0.9447742349511296,,,,0.5022921181891373,0.7631899940969015,1.0264685531152518
3,trial_0003,143,extra_trees,0.7414611962318451,3200143,3200143,1,informed,0.21425562035188958,0.7644501881396563,1.0001727155571432,0.21655629901924142,0.9800125867676144,1.2828269661497886,,,
3,trial_0003,144,extra_trees,0.7414611962318451,3200144,3200144,1,generic,0.11500419548992016,0.7600713314609493,1.0094124344591633,,,,0.4393738750383823,0.8480567558051922,1.1184418518766845
3,trial_0003,145,extra_trees,0.7414611962318451,3200145,3200145,1,informed,0.12773757483326734,0.7831385314977735,0.9986006904412543,0.37819797289055496,0.8824334599383711,1.157406394724757,,,
3,trial_0003,146,extra_trees,0.7414611962318451,3200146,3200146,1,informed,0.044814046236783214,0.8039334408624477,1.0283654727113059,0.43043091581753085,0.8532655715741327,1.1269200583945782,,,
3,trial_0003,147,extra_trees,0.7414611962318451,3200147,3200147,1,informed,0.15497488949288218,0.763482913677368,0.9932316198311024,0.463005829711772,0.8151178817276061,1.066322774344845,,,
3,trial_0003,148,extra_trees,0.7414611962318451,3200148,3200148,1,informed,-0.10003032005451463,0.876166818674629,1.138994054350758,0.5602395372105494,0.6872612568447284,0.9486299106593276,,,
3,trial_0003,149,extra_trees,0.7414611962318451,3200149,3200149,1,informed,0.44729646469135864,0.7493474739062079,0.9778662958714034,0.31217910002345084,0.947405030003977,1.228262939020788,,,
3,trial_0003,150,extra_trees,0.7414611962318451,3200150,3200150,1,generic,0.2009591572772259,0.7671152362488923,1.0030806117543276,,,,0.5967665894527746,0.6370344870433272,0.8644985293778602
3,trial_0003,151,extra_trees,0.7414611962318451,3200151,3200151,1,informed,0.35616513167436514,0.72272497491089,0.9614785779685436,0.5173153449262975,0.7290373611281268,0.985742875724733,,,
3,trial_0003,152,extra_trees,0.7414611962318451,3200152,3200152,1,generic,-0.2787636971312391,0.7993362551996711,1.051134171329973,,,,0.41087015050791276,0.8457173021619443,1.135172257670638
3,trial_0003,153,extra_trees,0.7414611962318451,3200153,3200153,1,informed,0.2575814729235426,0.8258171116695504,1.0447886371742632,0.4182603482423662,0.8696454153302804,1.139325257266425,,,
3,trial_0003,154,extra_trees,0.7414611962318451,3200154,3200154,1,informed,0.42059037268908855,0.7044079355485448,0.9197081050597297,0.4223126616643694,0.8619499490203572,1.1269043239940628,,,
3,trial_0003,155,extra_trees,0.7414611962318451,3200155,3200155,1,informed,0.19958849039187176,0.7629516797305851,0.9810859592259745,0.44814883701066366,0.8376677460516763,1.091728090621437,,,
3,trial_0003,156,extra_trees,0.7414611962318451,3200156,3200156,1,generic,0.12308765313666044,0.7824827189448708,1.0323635915045484,,,,0.48411377983563647,0.7401087629643176,1.0150497981151485
3,trial_0003,157,extra_trees,0.7414611962318451,3200157,3200157,1,generic,0.07401490154159965,0.873682328436375,1.1565970553557579,,,,0.5430916257202172,0.7014723445243101,0.9552923203373082
3,trial_0003,158,extra_trees,0.7414611962318451,3200158,3200158,1,informed,0.18495889732843004,0.7940502027787931,1.030308002062968,0.5529295724798471,0.7057893968468274,0.9521056333975104,,,
3,trial_0003,159,extra_trees,0.7414611962318451,3200159,3200159,1,generic,-0.04370600445927155,0.8486651275703788,1.062101247691322,,,,0.5413076920374913,0.6787389857615163,0.9135564272710357
3,trial_0003,160,extra_trees,0.7414611962318451,3200160,3200160,1,informed,0.3620876118912022,0.7524365034313779,0.965486471489634,0.5118985237079589,0.7571736528078218,1.008807211512473,,,
3,trial_0003,161,extra_trees,0.7414611962318451,3200161,3200161,1,informed,-0.08678583921014005,0.8573990145642187,1.1051275816575377,0.4232504310262725,0.8804340820153576,1.1449635150142292,,,
3,trial_0003,162,extra_trees,0.7414611962318451,3200162,3200162,1,informed,0.32425902856483974,0.7227267071350462,0.958072545318733,0.11868757531581668,1.042016115722461,1.3315446009447172,,,
3,trial_0003,163,extra_trees,0.7414611962318451,3200163,3200163,1,informed,0.47788142779707055,0.7646968366837753,0.9782946450148038,0.5359882438887819,0.7342305934535082,0.9767553983331589,,,
3,trial_0003,164,extra_trees,0.7414611962318451,3200164,3200164,1,informed,0.26880287412454457,0.7804872268476668,1.0021627541077338,0.5297273496016772,0.710764896410852,0.9712768376388214,,,
3,trial_0003,165,extra_trees,0.7414611962318451,3200165,3200165,1,informed,0.31889652742605057,0.7619632690647159,1.0249204307018658,0.5321042557548872,0.7315844216919332,0.9928141803841295,,,
3,trial_0003,166,extra_trees,0.7414611962318451,3200166,3200166,1,generic,0.2880850962729151,0.7349452077117755,0.9549080991379704,,,,0.445942347397619,0.8413537076308484,1.1052287762268582
3,trial_0003,167,extra_trees,0.7414611962318451,3200167,3200167,1,generic,0.32085298775998433,0.7237597768038362,0.9397287974964963,,,,0.4216034265141736,0.8727375851269513,1.1215056671186197
3,trial_0003,168,extra_trees,0.7414611962318451,3200168,3200168,1,generic,0.2497923840406095,0.750616405126665,0.9872628732061595,,,,0.5216687849761787,0.7198388987802287,1.0029338157732184
3,trial_0003,169,extra_trees,0.7414611962318451,3200169,3200169,1,informed,0.2046923083972847,0.8296031343553966,1.05216742528089,0.41552712280895326,0.8769961200796392,1.1376082055040564,,,
3,trial_0003,170,extra_trees,0.7414611962318451,3200170,3200170,1,generic,0.1680926298476513,0.7549744841517805,0.9901446293216408,,,,0.49317015872686754,0.7397367861138512,1.0185387183662247
3,trial_0003,171,extra_trees,0.7414611962318451,3200171,3200171,1,informed,0.1801463821129265,0.7889417476746469,1.0024158152734324,0.5168230532574543,0.7896581212675551,1.0480937502862737,,,
3,trial_0003,172,extra_trees,0.7414611962318451,3200172,3200172,1,informed,0.3398685345612017,0.7734866256628168,0.9953749508543311,0.22914787800523173,0.997180820407948,1.290213211388977,,,
3,trial_0003,173,extra_trees,0.7414611962318451,3200173,3200173,1,generic,0.24261584801866265,0.744561231084455,0.9907783641745728,,,,0.5624897654287054,0.6683928005293658,0.9281501015365875
3,trial_0003,174,extra_trees,0.7414611962318451,3200174,3200174,1,informed,0.30751489917544805,0.76956991300057,1.018713054809306,0.5112580948509288,0.7107231756018253,0.9773533723662976,,,
3,trial_0003,175,extra_trees,0.7414611962318451,3200175,3200175,1,informed,0.2758641863914554,0.7973322979687137,1.0192025664195987,0.4372152791979347,0.840029376115701,1.1078328894185614,,,
3,trial_0003,176,extra_trees,0.7414611962318451,3200176,3200176,1,informed,0.45519414131947455,0.7606132044642604,0.9768038442940173,0.4860988427603044,0.7875159142789088,1.0565578480460567,,,
3,trial_0003,177,extra_trees,0.7414611962318451,3200177,3200177,1,generic,-0.29855387650521686,0.8030222608899632,1.077247138443329,,,,0.5248028337204957,0.7189536286777657,0.9712159762871756
3,trial_0003,178,extra_trees,0.7414611962318451,3200178,3200178,1,generic,-0.0461062458130137,0.8113026438244321,1.0825484029600128,,,,0.38439973805087463,0.8834811493745051,1.173511664272852
3,trial_0003,179,extra_trees,0.7414611962318451,3200179,3200179,1,informed,0.31471896917320996,0.7422089295720462,0.9625799739365689,0.5415143296100147,0.6954535516507719,0.9686117440995567,,,
3,trial_0003,180,extra_trees,0.7414611962318451,3200180,3200180,1,informed,0.5114736474862499,0.689228974980643,0.9194321382773015,0.574439001993692,0.6500444811053353,0.9024699962606204,,,
3,trial_0003,181,extra_trees,0.7414611962318451,3200181,3200181,1,informed,0.05971667916032643,0.8377278476719753,1.0590080096109045,0.37332720082040427,0.8815039303707287,1.1805346106841474,,,
3,trial_0003,182,extra_trees,0.7414611962318451,3200182,3200182,1,informed,0.49114572007004464,0.7353107834210744,0.9561680060741955,0.5370367129265592,0.6956442580357018,0.9592082542189307,,,
3,trial_0003,183,extra_trees,0.7414611962318451,3200183,3200183,1,informed,-0.058002123222191414,0.9096315654635296,1.1322801786822845,0.5399657506277304,0.7362328797739012,0.9839228014298873,,,
3,trial_0003,184,extra_trees,0.7414611962318451,3200184,3200184,1,informed,0.49250677043936814,0.7527175388499502,0.9606405457370693,0.49561343821333403,0.77235520364434,1.0468191014086246,,,
3,trial_0003,185,extra_trees,0.7414611962318451,3200185,3200185,1,informed,0.2588623345483947,0.7309639289877611,0.9355536914519046,0.5295333142147516,0.7318566466563703,0.9608771596267628,,,
3,trial_0003,186,extra_trees,0.7414611962318451,3200186,3200186,1,informed,0.41357558349172774,0.7675011041037973,0.9803877166179391,0.45497264714555236,0.8252495222990577,1.086252494365427,,,
3,trial_0003,187,extra_trees,0.7414611962318451,3200187,3200187,1,informed,0.2678185532291707,0.7698888201224785,1.0050844903586134,0.5018093396669059,0.7501460700002094,1.0294096025828339,,,
3,trial_0003,188,extra_trees,0.7414611962318451,3200188,3200188,1,informed,0.31809859674130386,0.7796548070939402,0.9961297797857701,0.4077126059316625,0.8902153516322492,1.1296629250563446,,,
3,trial_0003,189,extra_trees,0.7414611962318451,3200189,3200189,1,generic,-0.33964691072015074,0.8157288212168304,1.0721060842385524,,,,0.4014114174545988,0.9061789171195124,1.1612021290077454
3,trial_0003,190,extra_trees,0.7414611962318451,3200190,3200190,1,informed,0.3028232972454062,0.7845709406542103,1.0038289118376247,0.47720972302868236,0.777192894817653,1.036940911780688,,,
3,trial_0003,191,extra_trees,0.7414611962318451,3200191,3200191,1,generic,-0.3420190589249936,0.8108838981616465,1.059810794454916,,,,0.45140540852254896,0.8382472791167791,1.0952620223376073
3,trial_0003,192,extra_trees,0.7414611962318451,3200192,3200192,1,informed,0.24337959443171264,0.8162142367572253,1.0249787840317768,0.5361926808627355,0.670869013200943,0.9351685188308719,,,
3,trial_0003,193,extra_trees,0.7414611962318451,3200193,3200193,1,generic,0.1289709281487225,0.7606885917861408,0.9906136048550316,,,,0.5635493331375296,0.6650335924876631,0.9180724030601568
3,trial_0003,194,extra_trees,0.7414611962318451,3200194,3200194,1,informed,0.40882169985940847,0.774548338753777,0.9938155754638102,0.48576843860362984,0.7993062353515585,1.0728537681618535,,,
3,trial_0003,195,extra_trees,0.7414611962318451,3200195,3200195,1,generic,0.5068248894618662,0.7289729509242048,0.9442094823129626,,,,0.5311851709783552,0.6955957857014919,0.9617746202797589
3,trial_0003,196,extra_trees,0.7414611962318451,3200196,3200196,1,informed,0.45789185262951815,0.78146748278477,0.9915834102069386,0.4278149781873869,0.8774938322646194,1.1446907202281018,,,
3,trial_0003,197,extra_trees,0.7414611962318451,3200197,3200197,1,informed,0.3200012236007604,0.7749548015144975,0.9855449705974771,0.36105827605699536,0.8946697865374128,1.1952174547285819,,,
3,trial_0003,198,extra_trees,0.7414611962318451,3200198,3200198,1,informed,0.06965582799143075,0.7846657649289221,1.0085612661534762,0.5402511860310248,0.6883630189629044,0.9385262768723912,,,
3,trial_0003,199,extra_trees,0.7414611962318451,3200199,3200199,1,informed,0.23486729445239893,0.7620633984750049,0.9746863757525097,0.393543935860181,0.8947091549938495,1.1734867624678227,,,
3,trial_0003,200,extra_trees,0.7414611962318451,3200200,3200200,1,informed,0.15038051233777505,0.7965774798038989,1.0275196365188177,0.5771417334183541,0.6793868551521679,0.9198729990549923,,,
3,trial_0003,201,extra_trees,0.7414611962318451,3200201,3200201,1,informed,0.3640355529335415,0.7219688835968794,0.9363858550545355,0.45107544175192554,0.7948564984125737,1.0817640128242,,,
3,trial_0003,202,extra_trees,0.7414611962318451,3200202,3200202,1,generic,0.268230433200556,0.749500237470931,0.9802449041648202,,,,0.38315756166571013,0.8806247793418164,1.1585994650914568
3,trial_0003,203,extra_trees,0.7414611962318451,3200203,3200203,1,generic,-0.15718017294924835,0.7878043140539027,1.0318464306677506,,,,0.4800067794889299,0.7868135231423122,1.0475826594996085
3,trial_0003,204,extra_trees,0.7414611962318451,3200204,3200204,1,informed,0.12475745842348032,0.7606059016004482,0.9953585793815967,0.44892883302294134,0.798473898487229,1.0568350813738818,,,
3,trial_0003,205,extra_trees,0.7414611962318451,3200205,3200205,1,informed,0.3020754941594255,0.734359707187685,0.9593466333668912,0.49877733855563955,0.7600524296030923,1.0239772525217854,,,
3,trial_0003,206,extra_trees,0.7414611962318451,3200206,3200206,1,generic,-0.13825477828849536,0.776064196066474,1.0178580973173288,,,,0.3532217258573797,0.8887302553776267,1.1865573378847438
3,trial_0003,207,extra_trees,0.7414611962318451,3200207,3200207,1,generic,-0.013832379664752767,1.3479371901998685,1.7647882676682567,,,,0.5221382368921653,0.7243896144442084,0.9591955573625397
3,trial_0003,208,extra_trees,0.7414611962318451,3200208,3200208,1,informed,0.049646509865718134,0.8099177986988587,1.0290293917409674,0.4286125379832797,0.8181287639652022,1.1220450819227021,,,
3,trial_0003,209,extra_trees,0.7414611962318451,3200209,3200209,1,generic,0.034371804926519194,0.7919887741455869,1.0245254064036884,,,,0.49555980374881614,0.7639392167022959,1.0173359147506007
3,trial_0003,210,extra_trees,0.7414611962318451,3200210,3200210,1,informed,0.015814902430039232,0.8064501874444432,1.0338393682848692,0.4944479957435119,0.7609250268359927,1.011219995263391,,,
3,trial_0003,211,extra_trees,0.7414611962318451,3200211,3200211,1,informed,0.3045971474226032,0.7673453421793681,0.9756143973534148,0.5309000089413427,0.7027568304182901,0.9531581108855129,,,
3,trial_0003,212,extra_trees,0.7414611962318451,3200212,3200212,1,informed,0.33405959204965463,0.7329827043535232,0.9763996828081457,0.459959271845992,0.8405757131052017,1.0789891496814377,,,
3,trial_0003,213,extra_trees,0.7414611962318451,3200213,3200213,1,informed,-0.2679759903202334,0.7933479605395908,1.0363690667159562,0.5124680140148237,0.7694319895231825,1.0092775055704115,,,
3,trial_0003,214,extra_trees,0.7414611962318451,3200214,3200214,1,generic,-0.02561138202915561,0.7594551172404925,1.005449507472836,,,,0.23823091010895256,0.9799770887616039,1.2643107677278997
3,trial_0003,215,extra_trees,0.7414611962318451,3200215,3200215,1,generic,-0.02405949429440618,0.77171739461499,1.011499499111055,,,,0.42387179258513674,0.8256822369344887,1.0916245303926009
3,trial_0003,216,extra_trees,0.7414611962318451,3200216,3200216,1,informed,0.39772278132967354,0.7841363047789051,0.9970061531934421,0.5311029560690598,0.7011584738900958,0.9704669317276217,,,
3,trial_0003,217,extra_trees,0.7414611962318451,3200217,3200217,1,informed,0.31781816724710105,0.8293630207724346,1.0378536305635542,0.3544237994089826,0.9107947899973522,1.2068350500143274,,,
3,trial_0003,218,extra_trees,0.7414611962318451,3200218,3200218,1,informed,0.37864809770603236,0.7599064491105892,0.9860344479554556,0.5183346731184193,0.7486975485199039,1.0028156105713701,,,
3,trial_0003,219,extra_trees,0.7414611962318451,3200219,3200219,1,generic,0.12211230187049854,1.0425225049926334,1.4037033453796648,,,,0.5616924379941524,0.6684372641601064,0.9135914512990401
3,trial_0003,220,extra_trees,0.7414611962318451,3200220,3200220,1,generic,-0.13066052467849193,0.7943914777873667,1.0410489379450654,,,,0.5445558301995786,0.7347515939006852,0.9687138920593142
3,trial_0003,221,extra_trees,0.7414611962318451,3200221,3200221,1,informed,0.38411577978019223,0.7674446077360947,0.9786907964805867,0.5439904677235712,0.6904876477995071,0.9575245095233781,,,
3,trial_0003,222,extra_trees,0.7414611962318451,3200222,3200222,1,informed,0.31061247047262347,0.77386208592395,0.9906532227106012,0.4802684730306372,0.8105829123743623,1.0635311811878625,,,
3,trial_0003,223,extra_trees,0.7414611962318451,3200223,3200223,1,informed,0.1702529864706187,0.7665430109939839,1.0170274739282252,0.5422303989172591,0.6901135822379947,0.9496666713206795,,,
3,trial_0003,224,extra_trees,0.7414611962318451,3200224,3200224,1,informed,0.42536171507025516,0.7539851310518989,0.9589732600088516,0.4712228784392289,0.8461358666542499,1.0989657431266189,,,
3,trial_0003,225,extra_trees,0.7414611962318451,3200225,3200225,1,generic,0.19589836551438633,0.7670044328929312,0.9495929724567808,,,,0.4040745517733208,0.8440222927928505,1.1455453311373167
3,trial_0003,226,extra_trees,0.7414611962318451,3200226,3200226,1,informed,0.02661384189191895,0.7874795475054911,1.0180142036419126,0.4865172981963939,0.7795024463446889,1.0698351588711728,,,
3,trial_0003,227,extra_trees,0.7414611962318451,3200227,3200227,1,informed,0.4299332451872175,0.7333060134772019,0.9382636208500931,0.5255023370310544,0.7454525236081053,0.9697519887488311,,,
3,trial_0003,228,extra_trees,0.7414611962318451,3200228,3200228,1,generic,0.27813514200953016,0.7202522809420091,0.94783006322329,,,,0.37141369152003567,0.9217489204000504,1.1623312240338926
3,trial_0003,229,extra_trees,0.7414611962318451,3200229,3200229,1,informed,0.3052878624151904,0.7565246438053144,0.9777502878467553,0.4715986340620784,0.7629513188697671,1.046491834405974,,,
3,trial_0003,230,extra_trees,0.7414611962318451,3200230,3200230,1,informed,0.15226049517156154,0.8048643324474146,1.0476322295547027,0.44217058979077745,0.8003544125968297,1.106471670700099,,,
3,trial_0003,231,extra_trees,0.7414611962318451,3200231,3200231,1,informed,0.17872341652871462,0.8121675471647336,1.0435571254111666,0.509437803452704,0.7473324061787857,1.017152181455892,,,
3,trial_0003,232,extra_trees,0.7414611962318451,3200232,3200232,1,informed,0.25219818180984055,0.7970709513206791,1.0168571377000986,0.41632159356586,0.8689200948164684,1.129491895943683,,,
3,trial_0003,233,extra_trees,0.7414611962318451,3200233,3200233,1,informed,0.09903971897701054,0.8702856078987574,1.1122960026366489,0.45854000878338264,0.7904905536968251,1.061174384998165,,,
3,trial_0003,234,extra_trees,0.7414611962318451,3200234,3200234,1,generic,0.002100907530290695,0.8414826560059048,1.0667367457679267,,,,0.5623178727106175,0.7194868759830887,0.9488360981399723
3,trial_0003,235,extra_trees,0.7414611962318451,3200235,3200235,1,informed,0.3114087071878712,0.8102745593602085,1.0735306042907455,0.3130659002420851,0.9130417711020175,1.215563707432526,,,
3,trial_0003,236,extra_trees,0.7414611962318451,3200236,3200236,1,generic,-0.0721831447707619,0.7668928741439186,1.0164267401682838,,,,0.31549924286420283,0.9553321489139581,1.2083592229057627
3,trial_0003,237,extra_trees,0.7414611962318451,3200237,3200237,1,informed,0.4769722450946579,0.7331888246968077,0.9354622082006786,0.5386102775870132,0.7276634144029986,0.9624629803879264,,,
3,trial_0003,238,extra_trees,0.7414611962318451,3200238,3200238,1,generic,-0.1962090158032136,0.7865552262606712,1.0412865941213267,,,,0.3771284136441255,0.8757340675860481,1.184356604173936
3,trial_0003,239,extra_trees,0.7414611962318451,3200239,3200239,1,informed,0.31409295129735654,0.7922229565543011,1.0310831064381054,0.5488034638300325,0.7120598133939043,0.96386568755697,,,
3,trial_0003,240,extra_trees,0.7414611962318451,3200240,3200240,1,informed,0.45745680063668326,0.7543614110140362,0.9676181023913646,0.3866556659560093,0.8890932001837172,1.1640471236584093,,,
3,trial_0003,241,extra_trees,0.7414611962318451,3200241,3200241,1,informed,0.25490210028216387,0.7591707341046736,0.9752878040169424,0.4591568324619665,0.7877530347350132,1.0871311632907759,,,
3,trial_0003,242,extra_trees,0.7414611962318451,3200242,3200242,1,informed,0.35629136982014475,0.7889686052707733,1.0022388419543051,0.2402620352521285,1.0020918292454946,1.2590244194540041,,,
3,trial_0003,243,extra_trees,0.7414611962318451,3200243,3200243,1,informed,0.24386198054558125,0.8157088579523768,1.0315698144583971,0.2491257319195296,0.9370066534714048,1.2546397983154904,,,
3,trial_0003,244,extra_trees,0.7414611962318451,3200244,3200244,1,informed,0.31088772728030684,0.7536088976925172,0.9715096835697999,0.5200522197995746,0.7027671462066256,0.9633441546446782,,,
3,trial_0003,245,extra_trees,0.7414611962318451,3200245,3200245,1,generic,-0.08482682821197243,0.7888330204856854,1.0173781378693862,,,,0.5014129312214555,0.794241581841004,1.054828266038159
3,trial_0003,246,extra_trees,0.7414611962318451,3200246,3200246,1,informed,0.12730892549352735,0.7865270757260338,1.01005012685937,0.4815977849181721,0.7987706684944624,1.0751842644566445,,,
3,trial_0003,247,extra_trees,0.7414611962318451,3200247,3200247,1,informed,0.2976949447364242,0.8907698150183888,1.1533792170339046,0.5097211202673133,0.7451573427280176,0.9776387021307333,,,
3,trial_0003,248,extra_trees,0.7414611962318451,3200248,3200248,1,informed,0.1655777808059369,0.7940131776487357,1.0108022247986728,0.4711281296859063,0.7792806233545443,1.0740008379643382,,,
3,trial_0003,249,extra_trees,0.7414611962318451,3200249,3200249,1,informed,0.47188813122253637,0.6954662398968388,0.9184381948417857,0.45721716200841567,0.7957159353422024,1.06186741437747,,,
3,trial_0003,250,extra_trees,0.7414611962318451,3200250,3200250,1,generic,0.44807669427618113,0.6592405140137971,0.8749984593318861,,,,0.5086668421960446,0.778395890840898,1.0378298671474395
3,trial_0003,251,extra_trees,0.7414611962318451,3200251,3200251,1,informed,0.3029958174112857,0.7694329659542108,0.9994242283231277,0.4602741077929097,0.8320465727572399,1.0805526318951881,,,
3,trial_0003,252,extra_trees,0.7414611962318451,3200252,3200252,1,informed,0.16940695262985264,0.7651286544488967,0.9915382166058089,0.5498659155531314,0.7093961309435575,0.9596470356236737,,,
3,trial_0003,253,extra_trees,0.7414611962318451,3200253,3200253,1,informed,-0.017462010412794892,0.8562597985847674,1.077881386024076,0.4583521788110573,0.8437313539946818,1.108344570704542,,,
3,trial_0003,254,extra_trees,0.7414611962318451,3200254,3200254,1,informed,0.2053044262003688,0.8662181517455204,1.0835395505397982,0.4815084898221743,0.7658835544184573,1.0302251234216098,,,
3,trial_0003,255,extra_trees,0.7414611962318451,3200255,3200255,1,generic,0.2959428663707164,0.7421612090412393,0.9847249076451466,,,,0.5350432986619778,0.7245937748797923,0.9684387913941226
