trial_number,trial_id,trial_result_path,mean_test_spearman,median_test_spearman,std_test_spearman,mean_test_mae,mean_test_rmse,mean_test_r2,n_synth_requested,n_informed_sampled,n_generic_sampled,informed_sample_fraction,elapsed_seconds,epit_environment_coef,epit_interaction_coef,epit_material_coef,informed_feature_block_strength,informed_interaction_strength,informed_physical_marginal_prob,informed_prior_ratio,mlp_prob,pitting_material_dirichlet_active_prob,pitting_material_dirichlet_concentration,pitting_material_dirichlet_prob,all_score_n,all_score_spearman,all_score_mae,all_score_rmse,all_score_median_theta_spearman,all_score_max_theta_spearman,informed_score_n,informed_score_spearman,informed_score_mae,informed_score_rmse,informed_score_median_theta_spearman,informed_score_max_theta_spearman,generic_score_n,generic_score_spearman,generic_score_mae,generic_score_rmse,generic_score_median_theta_spearman,generic_score_max_theta_spearman,pren_score_n,pren_score_spearman,pren_score_mae,pren_score_rmse,pren_score_median_theta_spearman,pren_score_max_theta_spearman,fake_pren_score_n,fake_pren_score_spearman,fake_pren_score_mae,fake_pren_score_rmse,fake_pren_score_median_theta_spearman,fake_pren_score_max_theta_spearman
0,trial_0000,/home/fcolanto/projects/tabicl/corrosion_datasets/analysis/pitting_fixed_pren_direct_trial_results/trial_0000/trial_result.json,0.8015491174198965,0.8110908644277176,0.0152541922025307,166.92513041210435,245.39686991383743,0.6683127275353488,256,256,0,1.0,45.669760942459106,0.4507411074452459,0.8995975722395816,0.48837361667407403,0.4599753167366806,0.960498182133549,0.0,1.0,0.75,0.35,1.0,0.0,256,0.43307326063051077,0.7423878326424289,1.0226614221402004,0.3625531659015052,0.5641353484361382,256,0.43307326063051077,0.7423878326424289,1.0226614221402004,0.3625531659015052,0.5641353484361382,0,,,,,,256,0.47892178871588453,0.7960013219963997,1.0746261784428688,0.46683858900443,0.5917294740000594,0,,,,,
1,trial_0001,/home/fcolanto/projects/tabicl/corrosion_datasets/analysis/pitting_fixed_pren_direct_trial_results/trial_0001/trial_result.json,0.7437780922876497,0.7428872366010032,0.0343758948572248,187.48589581181315,279.58861674533307,0.5693610548856324,256,129,127,0.50390625,35.13877558708191,0.49336365641992164,0.621038162883652,0.5043487963218568,0.2079018052437427,0.38705799516679407,0.75,0.5,0.5,0.35,1.0,1.0,256,0.5057818984761514,0.7321214108166071,0.9670724754195759,0.144155799646611,0.5929376436197498,129,0.5034490999725333,0.7247584253721614,0.9883183597861321,0.4073147759815458,0.5929376436197498,127,-0.012203029821145748,0.7585868095449253,1.0044486046013879,0.00889491509679938,0.5074308302205379,129,0.500034960135734,0.776298829885896,1.0526731057239032,0.47775076957391066,0.6018010395842407,127,0.49541321108012243,0.7870261704942229,1.0588141461709382,0.47627859646743054,0.5844343530584668
2,trial_0002,/home/fcolanto/projects/tabicl/corrosion_datasets/analysis/pitting_fixed_pren_direct_trial_results/trial_0002/trial_result.json,0.7283295796511096,0.7503956274382345,0.0347225055025864,194.3209980891837,283.1738945820004,0.5587052612393603,256,63,193,0.24609375,33.34771394729614,0.46567984704903964,0.8532391464658395,0.6315388007572977,0.38866611552654123,0.8277135087021732,0.75,0.25,0.5,0.5,5.0,0.5,256,0.3535248070541736,0.745941780870795,0.9834501690075534,0.07685187289301904,0.5991592004988824,63,0.49182221692721784,0.7276071890208258,1.0004712633748138,0.36992488407529905,0.5991592004988824,193,-0.18325711482929732,0.762540063378854,1.0096267564744938,-0.008025118260902273,0.45669339221220634,63,0.4856629055504845,0.7919059973345447,1.0665542581626306,0.4785129831095477,0.5893369586321502,193,0.47626054062450796,0.7997031568577352,1.0723196080361792,0.470917555638923,0.5815101676088001
3,trial_0003,/home/fcolanto/projects/tabicl/corrosion_datasets/analysis/pitting_fixed_pren_direct_trial_results/trial_0003/trial_result.json,0.7414611962318451,0.7344078186229829,0.0220959730842623,201.68608002171567,287.38480197749664,0.5453665537750723,256,183,73,0.71484375,26.657536268234253,0.5889461815579344,0.6308327393833736,0.6078076123667102,0.5876984702600515,0.8355507398298841,1.0,0.75,0.25,0.9,5.0,1.0,256,0.31857052671018493,0.7707004802581124,1.0171762065005785,0.19715359409384475,0.580679831195702,183,0.29982787834086194,0.8042202102666559,1.0728110892952172,0.24063582263774796,0.580679831195702,73,0.399778327286251,0.7461019080054613,0.9824822652283035,0.04788774487049528,0.44472106986470933,183,0.498446934398965,0.7801325209175307,1.0525267532226643,0.4802684730306372,0.5920674504027438,73,0.50496402756551,0.7716117947703849,1.045660286442228,0.48753372870592704,0.5967665894527746
4,trial_0004,/home/fcolanto/projects/tabicl/corrosion_datasets/analysis/pitting_fixed_pren_direct_trial_results/trial_0004/trial_result.json,0.7325576274468355,0.7269306762320874,0.0395550735415451,224.0020015526154,316.8473862334623,0.4479450558906984,256,145,111,0.56640625,16.385537147521973,0.5947866273096853,0.7427730329812273,0.6338973417488323,0.13317049702731362,0.4535082965797643,0.25,0.5,0.0,0.35,2.0,0.0,256,0.5279476667646356,0.7245047143487341,0.9872007186817854,0.3463766888306978,0.5925470168711624,145,0.5192926442485581,0.7489793194250993,1.0966431389580242,0.4533695589266481,0.5925470168711624,111,0.23226812175231046,0.7541324516292596,0.993317768382641,0.03325060700164225,0.4189581430136627,145,0.4852863161604751,0.7902468894499967,1.0629765069128045,0.47561456243195444,0.5945652117892022,111,0.5005217981472524,0.7796449190370809,1.0543394203821443,0.48823164649205036,0.5765857610741314
5,trial_0005,/home/fcolanto/projects/tabicl/corrosion_datasets/analysis/pitting_fixed_pren_direct_trial_results/trial_0005/trial_result.json,0.7352893855196443,0.7532649649800395,0.0308700809651796,190.26901830777476,280.8246536862123,0.5661075139666107,256,134,122,0.5234375,57.24335193634033,0.3574730130252587,0.9496852261778461,0.6352686569157895,0.7900865899338698,0.16461377938185884,1.0,0.5,1.0,0.2,2.0,1.0,256,0.1773161821068968,0.7589654668230821,0.9969509014826156,0.03830254574099595,0.5154786515511559,134,0.2070135058342291,0.7718539639128535,1.013046077535592,0.13611619297276556,0.5154786515511559,122,-0.027942189182409368,0.7579518163385653,1.0001343074059825,-0.015140869916595693,0.40497880642905726,134,0.4887478987155062,0.7880633600777709,1.0610318035610706,0.47482787577992613,0.5836955260082503,122,0.5071863040813369,0.7671469409533042,1.0385346157614852,0.49685894966713834,0.5898093629039818
6,trial_0006,/home/fcolanto/projects/tabicl/corrosion_datasets/analysis/pitting_fixed_pren_direct_trial_results/trial_0006/trial_result.json,0.7161355391866588,0.7125034828280385,0.03053017111434,195.63631132514988,286.00126483071614,0.5505576710422065,256,194,62,0.7578125,36.61818766593933,0.5848315825663286,0.6879215092931443,0.5268376679259499,0.8825575166684463,0.1467221520882821,0.5,0.75,0.5,0.35,1.0,1.0,256,0.32993768445102317,0.7481413596182844,0.9744510597176088,0.09884531791152129,0.5046906339469354,194,0.31206108779953456,0.7579596002524454,0.9824276777417512,0.12437878793965915,0.5046906339469354,62,0.08141219654507735,0.7580250919440248,0.9972605207305705,0.03437046564394984,0.3337792598062739,194,0.475993270410649,0.801422140593688,1.0788173425267236,0.4675478719937252,0.5703940147880451,62,0.49852664800678065,0.7806189075700501,1.0599310329592806,0.4792622664200488,0.5710367399218433
7,trial_0007,/home/fcolanto/projects/tabicl/corrosion_datasets/analysis/pitting_fixed_pren_direct_trial_results/trial_0007/trial_result.json,0.7559494914137964,0.7624646414527559,0.0274679636535857,182.63102900658245,268.06084102816504,0.6047661059126581,256,65,191,0.25390625,48.55285143852234,0.5154808951717904,0.8835154400629761,0.5424259401919883,0.8695554433868774,0.23142897000080764,0.5,0.25,0.75,0.5,0.25,0.5,256,-0.0007501034093468699,0.764145611957574,1.003681963525354,0.0025892844176541667,0.531705646710867,65,0.060453668430924895,0.8139254000417067,1.034963147087803,0.018044703246571505,0.4641132911931934,191,-0.2044629437504126,0.7603123303296971,1.006510051687556,0.0013765222444270839,0.531705646710867,65,0.4721631080976695,0.7986830236969034,1.0763720240682126,0.467309927147762,0.5609187157380453,191,0.4924065646915065,0.7858516626664859,1.0616657978858401,0.4731783357955621,0.5968279738513855
8,trial_0008,/home/fcolanto/projects/tabicl/corrosion_datasets/analysis/pitting_fixed_pren_direct_trial_results/trial_0008/trial_result.json,0.7860120435657661,0.7954442268445708,0.017588924984628,170.51669829933715,255.05993524366764,0.6416193755687328,256,256,0,1.0,50.04514741897583,0.4926324074606964,0.8369520060760702,0.4724336109195643,0.45437977398629475,0.330641228075501,0.5,1.0,0.75,0.35,0.25,0.0,256,0.49241369955146536,0.7242765594665412,0.9713303430667783,0.27709847661810355,0.6073555553987958,256,0.49241369955146536,0.7242765594665412,0.9713303430667783,0.27709847661810355,0.6073555553987958,0,,,,,,256,0.49309881012727946,0.7854876656266483,1.0629797327144996,0.47133728906238054,0.597212723224911,0,,,,,
9,trial_0009,/home/fcolanto/projects/tabicl/corrosion_datasets/analysis/pitting_fixed_pren_direct_trial_results/trial_0009/trial_result.json,0.6643781024004898,0.6659466970721368,0.0291286691690112,221.3655706577111,312.790587849466,0.4618074167852465,256,191,65,0.74609375,17.069873332977295,0.5271285433851703,0.6731116410285223,0.5224999549969923,0.650512833099686,0.9136416359833509,0.75,0.75,0.0,0.9,0.5,1.0,256,0.3427590824702457,0.7650617248867589,1.0110858895076253,0.21372310353652058,0.5460065850578683,191,0.34585491460834666,0.7881168052557335,1.0530193601202964,0.2714462801968519,0.5460065850578683,65,0.14697465706784374,0.7546369362428067,0.9979143307228809,0.019397360614584667,0.3551894163548299,191,0.5015325563064352,0.7755889266752208,1.054025643747284,0.47192819078327886,0.5833354206050422,65,0.48851314542088475,0.7866756515457413,1.0596823486210567,0.47660935600027166,0.5796858440579166
10,trial_0010,/home/fcolanto/projects/tabicl/corrosion_datasets/analysis/pitting_fixed_pren_direct_trial_results/trial_0010/trial_result.json,0.7849518186051032,0.7788484333977477,0.018677621230291,174.30797877206382,259.5388699721891,0.6292999137264765,256,256,0,1.0,49.13600945472717,0.4064281177324425,0.9449166536311733,0.6912837137339194,0.2904594333456225,0.6318064025589459,0.0,1.0,0.75,0.7,0.1,0.0,256,0.5012530939564014,0.7337634647555059,1.0131193241166028,0.39902969322066956,0.6102006286464673,256,0.5012530939564014,0.7337634647555059,1.0131193241166028,0.39902969322066956,0.6102006286464673,0,,,,,,256,0.5018376057404592,0.775741525106071,1.0473556757616354,0.4850089108917129,0.6002269555278509,0,,,,,
11,trial_0011,/home/fcolanto/projects/tabicl/corrosion_datasets/analysis/pitting_fixed_pren_direct_trial_results/trial_0011/trial_result.json,0.8146783308691946,0.8319955385466103,0.0324550646485291,167.19347852113566,236.08134397418743,0.6930236128970708,256,256,0,1.0,49.10722374916077,0.4283606961742644,0.8201829036467667,0.4762236054341347,0.4902298222017809,0.6278390147199137,0.0,1.0,0.75,0.35,0.25,0.0,256,0.46214590139865325,0.7264611515967423,0.990942687785648,0.3011375625293531,0.5826805990132677,256,0.46214590139865325,0.7264611515967423,0.990942687785648,0.3011375625293531,0.5826805990132677,0,,,,,,256,0.48845241710135034,0.7881906191816066,1.0651209408016038,0.4692005078512323,0.592035452879442,0,,,,,
12,trial_0012,/home/fcolanto/projects/tabicl/corrosion_datasets/analysis/pitting_fixed_pren_direct_trial_results/trial_0012/trial_result.json,0.7811712137069884,0.7864792966224926,0.026454276147118,173.3396858165102,255.002258014584,0.64131806775617,256,256,0,1.0,54.63271236419678,0.4182671959401776,0.8044215533484848,0.4522810633692876,0.02954675994937095,0.6183386447985342,0.0,1.0,0.75,0.35,1.0,0.0,256,0.4984956209337797,0.7301824950371651,1.0166925886302496,0.39398237437148076,0.5866901169438322,256,0.4984956209337797,0.7301824950371651,1.0166925886302496,0.39398237437148076,0.5866901169438322,0,,,,,,256,0.49257174626737266,0.783854148316643,1.0608837972098035,0.4685125064269866,0.5833694273705163,0,,,,,
13,trial_0013,/home/fcolanto/projects/tabicl/corrosion_datasets/analysis/pitting_fixed_pren_direct_trial_results/trial_0013/trial_result.json,0.817132322644585,0.8325702851267057,0.036034455911162,170.43514758162075,241.81000499325083,0.6766878228754891,256,256,0,1.0,45.65943121910095,0.42236630657550434,0.7594357773856608,0.48925962224842173,0.5878856486994934,0.9918983601681818,0.0,1.0,0.75,0.7,0.25,0.0,256,0.4619479705422099,0.7350088266636838,0.9980609060187996,0.31592090351994817,0.570483473903812,256,0.4619479705422099,0.7350088266636838,0.9980609060187996,0.31592090351994817,0.570483473903812,0,,,,,,256,0.49465984094370624,0.781879722869009,1.0581635965881346,0.47544411172100387,0.597087453126209,0,,,,,
14,trial_0014,/home/fcolanto/projects/tabicl/corrosion_datasets/analysis/pitting_fixed_pren_direct_trial_results/trial_0014/trial_result.json,0.7825663190580577,0.7855687870211279,0.0274582118716151,197.3393107808305,269.1052366342197,0.6001412554012878,256,256,0,1.0,23.905497312545776,0.36221454968823263,0.7559496601818374,0.5724787062208951,0.6318439092438963,0.6388535890702534,0.0,1.0,0.25,0.7,0.25,0.0,256,0.5025905111541961,0.7262568261327599,0.9993614813677594,0.3951846597819523,0.5992066705537423,256,0.5025905111541961,0.7262568261327599,0.9993614813677594,0.3951846597819523,0.5992066705537423,0,,,,,,256,0.5032974090226813,0.7726792371976812,1.0452944965450135,0.4833493998722149,0.6043395872199656,0,,,,,
15,trial_0015,/home/fcolanto/projects/tabicl/corrosion_datasets/analysis/pitting_fixed_pren_direct_trial_results/trial_0015/trial_result.json,0.8100199921308772,0.8277501121338204,0.0347122230243201,168.5795639875495,252.30417293145277,0.6481182947418026,256,256,0,1.0,45.084774017333984,0.40495860967448827,0.7850307221316805,0.456755875674286,0.6951153461802538,0.7432469719789322,0.0,1.0,1.0,0.7,0.25,0.0,256,0.47913110527797087,0.7257955352264437,0.9625917916464566,0.18921312370214718,0.5747312715540351,256,0.47913110527797087,0.7257955352264437,0.9625917916464566,0.18921312370214718,0.5747312715540351,0,,,,,,256,0.4974823341364889,0.7793266479477561,1.056907304618873,0.47912802990729897,0.5799265567374845,0,,,,,
16,trial_0016,/home/fcolanto/projects/tabicl/corrosion_datasets/analysis/pitting_fixed_pren_direct_trial_results/trial_0016/trial_result.json,0.6690339922422475,0.6734971944703887,0.0335590566323086,208.17750420293896,296.91074764759026,0.5146072538565153,256,256,0,1.0,45.11402225494385,0.4305116569432734,0.7065294262367476,0.5685103702529846,0.5341762139196633,0.0026145686804278645,0.25,1.0,0.75,0.2,0.25,0.5,256,0.34426889811374994,0.7511727853686873,0.9892695815956538,0.057744362547182154,0.5136803661386278,256,0.34426889811374994,0.7511727853686873,0.9892695815956538,0.057744362547182154,0.5136803661386278,0,,,,,,256,0.5019564107265931,0.7763004787839757,1.0462240015559345,0.4814387677519638,0.5999003648308096,0,,,,,
17,trial_0017,/home/fcolanto/projects/tabicl/corrosion_datasets/analysis/pitting_fixed_pren_direct_trial_results/trial_0017/trial_result.json,0.8012017777128919,0.8024811404086397,0.0253724980968655,171.81247918928338,248.5957599005366,0.6590198726726418,256,256,0,1.0,44.34238243103027,0.3831595701770746,0.8041850321906555,0.4915296400983765,0.31830120920208826,0.5464675644307955,0.0,1.0,0.75,0.7,0.5,0.0,256,0.5013226110019003,0.7294053761693724,1.0043846381877202,0.38387260584939736,0.6025740237513865,256,0.5013226110019003,0.7294053761693724,1.0043846381877202,0.38387260584939736,0.6025740237513865,0,,,,,,256,0.4834954389741877,0.7933871179628167,1.066691028601616,0.46928184115426835,0.6021954934607753,0,,,,,
18,trial_0018,/home/fcolanto/projects/tabicl/corrosion_datasets/analysis/pitting_fixed_pren_direct_trial_results/trial_0018/trial_result.json,0.7785007299225456,0.7745624086315795,0.0279812895880009,178.677895430001,252.8087647877053,0.6478719012750485,256,68,188,0.265625,48.16191792488098,0.6438799829127583,0.7500794223857974,0.5516657893378365,0.539110868764553,0.7592778185742657,0.0,0.25,0.75,0.7,0.1,0.0,256,0.38854263139040074,0.7431901449386816,0.9816314218186293,0.0411350373055408,0.550668942674663,68,0.4733646895899649,0.7368292980995597,1.0125238895495405,0.3719751926973107,0.550668942674663,188,-0.15792547796127757,0.7594637023743321,1.0087207945011016,-0.05475067372033056,0.5328826252377873,68,0.498779921867004,0.7732352161929394,1.0544066446769447,0.4881959721922564,0.5611884325801277,188,0.495304588987991,0.7808019036318486,1.061191583259634,0.48157945570896754,0.5771349539345617
19,trial_0019,/home/fcolanto/projects/tabicl/corrosion_datasets/analysis/pitting_fixed_pren_direct_trial_results/trial_0019/trial_result.json,-0.0426710141551818,0.1086365741869716,0.2250271485643229,335.44559883089914,438.5068189432727,-0.0563539711118356,256,256,0,1.0,16.975794076919556,0.4591993644000201,0.7200262061065237,0.5114321285969311,0.7547623343661886,0.9324913796640544,0.0,1.0,0.0,0.2,0.25,0.0,256,0.48648501363849606,0.7385744538600522,1.0275226241005557,0.3833519729312734,0.5977801632846613,256,0.48648501363849606,0.7385744538600522,1.0275226241005557,0.3833519729312734,0.5977801632846613,0,,,,,,256,0.5042916831950627,0.7741427646725718,1.048586392233111,0.48013689500497925,0.5974622109621295,0,,,,,
20,trial_0020,/home/fcolanto/projects/tabicl/corrosion_datasets/analysis/pitting_fixed_pren_direct_trial_results/trial_0020/trial_result.json,0.6704794986564978,0.6789498940745252,0.050234276058501,233.61938583534103,314.4284940299217,0.4544787855736049,256,256,0,1.0,29.311772346496582,0.5455215804311108,0.8429380451276556,0.4773193398392308,0.3606069604628019,0.7224994066315409,1.0,1.0,0.25,0.5,0.25,0.5,256,0.25038275209380384,0.8975913524922874,1.1248791444230548,0.3707197580474718,0.6027891630152784,256,0.25038275209380384,0.8975913524922874,1.1248791444230548,0.3707197580474718,0.6027891630152784,0,,,,,,256,0.48878677140079896,0.7839886439989824,1.0670766046611038,0.4722846262441518,0.587826008518576,0,,,,,
21,trial_0021,/home/fcolanto/projects/tabicl/corrosion_datasets/analysis/pitting_fixed_pren_direct_trial_results/trial_0021/trial_result.json,0.8049371848490361,0.8226998655479901,0.0348040692500565,167.77501734537398,244.78626115671364,0.6686998341807933,256,256,0,1.0,55.39322757720947,0.394640336280662,0.7915369014075604,0.45641571174118184,0.6954391059720293,0.7623576512895771,0.0,1.0,1.0,0.7,0.25,0.0,256,0.44231759250889413,0.7307404899393952,0.9786529620767044,0.24238086996686703,0.5948655593231769,256,0.44231759250889413,0.7307404899393952,0.9786529620767044,0.24238086996686703,0.5948655593231769,0,,,,,,256,0.4923138115120421,0.7822198236646273,1.0584869736942235,0.476168552870633,0.5893974272537168,0,,,,,
22,trial_0022,/home/fcolanto/projects/tabicl/corrosion_datasets/analysis/pitting_fixed_pren_direct_trial_results/trial_0022/trial_result.json,0.8005484928278532,0.8217966427315614,0.0372304331315538,172.14426919624876,251.4403800357228,0.6501903654232797,256,256,0,1.0,51.067400217056274,0.4216529652184838,0.781749743291009,0.4526132535534544,0.7566781906657971,0.9984190175368488,0.0,1.0,1.0,0.7,0.25,0.0,256,0.3854256543703914,0.7350567072427157,0.9941711205601428,0.2014267259642472,0.5637070108089564,256,0.3854256543703914,0.7350567072427157,0.9941711205601428,0.2014267259642472,0.5637070108089564,0,,,,,,256,0.487616859392267,0.788077533481725,1.0650614229380007,0.46884631399387133,0.5764522489820287,0,,,,,
23,trial_0023,/home/fcolanto/projects/tabicl/corrosion_datasets/analysis/pitting_fixed_pren_direct_trial_results/trial_0023/trial_result.json,0.6241534179953179,0.6502928214558329,0.0589904210562192,237.59619413841284,318.62528760944485,0.4397865511637657,256,256,0,1.0,54.80815887451172,0.38087839723970024,0.8182225091192397,0.4760435830402527,0.9489221327129478,0.8564471016584472,0.0,1.0,1.0,0.7,0.25,0.0,256,0.3563654380997635,0.7346293723503873,0.9708423122621749,0.06372341619760008,0.5488468333906633,256,0.3563654380997635,0.7346293723503873,0.9708423122621749,0.06372341619760008,0.5488468333906633,0,,,,,,256,0.49847895925889507,0.7797141152467294,1.0534569854579758,0.4803269460783455,0.5865804697281435,0,,,,,
24,trial_0024,/home/fcolanto/projects/tabicl/corrosion_datasets/analysis/pitting_fixed_pren_direct_trial_results/trial_0024/trial_result.json,0.8251428715154979,0.8278165540514125,0.0432185835002981,161.28483468078758,228.47345184528385,0.711846669530913,256,256,0,1.0,54.03385281562805,0.43695588567289,0.7692515277097158,0.49758548941613134,0.5400108374321719,0.5248095927779556,0.0,1.0,1.0,0.7,0.25,0.0,256,0.44716182071306787,0.7344222232984766,0.9895414331035103,0.24120037184906662,0.5540554041754152,256,0.44716182071306787,0.7344222232984766,0.9895414331035103,0.24120037184906662,0.5540554041754152,0,,,,,,256,0.5013647640825766,0.7786047347529009,1.0523564932461298,0.4811595104266415,0.580180555018355,0,,,,,
25,trial_0025,/home/fcolanto/projects/tabicl/corrosion_datasets/analysis/pitting_fixed_pren_direct_trial_results/trial_0025/trial_result.json,0.8315136512427376,0.8450764907721298,0.0331065576015344,157.0400952099166,231.966979722562,0.7026435853049213,256,256,0,1.0,61.35810208320618,0.4365322759660659,0.8799340760508922,0.5023930269720049,0.5347599342738529,0.49007430374910677,0.25,1.0,1.0,0.9,0.25,0.0,256,-0.21212945371757355,2.703259462117489e+22,1.477236022376691e+23,0.19691225267182833,0.5783431645591944,256,-0.21212945371757355,2.703259462117489e+22,1.477236022376691e+23,0.19691225267182833,0.5783431645591944,0,,,,,,256,0.49463255898876796,0.7823754740347609,1.0587432610387135,0.4803068536566224,0.5850025448754924,0,,,,,
26,trial_0026,/home/fcolanto/projects/tabicl/corrosion_datasets/analysis/pitting_fixed_pren_direct_trial_results/trial_0026/trial_result.json,0.8211618506917706,0.8165043675311027,0.0305206582657562,163.495005555011,239.15021451755388,0.6853299626957325,256,193,63,0.75390625,57.54917359352112,0.4664403362519886,0.8797861618063018,0.5372581545228782,0.5603278791913423,0.49358447855711624,0.25,0.75,1.0,0.9,0.5,0.0,256,0.2833604028629226,27.447480093420715,136.96746432131442,0.13562342291292895,0.571390612573823,193,0.28646600784560305,36.417110303613,181.70367702653823,0.20275302398852368,0.571390612573823,63,-0.11061691423234214,0.76421552111303,1.007572832000649,0.011175199937655415,0.36129289266847586,193,0.5007660919251138,0.7777426328365197,1.0520143198952923,0.47960797908851227,0.5844532563368634,63,0.49442117851125295,0.7857949335040953,1.057978515984935,0.4854247488456527,0.5782135889415518
27,trial_0027,/home/fcolanto/projects/tabicl/corrosion_datasets/analysis/pitting_fixed_pren_direct_trial_results/trial_0027/trial_result.json,0.8281435313297948,0.8450022244706753,0.030927760519634,151.8736119485649,224.85993920382225,0.7207587782599842,256,193,63,0.75390625,52.97703242301941,0.4793237209703158,0.9034528030653478,0.5448053929341158,0.38005178848502774,0.5034029771451566,0.25,0.75,1.0,0.9,0.5,0.0,256,0.4870995683769398,0.7377146891568143,0.978262332115505,0.13295504679575065,0.5721923822104578,193,0.5126227803353476,0.7275737638290043,0.9748122962849249,0.23822685061966564,0.5721923822104578,63,-0.4881499646470048,0.800716340174017,1.0617143987140012,-0.03306645380580905,0.35773955472090946,193,0.49639645492302725,0.7824702293041772,1.058138000138371,0.4825943280306937,0.5779053274537149,63,0.508352306952037,0.7681629251718367,1.0442957598025258,0.4898205743375498,0.5626517212824447
28,trial_0028,/home/fcolanto/projects/tabicl/corrosion_datasets/analysis/pitting_fixed_pren_direct_trial_results/trial_0028/trial_result.json,0.8317144530277366,0.8352262068104431,0.0313830042564001,153.22303954160415,226.9286081499832,0.7157335672750726,256,186,70,0.7265625,57.24964094161987,0.44584093162644206,0.8968342004648815,0.592622724704637,0.41041617323115137,0.40799505081958937,0.25,0.75,1.0,0.9,0.5,0.5,256,0.4777345999583335,0.7312534690414081,0.9695250297881409,0.16461701298648945,0.603435728945338,186,0.506762449661179,0.723784755459858,0.9683761771974079,0.25558861655236453,0.603435728945338,70,-0.30688284700376456,0.7693903413160943,1.0266881827974867,-0.03960961928149455,0.3566943387418873,186,0.49301075884786455,0.786057570334327,1.0582979663823502,0.4777793773553164,0.5921220689858766,70,0.4990372005432579,0.780153429440835,1.0537163030908858,0.4836515721261214,0.5595396238505679
29,trial_0029,/home/fcolanto/projects/tabicl/corrosion_datasets/analysis/pitting_fixed_pren_direct_trial_results/trial_0029/trial_result.json,0.8312201886675789,0.8554500973043355,0.0437570326706819,151.27631897709324,227.036418435734,0.714836644759995,256,192,64,0.75,54.803404569625854,0.4773720298264761,0.9172795110693763,0.5974811306818307,0.4217780644216394,0.345950130813268,0.25,0.75,1.0,0.9,0.5,0.5,256,0.4977594045315557,0.7228864699794686,0.950576287343138,0.1374841861891959,0.5781368003529531,192,0.5404136339440714,0.7146411598563708,0.9468389030960745,0.1938371690345272,0.5781368003529531,64,0.046470395371859506,0.767216367575703,1.0024824135550143,0.042736505829224544,0.4108561814909053,192,0.4956317127492822,0.7814937814331694,1.0527368219405528,0.4809979167832259,0.6084003476600809,64,0.4761580829420345,0.8001625113889992,1.0757348864681429,0.45907589554003925,0.562348134358029
30,trial_0030,/home/fcolanto/projects/tabicl/corrosion_datasets/analysis/pitting_fixed_pren_direct_trial_results/trial_0030/trial_result.json,0.8230236024786214,0.8293483488543715,0.0366940911726932,157.00077497660814,228.7581729442153,0.7123799080916104,256,194,62,0.7578125,60.20023488998413,0.4464748001172891,0.9170042512352229,0.5954063550779184,0.45363807079203505,0.3170149497082807,0.25,0.75,1.0,0.9,0.5,0.5,256,0.4883091868379245,0.728772835361357,0.972324333951862,0.14428358471510686,0.5646820946683452,194,0.4308054549604256,0.731157355654104,0.9858720374371275,0.2230372804999412,0.5646820946683452,62,0.20794681932573644,0.7556076272645471,0.9907330141206292,0.0033050188512033234,0.5533519233854544,194,0.4906059419972678,0.7857704710374606,1.0591835960347185,0.48104574221425245,0.5801350805373532,62,0.47154118613792734,0.8073919410705442,1.0770845344010531,0.4581886305987258,0.5717245158189065
31,trial_0031,/home/fcolanto/projects/tabicl/corrosion_datasets/analysis/pitting_fixed_pren_direct_trial_results/trial_0031/trial_result.json,0.8189122076001898,0.8245342615895609,0.0313708286766939,155.7994158234139,228.48261665716944,0.7121922986430401,256,191,65,0.74609375,54.06798315048218,0.47812163321743245,0.9128117897152958,0.5968621517430495,0.39692239156707837,0.4329641216685287,0.25,0.75,1.0,0.9,0.5,0.5,256,0.5160097202270932,47.72826467306816,236.9729872705646,0.1969586497640317,0.5700380508840086,191,0.51432757447945,63.981936497348165,317.65115746722415,0.24534821995245307,0.5700380508840086,65,-0.08998499048354518,0.7746600305831691,1.0171807604889507,0.014411145963567927,0.4820840215238702,191,0.4871243763670264,0.7916509575049534,1.0654727638992918,0.4744093861730514,0.5923739623463762,65,0.5039139046617268,0.771417501929151,1.0452145442931462,0.48127927219476224,0.5827328666463759
