trial_number,trial_id,trial_result_path,mean_test_spearman,median_test_spearman,std_test_spearman,mean_test_mae,mean_test_rmse,mean_test_r2,model,n_synth_requested,n_informed_sampled,n_generic_sampled,informed_sample_fraction,elapsed_seconds,epit_environment_coef,epit_interaction_coef,epit_material_coef,informed_feature_block_strength,informed_interaction_strength,informed_physical_marginal_prob,informed_prior_ratio,mlp_prob,pitting_material_dirichlet_active_prob,pitting_material_dirichlet_concentration,pitting_material_dirichlet_prob
0,trial_0000,/home/fcolanto/projects/tabicl/corrosion_datasets/analysis/pitting_fixed_pren_direct_trial_results/trial_0000/trial_result.json,0.8015491174198965,0.8110908644277176,0.0152541922025307,166.92513041210435,245.39686991383743,0.6683127275353488,hist_gradient_boosting,256,256,0,1.0,190.45471620559692,0.4507411074452459,0.8995975722395816,0.48837361667407403,0.4599753167366806,0.960498182133549,0.0,1.0,0.75,0.35,1.0,0.0
1,trial_0001,/home/fcolanto/projects/tabicl/corrosion_datasets/analysis/pitting_fixed_pren_direct_trial_results/trial_0001/trial_result.json,0.7437780922876497,0.7428872366010032,0.0343758948572248,187.48589581181315,279.58861674533307,0.5693610548856324,hist_gradient_boosting,256,129,127,0.50390625,181.97487092018127,0.49336365641992164,0.621038162883652,0.5043487963218568,0.2079018052437427,0.38705799516679407,0.75,0.5,0.5,0.35,1.0,1.0
2,trial_0002,/home/fcolanto/projects/tabicl/corrosion_datasets/analysis/pitting_fixed_pren_direct_trial_results/trial_0002/trial_result.json,0.7283295796511096,0.7503956274382345,0.0347225055025864,194.3209980891837,283.1738945820004,0.5587052612393603,hist_gradient_boosting,256,63,193,0.24609375,182.51983761787415,0.46567984704903964,0.8532391464658395,0.6315388007572977,0.38866611552654123,0.8277135087021732,0.75,0.25,0.5,0.5,5.0,0.5
3,trial_0003,/home/fcolanto/projects/tabicl/corrosion_datasets/analysis/pitting_fixed_pren_direct_trial_results/trial_0003/trial_result.json,0.7414611962318451,0.7344078186229829,0.0220959730842623,201.68608002171567,287.38480197749664,0.5453665537750723,hist_gradient_boosting,256,183,73,0.71484375,171.11491751670837,0.5889461815579344,0.6308327393833736,0.6078076123667102,0.5876984702600515,0.8355507398298841,1.0,0.75,0.25,0.9,5.0,1.0
4,trial_0004,/home/fcolanto/projects/tabicl/corrosion_datasets/analysis/pitting_fixed_pren_direct_trial_results/trial_0004/trial_result.json,0.7325576274468355,0.7269306762320874,0.0395550735415451,224.0020015526154,316.8473862334623,0.4479450558906984,hist_gradient_boosting,256,145,111,0.56640625,167.44178867340088,0.5947866273096853,0.7427730329812273,0.6338973417488323,0.13317049702731362,0.4535082965797643,0.25,0.5,0.0,0.35,2.0,0.0
5,trial_0005,/home/fcolanto/projects/tabicl/corrosion_datasets/analysis/pitting_fixed_pren_direct_trial_results/trial_0005/trial_result.json,0.7352893855196443,0.7532649649800395,0.0308700809651796,190.26901830777476,280.8246536862123,0.5661075139666107,hist_gradient_boosting,256,134,122,0.5234375,193.21034741401672,0.3574730130252587,0.9496852261778461,0.6352686569157895,0.7900865899338698,0.16461377938185884,1.0,0.5,1.0,0.2,2.0,1.0
6,trial_0006,/home/fcolanto/projects/tabicl/corrosion_datasets/analysis/pitting_fixed_pren_direct_trial_results/trial_0006/trial_result.json,0.7161355391866588,0.7125034828280385,0.03053017111434,195.63631132514988,286.00126483071614,0.5505576710422065,hist_gradient_boosting,256,194,62,0.7578125,175.48336005210876,0.5848315825663286,0.6879215092931443,0.5268376679259499,0.8825575166684463,0.1467221520882821,0.5,0.75,0.5,0.35,1.0,1.0
7,trial_0007,/home/fcolanto/projects/tabicl/corrosion_datasets/analysis/pitting_fixed_pren_direct_trial_results/trial_0007/trial_result.json,0.7559494914137964,0.7624646414527559,0.0274679636535857,182.63102900658245,268.06084102816504,0.6047661059126581,hist_gradient_boosting,256,65,191,0.25390625,196.0458960533142,0.5154808951717904,0.8835154400629761,0.5424259401919883,0.8695554433868774,0.23142897000080764,0.5,0.25,0.75,0.5,0.25,0.5
8,trial_0008,/home/fcolanto/projects/tabicl/corrosion_datasets/analysis/pitting_fixed_pren_direct_trial_results/trial_0008/trial_result.json,0.7860120435657661,0.7954442268445708,0.017588924984628,170.51669829933715,255.05993524366764,0.6416193755687328,hist_gradient_boosting,256,256,0,1.0,194.97157073020935,0.4926324074606964,0.8369520060760702,0.4724336109195643,0.45437977398629475,0.330641228075501,0.5,1.0,0.75,0.35,0.25,0.0
9,trial_0009,/home/fcolanto/projects/tabicl/corrosion_datasets/analysis/pitting_fixed_pren_direct_trial_results/trial_0009/trial_result.json,0.6643781024004898,0.6659466970721368,0.0291286691690112,221.3655706577111,312.790587849466,0.4618074167852465,hist_gradient_boosting,256,191,65,0.74609375,160.1279969215393,0.5271285433851703,0.6731116410285223,0.5224999549969923,0.650512833099686,0.9136416359833509,0.75,0.75,0.0,0.9,0.5,1.0
10,trial_0010,/home/fcolanto/projects/tabicl/corrosion_datasets/analysis/pitting_fixed_pren_direct_trial_results/trial_0010/trial_result.json,0.7849518186051032,0.7788484333977477,0.018677621230291,174.30797877206382,259.5388699721891,0.6292999137264765,hist_gradient_boosting,256,256,0,1.0,197.1586422920227,0.4064281177324425,0.9449166536311733,0.6912837137339194,0.2904594333456225,0.6318064025589459,0.0,1.0,0.75,0.7,0.1,0.0
11,trial_0011,/home/fcolanto/projects/tabicl/corrosion_datasets/analysis/pitting_fixed_pren_direct_trial_results/trial_0011/trial_result.json,0.8146783308691946,0.8319955385466103,0.0324550646485291,167.19347852113566,236.08134397418743,0.6930236128970708,hist_gradient_boosting,256,256,0,1.0,204.69126868247986,0.4283606961742644,0.8201829036467667,0.4762236054341347,0.4902298222017809,0.6278390147199137,0.0,1.0,0.75,0.35,0.25,0.0
12,trial_0012,/home/fcolanto/projects/tabicl/corrosion_datasets/analysis/pitting_fixed_pren_direct_trial_results/trial_0012/trial_result.json,0.7811712137069884,0.7864792966224926,0.026454276147118,173.3396858165102,255.002258014584,0.64131806775617,hist_gradient_boosting,256,256,0,1.0,210.22656631469727,0.4182671959401776,0.8044215533484848,0.4522810633692876,0.02954675994937095,0.6183386447985342,0.0,1.0,0.75,0.35,1.0,0.0
13,trial_0013,/home/fcolanto/projects/tabicl/corrosion_datasets/analysis/pitting_fixed_pren_direct_trial_results/trial_0013/trial_result.json,0.817132322644585,0.8325702851267057,0.036034455911162,170.43514758162075,241.81000499325083,0.6766878228754891,hist_gradient_boosting,256,256,0,1.0,186.88190031051636,0.42236630657550434,0.7594357773856608,0.48925962224842173,0.5878856486994934,0.9918983601681818,0.0,1.0,0.75,0.7,0.25,0.0
14,trial_0014,/home/fcolanto/projects/tabicl/corrosion_datasets/analysis/pitting_fixed_pren_direct_trial_results/trial_0014/trial_result.json,0.7825663190580577,0.7855687870211279,0.0274582118716151,197.3393107808305,269.1052366342197,0.6001412554012878,hist_gradient_boosting,256,256,0,1.0,167.04974174499512,0.36221454968823263,0.7559496601818374,0.5724787062208951,0.6318439092438963,0.6388535890702534,0.0,1.0,0.25,0.7,0.25,0.0
15,trial_0015,/home/fcolanto/projects/tabicl/corrosion_datasets/analysis/pitting_fixed_pren_direct_trial_results/trial_0015/trial_result.json,0.8100199921308772,0.8277501121338204,0.0347122230243201,168.5795639875495,252.30417293145277,0.6481182947418026,hist_gradient_boosting,256,256,0,1.0,185.16973757743835,0.40495860967448827,0.7850307221316805,0.456755875674286,0.6951153461802538,0.7432469719789322,0.0,1.0,1.0,0.7,0.25,0.0
16,trial_0016,/home/fcolanto/projects/tabicl/corrosion_datasets/analysis/pitting_fixed_pren_direct_trial_results/trial_0016/trial_result.json,0.6690339922422475,0.6734971944703887,0.0335590566323086,208.17750420293896,296.91074764759026,0.5146072538565153,hist_gradient_boosting,256,256,0,1.0,183.05340194702148,0.4305116569432734,0.7065294262367476,0.5685103702529846,0.5341762139196633,0.0026145686804278645,0.25,1.0,0.75,0.2,0.25,0.5
17,trial_0017,/home/fcolanto/projects/tabicl/corrosion_datasets/analysis/pitting_fixed_pren_direct_trial_results/trial_0017/trial_result.json,0.8012017777128919,0.8024811404086397,0.0253724980968655,171.81247918928338,248.5957599005366,0.6590198726726418,hist_gradient_boosting,256,256,0,1.0,193.09118390083313,0.3831595701770746,0.8041850321906555,0.4915296400983765,0.31830120920208826,0.5464675644307955,0.0,1.0,0.75,0.7,0.5,0.0
18,trial_0018,/home/fcolanto/projects/tabicl/corrosion_datasets/analysis/pitting_fixed_pren_direct_trial_results/trial_0018/trial_result.json,0.7785007299225456,0.7745624086315795,0.0279812895880009,178.677895430001,252.8087647877053,0.6478719012750485,hist_gradient_boosting,256,68,188,0.265625,198.0186746120453,0.6438799829127583,0.7500794223857974,0.5516657893378365,0.539110868764553,0.7592778185742657,0.0,0.25,0.75,0.7,0.1,0.0
19,trial_0019,/home/fcolanto/projects/tabicl/corrosion_datasets/analysis/pitting_fixed_pren_direct_trial_results/trial_0019/trial_result.json,-0.0426710141551818,0.1086365741869716,0.2250271485643229,335.44559883089914,438.5068189432727,-0.0563539711118356,hist_gradient_boosting,256,256,0,1.0,158.6275863647461,0.4591993644000201,0.7200262061065237,0.5114321285969311,0.7547623343661886,0.9324913796640544,0.0,1.0,0.0,0.2,0.25,0.0
20,trial_0020,/home/fcolanto/projects/tabicl/corrosion_datasets/analysis/pitting_fixed_pren_direct_trial_results/trial_0020/trial_result.json,0.6704794986564978,0.6789498940745252,0.050234276058501,233.61938583534103,314.4284940299217,0.4544787855736049,hist_gradient_boosting,256,256,0,1.0,174.08230018615723,0.5455215804311108,0.8429380451276556,0.4773193398392308,0.3606069604628019,0.7224994066315409,1.0,1.0,0.25,0.5,0.25,0.5
21,trial_0021,/home/fcolanto/projects/tabicl/corrosion_datasets/analysis/pitting_fixed_pren_direct_trial_results/trial_0021/trial_result.json,0.8049371848490361,0.8226998655479901,0.0348040692500565,167.77501734537398,244.78626115671364,0.6686998341807933,hist_gradient_boosting,256,256,0,1.0,193.4057056903839,0.394640336280662,0.7915369014075604,0.45641571174118184,0.6954391059720293,0.7623576512895771,0.0,1.0,1.0,0.7,0.25,0.0
22,trial_0022,/home/fcolanto/projects/tabicl/corrosion_datasets/analysis/pitting_fixed_pren_direct_trial_results/trial_0022/trial_result.json,0.8005484928278532,0.8217966427315614,0.0372304331315538,172.14426919624876,251.4403800357228,0.6501903654232797,hist_gradient_boosting,256,256,0,1.0,195.4990530014038,0.4216529652184838,0.781749743291009,0.4526132535534544,0.7566781906657971,0.9984190175368488,0.0,1.0,1.0,0.7,0.25,0.0
23,trial_0023,/home/fcolanto/projects/tabicl/corrosion_datasets/analysis/pitting_fixed_pren_direct_trial_results/trial_0023/trial_result.json,0.6241534179953179,0.6502928214558329,0.0589904210562192,237.59619413841284,318.62528760944485,0.4397865511637657,hist_gradient_boosting,256,256,0,1.0,197.85423231124878,0.38087839723970024,0.8182225091192397,0.4760435830402527,0.9489221327129478,0.8564471016584472,0.0,1.0,1.0,0.7,0.25,0.0
24,trial_0024,/home/fcolanto/projects/tabicl/corrosion_datasets/analysis/pitting_fixed_pren_direct_trial_results/trial_0024/trial_result.json,0.8251428715154979,0.8278165540514125,0.0432185835002981,161.28483468078758,228.47345184528385,0.711846669530913,hist_gradient_boosting,256,256,0,1.0,202.29395580291748,0.43695588567289,0.7692515277097158,0.49758548941613134,0.5400108374321719,0.5248095927779556,0.0,1.0,1.0,0.7,0.25,0.0
25,trial_0025,/home/fcolanto/projects/tabicl/corrosion_datasets/analysis/pitting_fixed_pren_direct_trial_results/trial_0025/trial_result.json,0.8315136512427376,0.8450764907721298,0.0331065576015344,157.0400952099166,231.966979722562,0.7026435853049213,hist_gradient_boosting,256,256,0,1.0,205.99137425422668,0.4365322759660659,0.8799340760508922,0.5023930269720049,0.5347599342738529,0.49007430374910677,0.25,1.0,1.0,0.9,0.25,0.0
26,trial_0026,/home/fcolanto/projects/tabicl/corrosion_datasets/analysis/pitting_fixed_pren_direct_trial_results/trial_0026/trial_result.json,0.8211618506917706,0.8165043675311027,0.0305206582657562,163.495005555011,239.15021451755388,0.6853299626957325,hist_gradient_boosting,256,193,63,0.75390625,199.40846610069275,0.4664403362519886,0.8797861618063018,0.5372581545228782,0.5603278791913423,0.49358447855711624,0.25,0.75,1.0,0.9,0.5,0.0
27,trial_0027,/home/fcolanto/projects/tabicl/corrosion_datasets/analysis/pitting_fixed_pren_direct_trial_results/trial_0027/trial_result.json,0.8281435313297948,0.8450022244706753,0.030927760519634,151.8736119485649,224.85993920382225,0.7207587782599842,hist_gradient_boosting,256,193,63,0.75390625,198.10768961906433,0.4793237209703158,0.9034528030653478,0.5448053929341158,0.38005178848502774,0.5034029771451566,0.25,0.75,1.0,0.9,0.5,0.0
28,trial_0028,/home/fcolanto/projects/tabicl/corrosion_datasets/analysis/pitting_fixed_pren_direct_trial_results/trial_0028/trial_result.json,0.8317144530277366,0.8352262068104431,0.0313830042564001,153.22303954160415,226.9286081499832,0.7157335672750726,hist_gradient_boosting,256,186,70,0.7265625,203.67918586730957,0.44584093162644206,0.8968342004648815,0.592622724704637,0.41041617323115137,0.40799505081958937,0.25,0.75,1.0,0.9,0.5,0.5
29,trial_0029,/home/fcolanto/projects/tabicl/corrosion_datasets/analysis/pitting_fixed_pren_direct_trial_results/trial_0029/trial_result.json,0.8312201886675789,0.8554500973043355,0.0437570326706819,151.27631897709324,227.036418435734,0.714836644759995,hist_gradient_boosting,256,192,64,0.75,196.73714756965637,0.4773720298264761,0.9172795110693763,0.5974811306818307,0.4217780644216394,0.345950130813268,0.25,0.75,1.0,0.9,0.5,0.5
30,trial_0030,/home/fcolanto/projects/tabicl/corrosion_datasets/analysis/pitting_fixed_pren_direct_trial_results/trial_0030/trial_result.json,0.8230236024786214,0.8293483488543715,0.0366940911726932,157.00077497660814,228.7581729442153,0.7123799080916104,hist_gradient_boosting,256,194,62,0.7578125,206.6959252357483,0.4464748001172891,0.9170042512352229,0.5954063550779184,0.45363807079203505,0.3170149497082807,0.25,0.75,1.0,0.9,0.5,0.5
31,trial_0031,/home/fcolanto/projects/tabicl/corrosion_datasets/analysis/pitting_fixed_pren_direct_trial_results/trial_0031/trial_result.json,0.8189122076001898,0.8245342615895609,0.0313708286766939,155.7994158234139,228.48261665716944,0.7121922986430401,hist_gradient_boosting,256,191,65,0.74609375,202.78536105155945,0.47812163321743245,0.9128117897152958,0.5968621517430495,0.39692239156707837,0.4329641216685287,0.25,0.75,1.0,0.9,0.5,0.5
