source,source_id,samples,reference,doi,title,publication_year,alloy_designations,designation_rows,oa_landing_url,oa_pdf_url,openalex_id
1964Tomashov,1,26,"N. D. Tomashov, G. P. Chernova, O. N. Markova, Corrosion 20 (1964): p. 166",10.5006/0010-9312-20.5.166t,Effect of Supplementary Alloying Elements On Pitting Corrosion Susceptibility Of 18Cr-14Ni Stainless Steel,1964,,0,,,https://openalex.org/W2185237772
1966Leckie,2,32,"Leckie, H. P. & Uhlig, H. H., J. Electrochem. Soc. 113, (1966): p. 1262–1267",10.1149/1.2423801,Environmental Factors Affecting the Critical Potential for Pitting in 18–8 Stainless Steel,1966,AISI 304,32,,,https://openalex.org/W2077890474
1968Bond,3,16,"A. P. Bond, E. A. Lizlovs, J. Electrochem. Soc. 115 (1968): p. 1130",10.1149/1.2410923,Anodic Polarization of Austenitic Stainless Steels in Chloride Media,1968,,0,https://doi.org/10.1149/1.2410923,https://iopscience.iop.org/article/10.1149/1.2410923/pdf,https://openalex.org/W1974724778
1968Horvath,4,18,"J. Horvath, H. H. Uhlig, J. Electrochem. Soc. 115 (1968): p. 791",10.1149/1.2411433,"Critical Potentials for Pitting Corrosion of Ni, Cr-Ni, Cr-Fe, and Related Stainless Steels",1968,,0,,,https://openalex.org/W2007682106
1969Boehni,5,12,"H. Boehni, H. H. Uhlig, Corrosion Science 9 (1969): p. 353",10.1016/0010-938x(69)80007-7,Effect of alloyed Re on the critical pitting potentials of 18%Cr/10%Ni stainless steels,1969,,0,,,https://openalex.org/W1965650784
1969Lizlovs,6,12,"E. A. Lizlovs, A. P. Bond, J. Electrochem. Soc. 116 (1969): p. 574",10.1149/1.2411967,Anodic Polarization of Some Ferritic Stainless Steels in Chloride Media,1969,18%Cr-2%Mo-0.11%Ni | 18%Cr-2%Mo-0.47%Ti | 18%Cr-2%Mo-0.62%Ni | 18%Cr-2%Mo-0.91%Ti-0.57%Ni | 18%Cr-2%Mo-1.08%Ni | 18%Cr-2%Mo-1.75%Ti-2.08%Ni | 18%Cr-2%Mo-1.86%Ti,7,,,https://openalex.org/W2059337826
1970Wilde,7,8,"B. E. Wilde, E. Williams , J. Electrochem. Soc. 117 (1970): p. 775",10.1149/1.2407627,On the Correspondence between Electrochemical and Chemical Accelerated Pitting Corrosion Tests,1970,AISI 304SS | AISI 430SS,8,https://doi.org/10.1149/1.2407627,https://iopscience.iop.org/article/10.1149/1.2407627/pdf,https://openalex.org/W2059585400
1973Bond,8,10,"A. P. Bond, J. Electrochem. Soc. 120 (1973): p. 603",10.1149/1.2403512,Effects of Molybdenum on the Pitting Potentials of Ferritic Stainless Steels at Various Temperatures,1973,,0,https://doi.org/10.1149/1.2403512,https://iopscience.iop.org/article/10.1149/1.2403512/pdf,https://openalex.org/W2125954415
1974Hartline,9,7,"A. G. Hartline, Metals Transactions 5 (1974): p. 271",10.1007/bf02644006,"The effect of nitrogen additions upon the pitting resistance of 18 pct Cr, 18 pct Mn Stainless Steel",1974,,0,,,https://openalex.org/W2089578903
1974Machin,10,15,"R. Machin, P. Guha, Werkstoffe und Korrosion 25 (1974): p. 40-45",10.1002/maco.19740250106,The use of potentiostatic techniques in the development of improved stainless steels for chemical plant,1974,17Cr-0Ni Stainless Steel (likely Type 430-SK) | 18Cr-10Ni Stainless Steel (likely Type-304 S) | 18Cr-10Ni-3Mo Stainless Steel | 18Cr-10Ni-3Mo-1Nb Stainless Steel | 29Ni-20Cr-3Mo-3.5Cu-1Nb High Alloy Stainless Steel | Ferralium alloy,15,,,https://openalex.org/W2130771884
1974Pessall,11,54,"N. Pessall, J. I. Nurminen, Corrosion 30 (1974): p. 381",10.5006/0010-9312-30.11.381,Development of Ferritic Stainless Steels for Use in Desalination Plants,1974,,0,,,https://openalex.org/W1997494882
1975Janik,12,10,"Janik-Czachor, E. Lunarska, Z. Szklarska-Smialowska, Corrosion 31 (1975): p. 349",10.5006/0010-9312-31.11.394,Effect of Nitrogen Content in a 18Cr-5Ni-10Mn Stainless Steel on the Pitting Susceptibility in Chloride Solutions,1975,18Cr-5Ni-0.03Mn,10,,,https://openalex.org/W1996990233
1975Lizlovs,13,10,"E. A. Lizlovs, A. P. Bond, J. Electrochem. Soc. 122 (1975): p. 719",10.1149/1.2134307,Anodic Polarization Behavior of High‐Purity 13 and 18% Cr Stainless Steels,1975,,0,https://doi.org/10.1149/1.2134307,https://iopscience.iop.org/article/10.1149/1.2134307/pdf,https://openalex.org/W2111412690
1975Lizlovs2,14,33,"E. A. Lizlovs, A. P. Bond, J. Electrochem. Soc. 122 (1975): p. 719",10.1149/1.2134307,Anodic Polarization Behavior of High‐Purity 13 and 18% Cr Stainless Steels,1975,ferritic,33,https://doi.org/10.1149/1.2134307,https://iopscience.iop.org/article/10.1149/1.2134307/pdf,https://openalex.org/W2111412690
1975Lunarska,15,12,"E. Lunarska, Z. Szklarska-Smialowska, M. Jamk Czachor, Corrosion 31 (1975): p. 231",10.5006/0010-9312-31.7.231,Susceptibility of Cr-Ni-Mn Stainless Steels to Pitting in Chloride Solutions,1975,18Cr-5Ni-0.03Mn,12,,,https://openalex.org/W2095759983
1977Sugimoto,16,18,"K. Sugimoto, Y. Sawada, Corrosion Science 17 (1977): p. 425-445",10.1016/0010-938x(77)90032-4,The role of molybdenum additions to austenitic stainless steels in the inhibition of pitting in acid chloride solutions,1977,,0,,,https://openalex.org/W2018273849
1977Truman,17,19,"J. E. Truman, M. J. Coleman, K. R. Pirt, British corrosion journal 12 (1977): p. 236-238",10.1179/000705977798318973,Note on the Influence of Nitrogen Content on the Resistance to Pitting Corrosion of Stainless Steels,1977,,0,,,https://openalex.org/W1983563634
1979Richardson,18,2,"W. H. Richardson, P. Guha, British Corrosion Journal (1979): p. 167-171",10.1179/bcj.1979.14.3.167,Improved Ferritic–Austenitic Stainless Steel,1979,cast alloy.  76 mm thick section. Ferritic-Austenitic Stainless Steel,2,,,https://openalex.org/W4250450450
1980Manning,19,27,"Manning, P. E., Duquette, D. J. & Savage, W. F., Corrosion 36 (1980): p.  246-251",10.5006/0010-9312-36.5.246,A STEM Examination of the Localized Corrosion Behavior of a Duplex Stainless Steel,1980,1.4301,27,,,https://openalex.org/W1971756351
1982Roy,20,16,"Roy, D. & Basu, S., Proc. Indian Nat. Sci. Acad. 48 (1982): p. 400-415",,,,1.4301,16,,,
1983Bandy,21,30,"R. Bandy, D. van Rooyen, Corrosion 39 (1983): p. 227",10.5006/1.3580841,Pitting-Resistant Alloys in Highly Concentrated Chloride Media,1983,,0,,,https://openalex.org/W2065809918
1983Barbosa,22,12,"Barbosa, M., Corrosion Science 23 (1983): p. 1293–1305",10.1016/0010-938x(83)90079-3,The pitting resistance of AISI 316 stainless steel passivated in diluted nitric acid,1983,AISI 316,12,,,https://openalex.org/W2090571422
1983Bui,23,17,"N. Bui et al., Corrosion 39 (1983): p. 491-496",10.5006/1.3577373,On the Mechanism for Improved Passivation by Additions of Tungsten to Austenitic Stainless Steels,1983,,0,,,https://openalex.org/W2028734296
1983Clark,24,8,"C.A. Clark, P. Guha, Werkstoffe und Korrosion, 34 (1983)",10.1002/maco.19830340105,"Improvements in corrosion resistance, mechanical properties, and weldability of duplex austenitic/ferritic steels",1983,Cast 20-type | Ferralium alloy 255 | Ferralium alloy 288,8,,,https://openalex.org/W2095354280
1983Shibata,25,242,"Shibata, T., Transactions Iron Steel Inst. Jpn. 23 (1983): p. 785–788",10.2355/isijinternational1966.23.785,Stochastic approach to the effect of alloying elements on the pitting resistance of ferritic stainless steels.,1983,17Cr | 17Cr-Mo | 17Cr-Ti | 18Cr | 18Cr-Mo | 18Cr-Nb,242,https://doi.org/10.2355/isijinternational1966.23.785,https://www.jstage.jst.go.jp/article/isijinternational1966/23/9/23_9_785/_pdf,https://openalex.org/W2043710640
1985Goetz,26,4,"R. Goetz, J. Laurent, D. Landolt, Corrosion science 25 (1985): p. 1115-1126",10.1016/0010-938x(85)90057-5,The influence of minor alloying elements on the passivation behaviour of iron-chromium alloys in HCl,1985,,0,,,https://openalex.org/W2082873572
1985Newman,27,2,"R. C. Newman, Corrosion Science 25 (1985): p. 341-350",10.1016/0010-938x(85)90112-x,The dissolution and passivation kinetics of stainless alloys containing molybdenum—II. Dissolution kinetics in artificial pits,1985,,0,,,https://openalex.org/W2034509841
1986Dawson,28,6,"Dawson, J. & Ferreira, M., Corrosion Science 26 (1986): p. 1009–1026",10.1016/0010-938x(86)90130-7,Electrochemical studies of the pitting of austenitic stainless steel,1986,AISI 316,6,,,https://openalex.org/W2034780158
1986Jargelius,29,8,"R. F. A. Jargelius, T. Wallin, 10th Scandinavian Corrosion Congress, Stockholm (1986): p. 161",,,,,0,,,
1986Wilde,30,19,"B. E. Wilde, Corrosion 42 (1986): p. 147-151",10.5006/1.3584894,The Influence of Silicon on the Pitting Corrosion Resistance of an 18Cr-8Ni Stainless Steel,1986,,0,,,https://openalex.org/W1965611873
1988Baroux,31,21,"Baroux, B., Corrosion Science 28 (1988): p. 969–986",10.1016/0010-938x(88)90015-7,The kinetics of pit generation on stainless steels,1988,AISI 304,21,,,https://openalex.org/W2041816509
1988Qvarfort,32,31,"Qvarfort, R., Corrosion Science 28 (1988): p. 135–140",10.1016/0010-938x(88)90090-x,New electrochemical cell for pitting corrosion testing,1988,AISI 304 | AISI 316 | Monit,31,,,https://openalex.org/W2055051707
1988Roberge,33,6,"R. Roberge, Corrosion 44 (1988): p. 274",10.5006/1.3583937,Effect of the Nickel Content in the Pitting of Stainless Steels in Low Chloride and Thiosulfate Solutions,1988,,0,,,https://openalex.org/W2016297250
1988Tanno,34,21,"Tanno, K. & Yashiro, H., Boshoku gijutsu 37 (1988): p. 81–87",10.3323/jcorr1974.37.2_81,Pitting Corrosion of SUS 304 Stainless Steel in High-Temperature Chloride Solution,1988,AISI 304,21,https://doi.org/10.3323/jcorr1974.37.2_81,https://www.jstage.jst.go.jp/article/jcorr1974/37/2/37_2_81/_pdf,https://openalex.org/W2519295863
1988Tsuge,35,17,"H. Tsuge , Y. Tarutani, T. Kudo , Corrosion 44 (1988): p. 305",10.5006/1.3583942,The Effect of Nitrogen on the Localized Corrosion Resistance of Duplex Stainless Steel Simulated Weldments,1988,,0,,,https://openalex.org/W2046109060
1989Lu,36,2,"Lu, Y. C., C. R. Clayton, A. R. Brooks, Corrosion science 29 (1989): p. 863-880",10.1016/0010-938x(89)90058-9,A bipolar model of the passivity of stainless steels—II. The influence of aqueous molybdate,1989,,0,,,https://openalex.org/W2020171592
1989Pawel,37,6,"S. J. Pawel, E. E. Stansbury, C. D. Lundin, Corrosion 45 (1989): p. 125",10.5006/1.3577829,Role of Nitrogen in the Pitting Resistance of Cast Duplex CF-Type Stainless Steels,1989,AISI 304SS,6,,,https://openalex.org/W2058027142
1990Guo,38,8,"R. Guo, M. B. Ives, Corrosion 46 (1990): p. 125",10.5006/1.3585076,Pitting Susceptibility of Stainless Steels in Bromide Solutions at Elevated Temperatures,1990,UNS N08904 | UNS S30100 | UNS S31254 | UNS S31600,8,,,https://openalex.org/W1971569468
1990Ives,39,2,"M. B. Ives et al., Corrosion science 31 (1990): p. 367-376",10.1016/0010-938x(90)90133-p,Corrosion behaviour of molybdenum-implanted stainless steel,1990,,0,,,https://openalex.org/W2034759655
1990Landolt,40,2,"D. Landolt et al., Corrosion science 31 (1990): p. 431-440",10.1016/0010-938x(90)90142-r,"Chloride ion effects on passive films on FeCr and FeCrMo studied by AES, XPS and SIMS",1990,,0,,,https://openalex.org/W2060518814
1990Nishimura,41,2,"Nishimura, R. & Kudo, K., Corrosion Science 31 (1990): p. 479–484",10.1016/0010-938x(90)90149-y,"The effects of passive films formed on iron, nickel and austenitic stainless steels (SUS 304 and SUS 316) on pitting corrosion",1990,SUS304 | SUS316,2,,,https://openalex.org/W1993750076
1991Azuma,42,12,"S. Azuma et al., Proceedings of the International Conference on Stainless Steels, Iron and Steel Institute of Japan, Tokyo (1991) p. 133",,,,25% Cr Duplex stainless steel. | 28% Cr Duplex | Super-austenitic stainless steel | Super-ferritic stainless steel,12,,,
1991Cortest,43,40,"Syrett, B., U.S. Dep. Energy Off. Sci., Tech. Inf. (1991)",,,,1.4438 | 317L | G3,40,,,
1991Mischler,44,4,"S. Mischler et al., Corrosion science 32 (1991): p. 925-944",10.1016/0010-938x(91)90013-f,"The chemical composition of the passive film on Fe24Cr and Fe24Cr11Mo studied by AES, XPS and SIMS",1991,,0,,,https://openalex.org/W1973121632
1991Urgen,45,88,"Ürgen, M. & Çakir, A., Corrosion Science 32 (1991): p. 835–852",10.1016/0010-938x(91)90028-n,The effect of molybdate ions on the temperature dependent pitting potential of austenitic stainless steels in neutral chloride solutions,1991,AISI 304 | AISI 316,88,,,https://openalex.org/W2040367646
1992Malik,46,20,"Malik, A., Mayan Kutty, P., Siddiqi, N. A., Andijani, I. N. & Ahmed, S., Corrosion Science 33 (1992): p. 1809–1827",10.1016/0010-938x(92)90011-q,The influence of pH and chloride concentration on the corrosion behaviour of AISI 316L steel in aqueous solutions,1992,316L,20,,,https://openalex.org/W1999015923
1992Mansfeld,47,8,"Mansfeld, F. et al., Corrosion Science 33 (1992): p. 445–456",10.1016/0010-938x(92)90073-c,An electrochemical and surface analytical study of stainless steels and titanium exposed to natural seawater,1992,304SS | AL6X,8,,,https://openalex.org/W2028472806
1992Sabot,48,3,"Sabot, R., Devaux, R., de Becdelievre, A. & Duret-Thual, C., Corrosion Science 33 (1992): p. 1121–1134",10.1016/0010-938x(92)90166-z,The resistance to localized corrosion in neutral chloride medium of an AISI 304l stainless steel implanted with nitrogen and neon ions,1992,(11 msmts) | (12 msmts),3,,,https://openalex.org/W2025532445
1993Lemaitre,49,53,"Lemaitre, C., Abdel Moneim, A., Djoudjou, R., Baroux, B. & Beranger, G., Corrosion Science 34 (1993): p. 1913–1922",10.1016/0010-938x(93)90027-e,A statistical study of the role of molybdenum in the pitting resistance of stainless steels,1993,AISI 304 | AISI 316 | AISI 430 | AISI 434 | AISI430,53,,,https://openalex.org/W2063654985
1993Palit,50,4,"G. C. Palit, V. Kain , H. S. Gadiya, Corrosion 49 (1993): p. 977",10.5006/1.3316025,Electrochemical Investigations of Pitting Corrosion in Nitrogen-Bearing Type 316LN Stainless Steel,1993,316LN (UNS S31653),4,,,https://openalex.org/W1966226140
1994Carroll,51,105,"W. M. Carroll, E. E. Lynskey, Corrosion Science 36 (1994): p. 1667",10.1016/0010-938x(94)90061-2,A crevice-free electrode assembly for the determination of reproducible breakdown potentials for stainless steels in halide environments,1994,316L | AISI 302,95,,,https://openalex.org/W1992250622
1994Devaux,52,48,"Devaux, R., Vouagner, D., de Becdelievre, A. & Duret-Thual, C., Corrosion Science 36 (1994): p. 171–186",10.1016/0010-938x(94)90118-x,Electrochemical and surface studies of the ageing of passive layers grown on stainless steel in neutral chloride solution,1994,AISI 304,48,,,https://openalex.org/W2036613812
1994Malik,53,75,"Malik, A. U., Siddiqi, N. & Andijani, I. N., Desalination 97 (1994): p. 189–197",10.1016/0011-9164(94)00086-7,Corrosion behavior of some highly alloyed stainless steels in seawater,1994,17-4PH | 1925 HMo | 20Cb3 | 254SMO | 304L | 3127 HMo | 316L | 317L | 410ss | 654SMO | 904L | Duplex2205 | Monit44635 | Remanit4565 | Remanit4575,75,,,https://openalex.org/W1974512978
1994Sadough,54,2,"A. Sadough Vanini, J. P. Audouard, P. Marcus, Corrosion Science 36 (1994): p. 1825",10.1016/0010-938x(94)90021-3,The role of nitrogen in the passivity of austenitic stainless steels,1994,,0,,,https://openalex.org/W1981661625
1995Jackson,55,19,"Jackson, E. M. L. E. M. & Paton, R., ISIJ international 35 (1995): p. 557–563",10.2355/isijinternational.35.557,Influence of Manganese on the Properties of a Vanadium-bearing Ferritic Stainless Steel.,1995,,0,https://doi.org/10.2355/isijinternational.35.557,https://www.jstage.jst.go.jp/article/isijinternational1989/35/5/35_5_557/_pdf,https://openalex.org/W1965829889
1995Malik,56,65,"A. U. Malik et al,. Corrosion science 37 (1995): p. 1521-1535",10.1016/0010-938x(95)00043-j,The effect of dominant alloy additions on the corrosion behavior of some conventional and high alloy stainless steels in seawater,1995,N08020 (20 Cb3). Nb + Ta = 5% | N0828 (hMo 3127) | N08904 (904L) | N08925 (hMo 1925) | S17400 (17-4PH) | S30403 (304L) | S31254 (SMO 254) | S31603 (316L) | S31703 (317L) | S31803 (Duplex 2205). Nb + Ta = 0.6% | S32654 (SMO 654) | S41000 (410) | S44635 (Monit 44635),65,,,https://openalex.org/W1997167740
1996Burstein,57,66,"Burstein, G. & Ilevbare, G., Corrosion science 38 (1996): p. 2257–2265",10.1016/s0010-938x(97)83146-0,The effect of specimen size on the measured pitting potential of stainless steel,1996,316L,66,,,https://openalex.org/W2003644337
1996Garfias,58,4,"L. F. Garfias-Mesias, J. M. Sykes , C. D. S. Tuck, Corrosion Science 38 (1996): p. 1319",10.1016/0010-938x(96)00022-4,The effect of phase compositions on the pitting corrosion of 25 Cr duplex stainless steel in chloride solutions,1996,25 Cr duplex SS UNS S32550,4,,,https://openalex.org/W2056959127
1996Halada,59,1,"G. P. Halada , D. Kim, C.R. Clayton, Corrosion 52 (1996): p. 36",10.5006/1.3292093,Influence of Nitrogen on Electrochemical Passivation of High-Nickel Stainless Steels and Thin Molybdenum-Nickel Films,1996,,0,,,https://openalex.org/W2172157347
1996Hong,60,48,"Hong, T., Ogushi, T. & Nagumo, M., Corrosion Science 38 (1996): p. 881–888 ",10.1016/0010-938x(96)00174-6,The effect of chromium enrichment in the film formed by surface treatments on the corrosion resistance of type 430 stainless steel,1996,430SS,48,,,https://openalex.org/W2158951877
1996Mudali,61,41,"Mudali, U. K., Dayal, R. K., Gnanamoorthy, J. B. & Rodriguez, P., ISIJ international 36 (1996): p. 799–806",10.2320/matertrans1989.37.1568,Pitting Corrosion Studies on Nitrogen-Bearing Austenitic Stainless Steels,1996,304LN | 316LN,41,https://doi.org/10.2320/matertrans1989.37.1568,https://www.jstage.jst.go.jp/article/matertrans1989/37/10/37_10_1568/_pdf,https://openalex.org/W2042366587
1996Olefjord,62,2,"I. Olefjord, L. Wegrelius, Corrosion Science 38 (1996): p. 1203",10.1016/0010-938x(96)00018-2,The influence of nitrogen on the passivation of stainless steels,1996,no major difference between two samples,2,,,https://openalex.org/W2070050399
1997Drogowska,63,55,"Drogowska, M., Ménard, H. & Brossard, L., Journal applied electrochemistry 27 (1997): p. 169–177",10.1023/a:1018499823288,Pitting of AISI 304 stainless steel in bicarbonate and chloride solutions,1997,304L,55,,,https://openalex.org/W1795020847
1997Hannani,64,4,"Hannani, A., Kermiche, F., Pourbaix, A. & Belmokre, K., Transactions Inst. Met. Finish. 75 (1997): p. 7–9",10.1080/00202967.1997.11871135,Characterisation of Passive Film on AISI304 Stainless Steel,1997,304L,4,,,https://openalex.org/W2470512982
1997Hong,65,4,"Hong, T. & Nagumo, M., Corrosion Science 39  (1997): p. 961–967",10.1016/s0010-938x(97)81161-4,The effect of SO42− concentration in NaCl solution on the early stages of pitting corrosion of type 430 stainless steel,1997,AISI430,4,,,https://openalex.org/W2033465924
1997Laycock,66,36,"Laycock, N. & Newman, R., Corrosion Science 39 (1997): p. 1771–1790",10.1016/s0010-938x(97)00049-8,"Localised dissolution kinetics, salt films and pitting potentials",1997,302SS | 316SS,36,,,https://openalex.org/W1966936360
1997Stellwag,67,64,"Stellwag, B., Corros. 53 (1997): p. 120–128",10.5006/1.3280440,Pitting Resistance of Alloy 800 as a Function of Temperature and Prefilming in High-Temperature Water,1997,alloy800,64,,,https://openalex.org/W2164859973
1997Truman,68,3,"ASTM STP 679, American Society for Testing and Materials, Philadelphia, (1979): p. 17",10.1520/stp679-eb,Properties of Austenitic Stainless Steels and Their Weld Metals (Influence of Slight Chemistry Variations),1979,,0,,,https://openalex.org/W2502281229
1997Yashiro,69,35,"Yashiro, H., Oyama, A. & Tanno, K., Corros. (Houston, Tex.) 53 (1997): p. 290–297",10.1016/s0010-938x(97)00178-9,The effect of permeated hydrogen on the pitting of type 304 stainless steel,1998,AISI 304,35,,,https://openalex.org/W1996822649
1998Ahn,70,8,"M. K. Ahn, H.-S. Kwon, H. M. Lee, Corrosion science 40 (1998): p. 307-322",10.1016/s0010-938x(97)00138-8,Quantitative comparison of the influences of tungsten and molybdenum on the passivity of Fe-29Cr ferritic stainless steels,1998,,0,,,https://openalex.org/W2050289595
1998Chou,71,8,"Chou, S.-L., Lin, C.-Y., Lee, J.-T. & Tsai, W.-T. J., Materials Science 33 (1998): p. 2413–2419",10.1023/a:1004364126675,The electrochemical behaviour of direct strip casting stainless steel in acid solutions,1998,AISI304,8,,,https://openalex.org/W1984429718
1998Fujimoto,72,10,"Fujimoto, S., Yamada, T. & Shibata, T., J. Electrochem. Soc. 145 (1998): p. L79–L81",10.1149/1.1838493,Improvement of Pitting Corrosion Resistance of Type 304 Stainless Steel by Modification of Passive Film with Ultraviolet Light Irradiation,1998,AISI304,10,https://doi.org/10.1149/1.1838493,https://iopscience.iop.org/article/10.1149/1.1838493/pdf,https://openalex.org/W2006878853
1998Kwok,73,6,"Kwok, C., Man, H. & Cheng, F., Surf. & coatings technology 99 (1998): p. 295–304",10.1016/s0257-8972(97)00624-5,Cavitation erosion and pitting corrosion of laser surface melted stainless steels,1998,2507 | 304SS | 316SS,6,,,https://openalex.org/W2031818369
1998Lakatos_Varsanyi,74,2,"Lakatos-Varsányi, M., Falkenberg, F. & Olefjord, I., Electrochimica Acta 43 (1998): p. 187–197",10.1016/s0013-4686(97)00224-7,The influence of phosphate on repassivation of 304 stainless steel in neutral chloride solution,1998,AISI 304,2,,,https://openalex.org/W2040634618
1998Latha,75,9,"Latha, G., Rajendran, N. & Rajeswari, S. J., Materials science letters 17 (1998): p. 519–522",10.1023/a:1006501132183,Evaluation of superaustenitic stainless steels as construction materials in sea water service systems,1998,316L | alloy 24 | alloy 33,9,,,https://openalex.org/W2223893260
1998Laycock,76,57,"Laycock, N., Newman, R., Corrosion Science 40 (1998): p. 887–902",10.1016/s0010-938x(98)00020-1,Temperature dependence of pitting potentials for austenitic stainless steels above their critical pitting temperature,1998,304L | 316L | 904L,57,,,https://openalex.org/W1998097366
1998Wyllie,77,8,"Wyllie, W. & Duquette, D., Corrosion (Houston, Tex.) 54 (1998): p. 781–799",10.5006/1.3284799,Effect of Dissolved Ozone on Corrosion Behavior of Stainless Steels in Artificial Seawater,1998,304L | 316L | 904L,8,,,https://openalex.org/W2053334939
1998Yashiro,78,19,"Yashiro, H., Pound, B., Kumagai, N. & Tanno, K., Corrosion Science 40 (1998): p. 781–791",10.1016/s0010-938x(97)00178-9,The effect of permeated hydrogen on the pitting of type 304 stainless steel,1998,304L,19,,,https://openalex.org/W1996822649
1999AbElMeguid,79,31,"Abd El Meguid, E., Mahmoud, N. & Abd El Rehim, S., Mater. chemistry physics 63 (2000): p. 67–74",10.1016/s0254-0584(99)00206-0,The effect of some sulphur compounds on the pitting corrosion of type 304 stainless steel,2000,AISI 304,31,,,https://openalex.org/W1986490760
1999Jargelius,80,48,"R. F. A. Jargelius-Pettersson, Corrosion Science 41 (1999): p. 1639",10.1016/s0010-938x(99)00013-x,Electrochemical investigation of the influence of nitrogen alloying on pitting corrosion of austenitic stainless steels,1999,,0,,,https://openalex.org/W2010763743
1999Kim,81,3,"J-S. Kim, H-S. Kwon, Corrosion 55 (1999): p. 512-521",10.5006/1.3284014,Effects of Tungsten on Corrosion and Kinetics of Sigma Phase Formation of 25% Chromium Duplex Stainless Steels,1999,,0,,,https://openalex.org/W1976872156
1999Wegrelius,82,1,"L. Wegrelius, F. Falkenberg, I. Olefjord, J. Electrochem. Soc. 146  (1999): p. 1397-1407",10.1149/1.1391777,Passivation of Stainless Steels in Hydrochloric Acid,1999,,0,,,https://openalex.org/W2056685453
2000DiSchino,83,3,"Di Schino, A., Kenny, J., Mecozzi, M. & Barteri, M., J. materials science 35 (2000): p. 4803–4808",10.1023/a:1004872728797,"Development of high nitrogen, low nickel, 18%Cr austenitic stainless steels",2000,304 SS | 430+N | 430TiNb,3,,,https://openalex.org/W45878791
2000Kaneko,84,15,"Kaneko, M. & Isaacs, H., Corrosion Science 42 (2000): p. 67–78",10.1016/s0010-938x(99)00056-6,"Pitting of stainless steel in bromide, chloride and bromide/chloride solutions",2000,18-12 CrNi,15,,,https://openalex.org/W2072846514
2000Matsch,85,24,"Matsch, S. & Bohni, H., Russ. journal electrochemistry 36 (2000): p. 1122–1128",10.1007/bf02757532,Influence of temperature on the localized corrosion of stainless steels,2000,1.4301 | 1.4301+S,24,,,https://openalex.org/W1992198634
2000Noh,86,87,"Noh, J., Laycock, N., Gao, W. & Wells, D., Corrosion Science 42 (2000): p. 2069–2084",10.1016/s0010-938x(00)00052-4,Effects of nitric acid passivation on the pitting resistance of 316 stainless steel,2000,AISI 316,87,,,https://openalex.org/W1969436590
2000Russell,87,24,"Russell, J., Covino, B. & Bullard, S., Corrosion (Houston, Tex.) 57 (2001): p. 360–368",10.5006/1.3290360,Applications of Electrochemical Methods for Investigations of Localized Corrosion of Nitrogen-Molybdenum Stainless Steels,2001,N-Mo SS,24,,,https://openalex.org/W1963866550
2001Lim,88,9,"Y. S. Lim, J. S. Kim, S. J. Ahn, H. S. Kwon, Y. Katada, Corrosion Science 43 (2001): p. 53",10.1016/s0010-938x(00)00074-3,The influences of microstructure and nitrogen alloying on pitting corrosion of type 316L and 20 wt.% Mn-substituted type 316L stainless steels,2001,,0,,,https://openalex.org/W2057549808
2002Alonso,89,30,"Alonso-Falleiro, N. & Wolynec, S., Mater. Res. 5 (2002): p. 77-84",10.1590/s1516-14392002000100013,Correlation between Corrosion Potential and Pitting Potential for AISI 304L Austenitic Stainless Steel in 3.5% NaCl Aqueous Solution,2002,1.4301,30,https://doi.org/10.1590/s1516-14392002000100013,http://www.scielo.br/pdf/mr/v5n1/a13v05n1.pdf,https://openalex.org/W2140565977
2002Park,90,54,"Park, J., Matsch, S. & Böhni, H., J. Electrochem. Soc. 149 (2002): p. B34–B39",10.1149/1.1430415,Effects of Temperature and Chloride Concentration on Pit Initiation and Early Pit Growth of Stainless Steel,2002,304L,54,https://doi.org/10.1149/1.1430415,https://iopscience.iop.org/article/10.1149/1.1430415/pdf,https://openalex.org/W2019383263
2002Zuo,91,39,"Zuo, Y., Wang, H., Zhao, J. & Xiong, J., Corrosion Science 44 (2002): p. 13–24",10.1016/s0010-938x(01)00031-2,The effects of some anions on metastable pitting of 316L stainless steel,2002,,0,,,https://openalex.org/W2017689267
2003Ilevbare,92,31,"Ilevbare, G. & Burstein, G., Corrosion Science 45 (2003): p. 1545–1569",10.1016/s0010-938x(02)00229-9,The inhibition of pitting corrosion of stainless steels by chromate and molybdate ions,2003,304L | 316L,31,,,https://openalex.org/W2093987130
2004Alentejano,93,11,"Alentejano, C. R. & Aoki, I. V., Electrochimica acta 49 (2004): p. 2779–2785",10.1016/j.electacta.2004.01.039,Localized corrosion inhibition of 304 stainless steel in pure water by oxyanions tungstate and molybdate,2004,,0,,,https://openalex.org/W2073962448
2004Elshawesh,94,12,"Elshawesh, F. & Elhoud, A. EUROCORR 2004 (2004)",,,,1.4301,12,,,
2005Faller,95,7,"Faller, M., Buzzi, S. & Trzebiatowski, O. V., Mater. corrosion 56 (2005): p. 373–378",10.1002/maco.200403846,Corrosion behaviour of glass-bead blasted stainless steel sheets and other sheets with dull surface finish in a chloride solution,2005,1.4301,7,,,https://openalex.org/W2043577832
2006Mathiesen,96,107,"Nielsen, T., Mathiesen, T. & Frantsen, J., NACE Corrosion 2007 (2007)",,,,1.4404,107,,,
2006Muwila,97,23,"Muwila, A., M.Sc. thesis, University of the Witwatersrand, Johannesburg, South-Africa (2006)",,,,,0,,,
2006Shin,98,15,"Shin, J. & Lee, J.-B., J. Korean Inst. Surf. Eng. 39 (2006): p. 18–24",,,,,0,,,
2007Nielsen,99,61,"Nielsen, T., Mathiesen, T. & Frantsen, J. NACE Corrosion 2007 (2007)",,,,1.4404,61,,,
2007Saithala,100,18,"Saithala, J. & Atkinson, J. D., Duplex 2007 (2007)",,,,,0,,,
2007Yang,101,73,"Yang, S. & Macdonald, D. D., Electrochimica acta 52 (2007): p. 1871–1879 ",10.1016/j.electacta.2006.07.052,Theoretical and experimental studies of the pitting of type 316L stainless steel in borate buffer solution containing nitrate ion,2006,1.4404L,73,,,https://openalex.org/W2079041283
2008Deng,102,6,"Deng, B. et al., Electrochimica Acta 53 (2008): p. 5220–5225",10.1016/j.electacta.2008.02.047,Critical pitting and repassivation temperatures for duplex stainless steel in chloride solutions,2008,DP2205 | DP2507,6,,,https://openalex.org/W2008820999
2008Lu,103,9,"Lu, G., Cheng, H., Xu, C. & He, Z., Chin. journal chemical engineering 16 (2008): p. 314–319",10.1016/s1004-9541(08)60080-4,Effect of Strain and Chloride Concentration on Pitting Susceptibility for Type 304 Austenitic Stainless Steel,2008,1.4301,9,,,https://openalex.org/W2049357256
2008Pohjanne,104,67,"Pohjanne, P., Carpén, L., Hakkarainen, T. & Kinnunen, P., J. constructional steel research 64 (2008): p. 1325–1331",10.1016/j.jcsr.2008.07.001,A method to predict pitting corrosion of stainless steels in evaporative conditions,2008,1.4003 | 1.4301 | 1.4432,67,,,https://openalex.org/W2154747468
2009Ramana,105,68,"Ramana, K. et al., Mater. Des. 30 (2009): p. 3770–3775",10.1016/j.matdes.2009.01.039,Effect of different environmental parameters on pitting behavior of AISI type 316L stainless steel: Experimental studies and neural network modeling,2009,316L,68,,,https://openalex.org/W1965475558
2009Wong,106,92,"F. Wong, Diss. The Ohio State University, (2009)",,,,NiCrMo Alloy,92,,,
2010Arcelor,107,56,"Arcelor Mittal. Stainless steel and corrosion. Tech. Rep., Arcelor Mittal, Paris, France (2010)",,,,1.4 | 1.4003 | 1.4016 | 1.4017 | 1.4021 | 1.4062 | 1.4307 | 1.431 | 1.4318 | 1.4362 | 1.4371 | 1.4372 | 1.4404 | 1.4462 | 1.4509 | 1.451 | 1.4512 | 1.4521 | 1.4526 | 1.4541 | 1.4571 | 1.4618 | 1.4621,56,,,
2011Asaduzzaman,108,5,"Asaduzzaman, M. D., Mohammad, C. & Islam, M. M., Chem. Ind. & Chem. Eng. Q. 17 (2011): p. 477–483",10.2298/ciceq110406032a,Effects of concentration of sodium chloride solution on the pitting corrosion behavior of AISI 304L austenitic stainless steel,2011,304L,5,https://doi.org/10.2298/ciceq110406032a,http://www.doiserbia.nb.rs/ft.aspx?id=1451-93721100032A,https://openalex.org/W2108493994
2011Dong,109,35,"Dong, C. et al., J. Wuhan Univ. Technol. - Mater. Sci. Ed. (2011): p. 641–647 ",10.1007/s11595-011-0283-4,Effect of temperature and Cl− concentration on pitting of 2205 duplex stainless steel,2011,DP2205,35,,,https://openalex.org/W2007434060
2011Ebrahimi,110,42,"Ebrahimi, N., Moayed, M. & Davoodi, A., Corrosion Science 53 (2011): p.  1278–1287",10.1016/j.corsci.2010.12.019,Critical pitting temperature dependence of 2205 duplex stainless steel on dichromate ion concentration in chloride medium,2010,DP2205,42,,,https://openalex.org/W2073758013
2011Elsener,111,53,"Elsener, B., Addari, D., Coray, S. & Rossi, A., Mater. corrosion 62 (2011): p. 111–119",10.1002/maco.201005826,Stainless steel reinforcing bars – reason for their high pitting corrosion resistance,2010,1.4003 | 1.4301 | 1.4401 | 1.4456 | 1.4462,53,,,https://openalex.org/W2088577913
2011Elsenser_Bertolini,112,6,,,,,1.4301,6,,,
2011Kimbrel,113,21,"Kimbrel, K., Pharm. Eng. 31 (2011): p. 1–7",,,,316L,21,,,
2012Hara,114,67,"Hara, N., Hirabayashi, K., Sugawara, Y. & Muto, I., Int. journal corrosion 2012 (2012): p. 1–6",10.1155/2012/482730,Improvement of Pitting Corrosion Resistance of Type 316L Stainless Steel by Potentiostatic Removal of Surface MnS Inclusions,2012,1.4404,67,https://doi.org/10.1155/2012/482730,https://downloads.hindawi.com/journals/ijc/2012/482730.pdf,https://openalex.org/W2020912667
2013DeAngelis,115,17,"DeAngelis, C. M.Sc. thesis, Politecnico Di Milano, Milan, Italy (2013).",,,,1.4301 | 430 | 470LI,17,,,
2013Loto,116,10,"Loto, R., J. Mater. Environ. Sci. 4 (2013): p. 291–297",,,,1.4301,10,,,
2013Mesquita,117,30,"Mesquita, T., Chauveau, E., Mantal, M., Kinsman, N. & Nogueira, R., REM - Int. Eng. J. 66 (2013): p. 173–178",10.1590/s0370-44672013000200006,Influence of Mo alloying on pitting corrosion of stainless steels used as concrete reinforcement,2013,1.4301L | 1.4362 | 1.4404L | 1.4462 | 430 | 434,30,https://doi.org/10.1590/s0370-44672013000200006,https://www.scielo.br/j/rem/a/dSGRrLVhWQ69D5sgZYkMPCf/?lang=en&format=pdf,https://openalex.org/W2011862260
2013Orlikowski,118,15,"Orlikowski, J. & Krakowiak, S., Eng. Failure analysis 29 (2013): p. 75–82",10.1016/j.engfailanal.2012.10.013,Pitting corrosion and stress-corrosion cracking of buffer tanks in a brewery,2012,1.4301 | 1.4436 | 1.4462,15,,,https://openalex.org/W1982110533
2014Bikic,119,8,"Bikic, F. & Mujagic, D., Bull. Chem. Technol. Bosnia Herzegovina 42 (2014): p. 41 – 46",,,,1.4301 | 303,8,,,
2014Jimenez-Come,120,16,"Jiménez-Come, M. et al., J. applied logic 10 (2012): p. 291–297",10.1016/j.jal.2012.07.005,Pitting corrosion behaviour of austenitic stainless steel using artificial intelligence techniques,2012,1.4404,16,https://doi.org/10.1016/j.jal.2012.07.005,,https://openalex.org/W1967274245
2014Mameng,121,42,"Hägg Mameng, S. & Pettersson, R., In EuroCorr 2014 (2014)",,,,1.4410 | 1.4432 | 1.4462 | 1.4527 | 1.4539 | 1.4565 | 1.4652,42,,,
2014Mameng2,122,241,"Mameng, S. H., Bergquist, A. & Johansson, E. NACE CORROSION/2014 (2014)",,,,EN1.4162 | EN1.4307,241,,,
2014Mendez,123,36,"Méndez, C. M. Developments in Corrosion Protection (IntechOpen, 2014)",10.5772/57275,Resistance to Corrosion and Passivity of 316L Stainless Steel Directionally Solidified Samples,2014,1.4404-varA | 1.4404-varB | 1.4404-varC | 1.4404-varD | 1.4404-varE | 1.4404-varF,36,https://doi.org/10.5772/57275,https://www.intechopen.com/citation-pdf-url/46242,https://openalex.org/W1532471671
2014Tang,124,60,"Tang, Y. et al., Corrosion Science 80 (2014): p. 111–119",10.1016/j.corsci.2013.11.015,The metastable pitting potential and its relation to the pitting potential for four materials in chloride solutions,2013,316L,60,,,https://openalex.org/W1972313437
2014Zhou,125,87,"Zhou, Y. et al., Sci. reports 4 (2014): p. 3604–3604",10.1038/srep03604,Atomic-scale decoration for improving the pitting corrosion resistance of austenitic stainless steels,2014,1.4404F | 1.4404L,87,https://doi.org/10.1038/srep03604,https://www.nature.com/articles/srep03604.pdf,https://openalex.org/W2073024284
2015AlAmeri,126,13,"Al Ameri, M. et al., Corrosion Science 92 (2015): p. 209–216",10.1016/j.corsci.2014.12.006,Critical conditions for pit initiation and growth of austenitic stainless steels,2014,316L,13,,,https://openalex.org/W1991434002
2015Blackwood,127,19,"Blackwood, D. J., Corrosion Science Technol. 14 (2015): p. 253–260",10.14773/cst.2015.14.6.25,,,,0,,,
2015Hernandez,128,30,"Calderón-Hernández, J., Hincapíe-Ladino, D., Magnabosco, R. & Alonso-Falleiros, N., REM - Int. Eng. J. 68 (2015): p. 91–96",10.1590/0370-44672015680002,Effect of solution heat treatment on the pitting corrosion behavior of a high Mn austenitic stainless steel in chloride solution,2015,,0,https://doi.org/10.1590/0370-44672015680002,https://www.scielo.br/j/rem/a/gKCfqQbV8pqKqQQjXCtdVPn/?lang=en&format=pdf,https://openalex.org/W2033070746
2015Wu,129,5,"Wu, K., Jung, W.-S. & Byeon, J.-W., Mater. Transactions 56 (2015): p. 398–403",10.2320/matertrans.m2014389,Evaluation of Corrosion Critical Variables of 304 Stainless Steel by Delay Time of Acoustic Emission,2015,1.4301,5,https://doi.org/10.2320/matertrans.m2014389,https://www.jstage.jst.go.jp/article/matertrans/56/3/56_M2014389/_pdf,https://openalex.org/W2147443102
2016Alar,130,72,"Alar, V., Zmak, I., Runje, B. & Horvatic, A., International Journal of Electrochemical Science 11 (2016): p. 7674-7689",10.20964/2016.09.26,Development of Models for Prediction of Corrosion and Pitting Potential on AISI 304 Stainless Steel in Different Environmental Conditions,2016,1.4301,72,https://doi.org/10.20964/2016.09.26,,https://openalex.org/W2517836898
2017Haugan,131,16,"Haugan, E. B., Naess, M., Rodriguez, C. T., Johnsen, R. & Iannuzzi, M., Corrosion 73 (2017): p. 53–67",10.5006/2185,Effect of Tungsten on the Pitting and Crevice Corrosion Resistance of Type 25Cr Super Duplex Stainless Steels,2016,DP2507,16,http://hdl.handle.net/20.500.11937/56723,https://espace.curtin.edu.au/bitstream/20.500.11937/56723/2/255738.pdf,https://openalex.org/W2513813685
2017Karlsson,132,19,"Karlsson, J. M.Sc. thesis, Lund University, Lund, Sweden (2017)",,,,1.4301L | 1.4404L,19,,,
2017Loto,133,17,"Loto, R. T. Austenitic Stainless Steels - New Aspects (IntechOpen, 2017)",10.5772/intechopen.70579,Pitting Corrosion Resistance and Inhibition of Lean Austenitic Stainless Steel Alloys,2017,301SS,17,https://doi.org/10.5772/intechopen.70579,https://www.intechopen.com/citation-pdf-url/56817,https://openalex.org/W2781445228
2017Luo,134,4,"Luo, H., Su, H., Dong, C. & Li, X. Appl. surface science 400 (2017): p. 38–48",10.1016/j.apsusc.2016.12.180,Passivation and electrochemical behavior of 316L stainless steel in chlorinated simulated concrete pore solution,2016,316L,4,,,https://openalex.org/W2564726798
2017Mameng,135,64,"Mameng, S. H., Pettersson, R. & Jonson, J. Y., Mater. corrosion 68 (2017): p. 272–283",10.1002/maco.201609061,"Limiting conditions for pitting corrosion of stainless steel EN 1.4404 (316L) in terms of temperature, potential and chloride concentration",2016,1.4404,64,,,https://openalex.org/W2471677027
2017Salih,136,8,"Salih, S. M., Shakir, I. K. & Al-Sammurraee, A. M. A., Mater. Sci. Appl. 8 (2017): p. 889–898",10.4236/msa.2017.812065,Comparison of Aggressiveness Behavior of Chloride and Iodide Solutions on 304 and 304L Stainless Steel Alloys,2017,304L | 304SS,8,https://doi.org/10.4236/msa.2017.812065,https://content.scirp.org/pdf/msa_2017111514141743.pdf,https://openalex.org/W2770216788
2018Ha,137,32,"Ha, H.-Y., Lee, T.-H., Bae, J.-H. & Chun, D. W., Met. (Basel ) 8 (2018): p. 653",10.3390/met8080653,Molybdenum Effects on Pitting Corrosion Resistance of FeCrMnMoNC Austenitic Stainless Steels,2018,Cr18Mn10,32,https://doi.org/10.3390/met8080653,https://www.mdpi.com/2075-4701/8/8/653/pdf,https://openalex.org/W2888312620
2018Huang,138,24,"Huang, T.-S., Tsai, W.-T., Pan, S.-J. & Chang, K.-C., Corros. engineering, science, technology 53 (2018): p. 9–15",10.1080/1478422x.2017.1394020,Pitting corrosion behaviour of 2101 duplex stainless steel in chloride solutions,2018,2101LDX | DP2205,24,https://doi.org/10.1080/1478422x.2017.1394020,,https://openalex.org/W2862236658
2018Shakir,139,8,"Shakir, I. K., Al-Samurraee, A.-K. M. A. & Saleh, S. M., J. Eng. 24 (2018): p. 53–69",10.31026/j.eng.2018.01.04,Pitting Corrosion Behavior of 304 SS and 316 SS Alloys in Aqueous Chloride and Bromide Solutions,2018,1.4301 | 1.4404L,8,http://dx.doi.org/10.31026/j.eng.2018.01.04,https://www.joe.uobaghdad.edu.iq/index.php/main/article/download/494/421,https://openalex.org/W2917161480
2018Shi,140,5,"Shi, W., Yang, S. & Li, J., Sci. reports 8 (2018): p. 4830–9",10.1038/s41598-018-23273-x,Correlation between evolution of inclusions and pitting corrosion in 304 stainless steel with yttrium addition,2018,304L,5,https://doi.org/10.1038/s41598-018-23273-x,https://www.nature.com/articles/s41598-018-23273-x.pdf,https://openalex.org/W2805180217
2019Calderon-Hernandez,141,120,"Calderón-Hernández, J., Hincapíe-Ladino, D., Magnabosco, R. & Alonso-Falleiros, N. REM - Int. Eng. J. [online] 72 (2019): p. 97–103",10.1590/0370-44672017720018,Effect of sulfate on the pitting potential of austenitic stainless steels 18Cr8Ni and 17Cr6Mn5Ni in chloride media,2019,1.4301L | 17Cr6Mn5Ni,120,https://doi.org/10.1590/0370-44672017720018,http://www.scielo.br/pdf/remi/v72n1/2448-167X-remi-72-01-0097.pdf,https://openalex.org/W2914142579
2019Dastgerdi1,142,29,"Dastgerdi, A. A., Brenna, A., Ormellese, M., Pedeferri, M. P. & Bolzoni, F., Corrosion Science 159 (2019): p. 108160",10.1016/j.corsci.2019.108160,"Experimental design to study the influence of temperature, pH, and chloride concentration on the pitting and crevice corrosion of UNS S30403 stainless steel",2019,304L,29,http://hdl.handle.net/11311/1119854,,https://openalex.org/W2967402238
2019Dastgerdi2,143,81,"Dastgerdi, A. A., Brenna, A., Ormellese, M., Pedeferri, M. P. & Bolzoni, F., Corrosion Science 159 (2019): p. 108160",10.1016/j.corsci.2019.108160,"Experimental design to study the influence of temperature, pH, and chloride concentration on the pitting and crevice corrosion of UNS S30403 stainless steel",2019,304L,81,http://hdl.handle.net/11311/1119854,,https://openalex.org/W2967402238
2019Ha,144,24,"Ha, H.-Y., Lee, T.-H., Lee, C.-G. & Yoon, H., Corrosion Science 149 (2019): p. 226–235",10.1016/j.corsci.2019.01.001,Understanding the relation between pitting corrosion resistance and phase fraction of S32101 duplex stainless steel,2019,LDX2101,24,,,https://openalex.org/W2907944376
2019Li,145,4,"Li, X. et al., J. The Electrochem. Soc. 166 (2019): p. C539–C549",10.1149/2.0401915jes,Modeling of Pitting Corrosion Damage Based on Electrochemical and Statistical Methods,2019,304 SS,4,https://doi.org/10.1149/2.0401915jes,https://iopscience.iop.org/article/10.1149/2.0401915jes/pdf,https://openalex.org/W2982085962
2019Yoon,146,20,"Yoon, H. et al., Metals 9 (2019): p. 930",10.3390/met9090930,Pitting Corrosion Resistance and Repassivation Behavior of C-Bearing Duplex Stainless Steel,2019,1.4462,20,https://doi.org/10.3390/met9090930,https://www.mdpi.com/2075-4701/9/9/930/pdf?version=1566802541,https://openalex.org/W2971238479
2019Zatkalikova,147,2,"Zatkalikova, V. & Markovicova, L., Prod. Eng. Arch. 25 (2019): p. 43–46",10.30657/pea.2019.25.08,Influence of temperature on corrosion resistance of austenitic stainless steel in cl − containing solutions,2019,316Ti,2,https://doi.org/10.30657/pea.2019.25.08,https://content.sciendo.com/downloadpdf/journals/pea/25/25/article-p43.pdf,https://openalex.org/W2999269102
2020Elsener,148,8,"Elsener, B., Fantauzzi, M. & Rossi, A., Mater. Corros. 71 (2020): p. 797–807",10.1002/maco.202011557,"Stainless steels: Passive film composition, pitting potentials, and critical chloride content in concrete",2020,EN1.4301 | EN1.4456 | EN1.4462,8,http://hdl.handle.net/11584/284441,,https://openalex.org/W3008021195
2020Heyn,149,11,"Heyn, A. IOP Conf. Series: Mater. Sci. Eng. 882 (2020): p. 12010",10.1088/1757-899x/882/1/012010,Comparison of liquid and gel electrolytes for the investigation of pitting corrosion on stainless steels,2020,1.4301,11,https://doi.org/10.1088/1757-899x/882/1/012010,https://iopscience.iop.org/article/10.1088/1757-899X/882/1/012010/pdf,https://openalex.org/W3081667303
2020Melia,150,123,"Melia, M. A. et al., Npj Mater. degradation 4 (2020)",10.1038/s41529-020-00126-5,How build angle and post-processing impact roughness and corrosion of additively manufactured 316L stainless steel,2020,1.4404,123,https://doi.org/10.1038/s41529-020-00126-5,https://www.nature.com/articles/s41529-020-00126-5.pdf,https://openalex.org/W3046694935
2020Sander,151,3,"Sander, G., Cruz, V., Bhat, N. & Birbilis, N., Corros. science 177 (2020): p. 109004",10.1016/j.corsci.2020.109004,On the in-situ characterisation of metastable pitting using 316L stainless steel as a case study,2020,1.4404L,3,https://figshare.com/articles/journal_contribution/On_the_in-situ_characterisation_of_metastable_pitting_using_316L_stainless_steel_as_a_case_study/24407077,,https://openalex.org/W3087570781
2021Ornek,152,3,"Örnek, C., Davut, K., Kocabas, M., Bayatlı, A. & Ürgen, M., Corros. Mater. Degrad. 2 (2021): p. 397–411",10.3390/cmd2030021,Understanding Corrosion Morphology of Duplex Stainless Steel Wire in Chloride Electrolyte,2021,EN1.4462,3,https://doi.org/10.3390/cmd2030021,https://www.mdpi.com/2624-5558/2/3/21/pdf?version=1625717191,https://openalex.org/W3179845665
2021Vignal,153,7,"Vignal, V. et al., J. Mater. Eng. Perform. 30 (2021): p. 5050–5058",10.1007/s11665-021-05621-7,Pitting Corrosion of Type 316L Stainless Steel Elaborated by the Selective Laser Melting Method: Influence of Microstructure,2021,1.4301 | 1.4404 | 1.4539,7,https://doi.org/10.1007/s11665-021-05621-7,https://link.springer.com/content/pdf/10.1007/s11665-021-05621-7.pdf,https://openalex.org/W3137883015
2022Vasyliev,154,15,"Vasyliev, G., Pylypenko, I., Kuzmenko, O. & Gerasymenko, Y., Therm. Sci. Eng. Prog. 30 (2022): p. 101278",10.1016/j.tsep.2022.101278,Fouling influence on pitting corrosion of stainless steel heat exchanging surface,2022,,0,,,https://openalex.org/W4220874219
