checkpoint_name,checkpoint_step,model,task_id,n_folds,validation_folds,model_kind,model_source,dataset,table,target,target_binning,n_samples,n_features,feature_groups,feature_group_counts,task_quality_flags,context_rows_min,context_rows_max,validation_rows_min,validation_rows_max,mean_test_spearman,median_test_spearman,std_test_spearman,min_test_spearman,max_test_spearman,mean_test_mae,median_test_mae,std_test_mae,min_test_mae,max_test_mae,mean_test_rmse,median_test_rmse,std_test_rmse,min_test_rmse,max_test_rmse,mean_test_r2,median_test_r2,std_test_r2,min_test_r2,max_test_r2,mean_test_pearson,median_test_pearson,std_test_pearson,min_test_pearson,max_test_pearson
step-500,500,generic_baseline,electrochemical_metrics_alloys__pitting_potential__epit_mv_sce_avg,5,1 2 3 4 5,local_tabicl_regressor,/home/fcolanto/projects/tabicl/checkpoints/tabicl_s1_regression_baseline/step-500.ckpt,electrochemical_metrics_alloys,Pitting Potential,"Epit, mV (SCE) Avg.",continuous,608,21,"environment,material,process_history","{""environment"": 3, ""material"": 17, ""process_history"": 1}",,486,487,121,122,0.563085539161787,0.5457378431700151,0.13866730094448804,0.4065851473855655,0.7816241264060878,257.29115424609,248.19386855397136,23.655351187342493,242.88519686138147,299.2889476550257,338.0969467707841,326.825484933153,27.789183926071257,314.8301756962698,383.6478940866575,0.28928672082117757,0.2518866363697161,0.15674200811436595,0.1533150407731099,0.5594112591294603,0.5977387305683679,0.5517516913985722,0.1371065755061524,0.4906037753503406,0.8345420087594598
step-500,500,epit_scm_trial_0036,electrochemical_metrics_alloys__pitting_potential__epit_mv_sce_avg,5,1 2 3 4 5,local_tabicl_regressor,/home/fcolanto/projects/tabicl/checkpoints/epit_pipeline_final_v1/final_epit_pipeline_optuna_empirical_features_scm_target_v6_trial_0036/step-500.ckpt,electrochemical_metrics_alloys,Pitting Potential,"Epit, mV (SCE) Avg.",continuous,608,21,"environment,material,process_history","{""environment"": 3, ""material"": 17, ""process_history"": 1}",,486,487,121,122,0.5162415313749248,0.4469852604010628,0.18204990970210363,0.3368834199912955,0.8050160977395834,266.1342320079421,264.4127035377329,17.209264407066204,242.30834420629412,287.78359888198366,335.9914316459108,338.23541328479376,19.421819283502035,307.56344968268064,357.35415473299656,0.284736969666921,0.2173807707938175,0.19942428980039187,0.1308421382627199,0.6177342141056619,0.567101658418172,0.4930744970438924,0.17273222683735162,0.4419583238449554,0.8555332140076104
step-500,500,pretrained_tabicl_v2,electrochemical_metrics_alloys__pitting_potential__epit_mv_sce_avg,5,1 2 3 4 5,pretrained_tabicl_regressor,/home/fcolanto/.cache/huggingface/hub/models--jingang--TabICL/snapshots/4dcd344ece2c00be9e831fdd35bed57b5ad83e19/tabicl-regressor-v2-20260212.ckpt,electrochemical_metrics_alloys,Pitting Potential,"Epit, mV (SCE) Avg.",continuous,608,21,"environment,material,process_history","{""environment"": 3, ""material"": 17, ""process_history"": 1}",,486,487,121,122,0.6889862457157303,0.7264166761737962,0.15741918097522423,0.4972654121034983,0.8765706002620413,194.25667718263222,188.9494359413199,36.86832298560568,147.73902746228697,247.5178470109265,300.3581400295773,260.65988789830766,117.55450476942364,205.5124688962792,504.15891098827655,0.31396181162481074,0.558743360436929,0.6918553093098281,-0.8973551477817541,0.7966162897556599,0.6868127900529484,0.7510518633431433,0.2588149324185066,0.2579260068849429,0.9273144092547476
step-500,500,catboost,electrochemical_metrics_alloys__pitting_potential__epit_mv_sce_avg,5,1 2 3 4 5,catboost_regressor,catboost==1.2.10;iterations=1000;depth=6;learning_rate=0.03;l2_leaf_reg=3;thread_count=8,electrochemical_metrics_alloys,Pitting Potential,"Epit, mV (SCE) Avg.",continuous,608,21,"environment,material,process_history","{""environment"": 3, ""material"": 17, ""process_history"": 1}",,486,487,121,122,0.6916923585585038,0.7670399984280225,0.1958688169355076,0.4787131740337256,0.9112805160230548,189.85624042744638,184.17920914311293,29.420550617532736,150.36678957921768,220.3852586003285,260.839072873263,245.27082356558748,60.69992982775559,197.1535948556598,340.6674030557137,0.5332370239031992,0.6617536377540367,0.2881057750666573,0.1336868750181218,0.8199224654334067,0.7376788974329462,0.8227456609591492,0.18693386192041672,0.4886175443365949,0.9323509602938432
step-1000,1000,generic_baseline,electrochemical_metrics_alloys__pitting_potential__epit_mv_sce_avg,5,1 2 3 4 5,local_tabicl_regressor,/home/fcolanto/projects/tabicl/checkpoints/tabicl_s1_regression_baseline/step-1000.ckpt,electrochemical_metrics_alloys,Pitting Potential,"Epit, mV (SCE) Avg.",continuous,608,21,"environment,material,process_history","{""environment"": 3, ""material"": 17, ""process_history"": 1}",,486,487,121,122,0.5745464619228003,0.5540495453849353,0.19296757606711445,0.3531402323854729,0.8353924659583482,235.7433082901245,237.52264599538256,38.8542665445997,186.31815646023253,288.145031800816,326.4773574560567,321.0917896432911,56.238186638054806,256.46278740592714,384.71514441404514,0.3301310670605852,0.3900181739457486,0.2579036731126328,-0.0823379661941876,0.5569565472778679,0.6265351562863457,0.6289640698765875,0.16096708597640633,0.4140205364812012,0.8297094501259735
step-1000,1000,epit_scm_trial_0036,electrochemical_metrics_alloys__pitting_potential__epit_mv_sce_avg,5,1 2 3 4 5,local_tabicl_regressor,/home/fcolanto/projects/tabicl/checkpoints/epit_pipeline_final_v1/final_epit_pipeline_optuna_empirical_features_scm_target_v6_trial_0036/step-1000.ckpt,electrochemical_metrics_alloys,Pitting Potential,"Epit, mV (SCE) Avg.",continuous,608,21,"environment,material,process_history","{""environment"": 3, ""material"": 17, ""process_history"": 1}",,486,487,121,122,0.5999890501824822,0.5695699374944044,0.20641756778164977,0.380056509385526,0.8619684009543814,234.7431339502071,253.94548315958912,34.23990057279747,180.18229999726717,262.47507914269534,332.24242432778266,345.69120391172106,66.22201699700378,247.8572355757564,424.5479682601549,0.27016571896822716,0.3691107573699328,0.3957149412421802,-0.3454490864753026,0.6422790169085634,0.6019196578300611,0.6252160667990316,0.2183334137045301,0.3140200991052825,0.8616042368472902
step-1000,1000,pretrained_tabicl_v2,electrochemical_metrics_alloys__pitting_potential__epit_mv_sce_avg,5,1 2 3 4 5,pretrained_tabicl_regressor,/home/fcolanto/.cache/huggingface/hub/models--jingang--TabICL/snapshots/4dcd344ece2c00be9e831fdd35bed57b5ad83e19/tabicl-regressor-v2-20260212.ckpt,electrochemical_metrics_alloys,Pitting Potential,"Epit, mV (SCE) Avg.",continuous,608,21,"environment,material,process_history","{""environment"": 3, ""material"": 17, ""process_history"": 1}",,486,487,121,122,0.6889862457157303,0.7264166761737962,0.15741918097522423,0.4972654121034983,0.8765706002620413,194.25667718263222,188.9494359413199,36.86832298560568,147.73902746228697,247.5178470109265,300.3581400295773,260.65988789830766,117.55450476942364,205.5124688962792,504.15891098827655,0.31396181162481074,0.558743360436929,0.6918553093098281,-0.8973551477817541,0.7966162897556599,0.6868127900529484,0.7510518633431433,0.2588149324185066,0.2579260068849429,0.9273144092547476
step-1000,1000,catboost,electrochemical_metrics_alloys__pitting_potential__epit_mv_sce_avg,5,1 2 3 4 5,catboost_regressor,catboost==1.2.10;iterations=1000;depth=6;learning_rate=0.03;l2_leaf_reg=3;thread_count=8,electrochemical_metrics_alloys,Pitting Potential,"Epit, mV (SCE) Avg.",continuous,608,21,"environment,material,process_history","{""environment"": 3, ""material"": 17, ""process_history"": 1}",,486,487,121,122,0.6916923585585038,0.7670399984280225,0.1958688169355076,0.4787131740337256,0.9112805160230548,189.85624042744638,184.17920914311293,29.420550617532736,150.36678957921768,220.3852586003285,260.839072873263,245.27082356558748,60.69992982775559,197.1535948556598,340.6674030557137,0.5332370239031992,0.6617536377540367,0.2881057750666573,0.1336868750181218,0.8199224654334067,0.7376788974329462,0.8227456609591492,0.18693386192041672,0.4886175443365949,0.9323509602938432
step-1500,1500,generic_baseline,electrochemical_metrics_alloys__pitting_potential__epit_mv_sce_avg,5,1 2 3 4 5,local_tabicl_regressor,/home/fcolanto/projects/tabicl/checkpoints/tabicl_s1_regression_baseline/step-1500.ckpt,electrochemical_metrics_alloys,Pitting Potential,"Epit, mV (SCE) Avg.",continuous,608,21,"environment,material,process_history","{""environment"": 3, ""material"": 17, ""process_history"": 1}",,486,487,121,122,0.5960028942855728,0.5340918521704017,0.1848187536138223,0.4226830357236089,0.8998745045155093,230.67341341266632,231.82279830811467,27.257967136343353,197.1980480906689,270.1565804342338,328.8219822099132,316.11679091369587,52.41603835235973,269.03597842360466,397.7377024549093,0.30870938349525734,0.3647569491516217,0.29780461163052724,-0.1808840476998481,0.5991176683186704,0.6288767646533253,0.6284180212901366,0.16576566827284345,0.3956189280533832,0.8414066022233687
step-1500,1500,epit_scm_trial_0036,electrochemical_metrics_alloys__pitting_potential__epit_mv_sce_avg,5,1 2 3 4 5,local_tabicl_regressor,/home/fcolanto/projects/tabicl/checkpoints/epit_pipeline_final_v1/final_epit_pipeline_optuna_empirical_features_scm_target_v6_trial_0036/step-1500.ckpt,electrochemical_metrics_alloys,Pitting Potential,"Epit, mV (SCE) Avg.",continuous,608,21,"environment,material,process_history","{""environment"": 3, ""material"": 17, ""process_history"": 1}",,486,487,121,122,0.6195642913008642,0.6346661608815236,0.19259869242072392,0.3896829200547899,0.8718623986759483,242.3224593264452,261.6449516284272,43.995327444032796,189.56613343334692,289.8291388009935,331.60748330565895,349.07311319011984,72.57176337742297,247.74755912671029,428.1311820343347,0.27730303034862164,0.4607102851839748,0.40578378181412256,-0.3682562930999944,0.6098275399040575,0.6406135637451404,0.6865623213848068,0.2160656362523401,0.3522620205092791,0.9087946232708888
step-1500,1500,pretrained_tabicl_v2,electrochemical_metrics_alloys__pitting_potential__epit_mv_sce_avg,5,1 2 3 4 5,pretrained_tabicl_regressor,/home/fcolanto/.cache/huggingface/hub/models--jingang--TabICL/snapshots/4dcd344ece2c00be9e831fdd35bed57b5ad83e19/tabicl-regressor-v2-20260212.ckpt,electrochemical_metrics_alloys,Pitting Potential,"Epit, mV (SCE) Avg.",continuous,608,21,"environment,material,process_history","{""environment"": 3, ""material"": 17, ""process_history"": 1}",,486,487,121,122,0.6889862457157303,0.7264166761737962,0.15741918097522423,0.4972654121034983,0.8765706002620413,194.25667718263222,188.9494359413199,36.86832298560568,147.73902746228697,247.5178470109265,300.3581400295773,260.65988789830766,117.55450476942364,205.5124688962792,504.15891098827655,0.31396181162481074,0.558743360436929,0.6918553093098281,-0.8973551477817541,0.7966162897556599,0.6868127900529484,0.7510518633431433,0.2588149324185066,0.2579260068849429,0.9273144092547476
step-1500,1500,catboost,electrochemical_metrics_alloys__pitting_potential__epit_mv_sce_avg,5,1 2 3 4 5,catboost_regressor,catboost==1.2.10;iterations=1000;depth=6;learning_rate=0.03;l2_leaf_reg=3;thread_count=8,electrochemical_metrics_alloys,Pitting Potential,"Epit, mV (SCE) Avg.",continuous,608,21,"environment,material,process_history","{""environment"": 3, ""material"": 17, ""process_history"": 1}",,486,487,121,122,0.6916923585585038,0.7670399984280225,0.1958688169355076,0.4787131740337256,0.9112805160230548,189.85624042744638,184.17920914311293,29.420550617532736,150.36678957921768,220.3852586003285,260.839072873263,245.27082356558748,60.69992982775559,197.1535948556598,340.6674030557137,0.5332370239031992,0.6617536377540367,0.2881057750666573,0.1336868750181218,0.8199224654334067,0.7376788974329462,0.8227456609591492,0.18693386192041672,0.4886175443365949,0.9323509602938432
step-2000,2000,generic_baseline,electrochemical_metrics_alloys__pitting_potential__epit_mv_sce_avg,5,1 2 3 4 5,local_tabicl_regressor,/home/fcolanto/projects/tabicl/checkpoints/tabicl_s1_regression_baseline/step-2000.ckpt,electrochemical_metrics_alloys,Pitting Potential,"Epit, mV (SCE) Avg.",continuous,608,21,"environment,material,process_history","{""environment"": 3, ""material"": 17, ""process_history"": 1}",,486,487,121,122,0.6134613551004058,0.6009054127027632,0.17715700719055344,0.4223393533653516,0.900192900881763,227.21646925919558,230.8069627868544,11.563553567189604,208.12745624226423,239.2264430752596,325.0385070768176,304.42218642536886,59.98239096058891,271.67767319937514,426.9828659493052,0.28565969353210574,0.3524873076126684,0.40189320779710025,-0.3609263732825758,0.7225911199100045,0.6336568919540289,0.6472338866272451,0.19930230892597545,0.3497104647571358,0.8946260121385479
step-2000,2000,epit_scm_trial_0036,electrochemical_metrics_alloys__pitting_potential__epit_mv_sce_avg,5,1 2 3 4 5,local_tabicl_regressor,/home/fcolanto/projects/tabicl/checkpoints/epit_pipeline_final_v1/final_epit_pipeline_optuna_empirical_features_scm_target_v6_trial_0036/step-2000.ckpt,electrochemical_metrics_alloys,Pitting Potential,"Epit, mV (SCE) Avg.",continuous,608,21,"environment,material,process_history","{""environment"": 3, ""material"": 17, ""process_history"": 1}",,486,487,121,122,0.6525316774020062,0.6713331719214635,0.16707914599114376,0.4359974224680182,0.8578969921007958,210.74522968244213,219.16059566939475,21.272382100635948,180.77266263614712,230.94113184666685,295.209037776863,302.93266022168484,48.623080829658925,241.10107151673355,364.3027848579141,0.4283612598450569,0.5185825592834777,0.277336976003869,0.0093078613721042,0.7252991806846649,0.6890403494018308,0.7346706567556259,0.17402007164797814,0.4514351154085139,0.9057651410367826
step-2000,2000,pretrained_tabicl_v2,electrochemical_metrics_alloys__pitting_potential__epit_mv_sce_avg,5,1 2 3 4 5,pretrained_tabicl_regressor,/home/fcolanto/.cache/huggingface/hub/models--jingang--TabICL/snapshots/4dcd344ece2c00be9e831fdd35bed57b5ad83e19/tabicl-regressor-v2-20260212.ckpt,electrochemical_metrics_alloys,Pitting Potential,"Epit, mV (SCE) Avg.",continuous,608,21,"environment,material,process_history","{""environment"": 3, ""material"": 17, ""process_history"": 1}",,486,487,121,122,0.6889862457157303,0.7264166761737962,0.15741918097522423,0.4972654121034983,0.8765706002620413,194.25667718263222,188.9494359413199,36.86832298560568,147.73902746228697,247.5178470109265,300.3581400295773,260.65988789830766,117.55450476942364,205.5124688962792,504.15891098827655,0.31396181162481074,0.558743360436929,0.6918553093098281,-0.8973551477817541,0.7966162897556599,0.6868127900529484,0.7510518633431433,0.2588149324185066,0.2579260068849429,0.9273144092547476
step-2000,2000,catboost,electrochemical_metrics_alloys__pitting_potential__epit_mv_sce_avg,5,1 2 3 4 5,catboost_regressor,catboost==1.2.10;iterations=1000;depth=6;learning_rate=0.03;l2_leaf_reg=3;thread_count=8,electrochemical_metrics_alloys,Pitting Potential,"Epit, mV (SCE) Avg.",continuous,608,21,"environment,material,process_history","{""environment"": 3, ""material"": 17, ""process_history"": 1}",,486,487,121,122,0.6916923585585038,0.7670399984280225,0.1958688169355076,0.4787131740337256,0.9112805160230548,189.85624042744638,184.17920914311293,29.420550617532736,150.36678957921768,220.3852586003285,260.839072873263,245.27082356558748,60.69992982775559,197.1535948556598,340.6674030557137,0.5332370239031992,0.6617536377540367,0.2881057750666573,0.1336868750181218,0.8199224654334067,0.7376788974329462,0.8227456609591492,0.18693386192041672,0.4886175443365949,0.9323509602938432
step-2500,2500,generic_baseline,electrochemical_metrics_alloys__pitting_potential__epit_mv_sce_avg,5,1 2 3 4 5,local_tabicl_regressor,/home/fcolanto/projects/tabicl/checkpoints/tabicl_s1_regression_baseline/step-2500.ckpt,electrochemical_metrics_alloys,Pitting Potential,"Epit, mV (SCE) Avg.",continuous,608,21,"environment,material,process_history","{""environment"": 3, ""material"": 17, ""process_history"": 1}",,486,487,121,122,0.6129493516704011,0.6065688993040362,0.17920474731388006,0.4359379389829352,0.8916436197283106,222.53603945165986,218.8600228422674,29.2847985556253,185.7651764065789,257.5563063078187,327.4556689074429,295.28715081734646,81.14425478756384,258.26395071325913,464.32268054530965,0.246266603412572,0.3646704839201906,0.5194468429678196,-0.609361213523983,0.7556651562710973,0.6343681872584692,0.6484193413433474,0.22317643347132732,0.3207273341682393,0.9244019601147272
step-2500,2500,epit_scm_trial_0036,electrochemical_metrics_alloys__pitting_potential__epit_mv_sce_avg,5,1 2 3 4 5,local_tabicl_regressor,/home/fcolanto/projects/tabicl/checkpoints/epit_pipeline_final_v1/final_epit_pipeline_optuna_empirical_features_scm_target_v6_trial_0036/step-2500.ckpt,electrochemical_metrics_alloys,Pitting Potential,"Epit, mV (SCE) Avg.",continuous,608,21,"environment,material,process_history","{""environment"": 3, ""material"": 17, ""process_history"": 1}",,486,487,121,122,0.6705901815451272,0.7095583192273037,0.1597047654648008,0.4360172502963792,0.8635163492456365,201.71831761072767,204.44615353619176,20.88068650374838,176.37468969610651,232.7262661965207,284.341125727712,268.0790380753535,54.448779123193376,237.04333360603636,374.59451996586887,0.4530405642221001,0.5434514608040866,0.3128285243206626,-0.0474578933822975,0.7848737185053934,0.7032366800336844,0.757984151077243,0.18117640486634076,0.4327615650832705,0.9177449808464528
step-2500,2500,pretrained_tabicl_v2,electrochemical_metrics_alloys__pitting_potential__epit_mv_sce_avg,5,1 2 3 4 5,pretrained_tabicl_regressor,/home/fcolanto/.cache/huggingface/hub/models--jingang--TabICL/snapshots/4dcd344ece2c00be9e831fdd35bed57b5ad83e19/tabicl-regressor-v2-20260212.ckpt,electrochemical_metrics_alloys,Pitting Potential,"Epit, mV (SCE) Avg.",continuous,608,21,"environment,material,process_history","{""environment"": 3, ""material"": 17, ""process_history"": 1}",,486,487,121,122,0.6889862457157303,0.7264166761737962,0.15741918097522423,0.4972654121034983,0.8765706002620413,194.25667718263222,188.9494359413199,36.86832298560568,147.73902746228697,247.5178470109265,300.3581400295773,260.65988789830766,117.55450476942364,205.5124688962792,504.15891098827655,0.31396181162481074,0.558743360436929,0.6918553093098281,-0.8973551477817541,0.7966162897556599,0.6868127900529484,0.7510518633431433,0.2588149324185066,0.2579260068849429,0.9273144092547476
step-2500,2500,catboost,electrochemical_metrics_alloys__pitting_potential__epit_mv_sce_avg,5,1 2 3 4 5,catboost_regressor,catboost==1.2.10;iterations=1000;depth=6;learning_rate=0.03;l2_leaf_reg=3;thread_count=8,electrochemical_metrics_alloys,Pitting Potential,"Epit, mV (SCE) Avg.",continuous,608,21,"environment,material,process_history","{""environment"": 3, ""material"": 17, ""process_history"": 1}",,486,487,121,122,0.6916923585585038,0.7670399984280225,0.1958688169355076,0.4787131740337256,0.9112805160230548,189.85624042744638,184.17920914311293,29.420550617532736,150.36678957921768,220.3852586003285,260.839072873263,245.27082356558748,60.69992982775559,197.1535948556598,340.6674030557137,0.5332370239031992,0.6617536377540367,0.2881057750666573,0.1336868750181218,0.8199224654334067,0.7376788974329462,0.8227456609591492,0.18693386192041672,0.4886175443365949,0.9323509602938432
step-3000,3000,generic_baseline,electrochemical_metrics_alloys__pitting_potential__epit_mv_sce_avg,5,1 2 3 4 5,local_tabicl_regressor,/home/fcolanto/projects/tabicl/checkpoints/tabicl_s1_regression_baseline/step-3000.ckpt,electrochemical_metrics_alloys,Pitting Potential,"Epit, mV (SCE) Avg.",continuous,608,21,"environment,material,process_history","{""environment"": 3, ""material"": 17, ""process_history"": 1}",,486,487,121,122,0.626356401250341,0.6256492940558127,0.1643440789458459,0.4310569885680699,0.8600343123891591,221.89032512808967,224.5487511569556,35.90381588889785,174.15350694747048,258.7539744896915,323.265799975861,315.2864719000617,79.5183365715893,243.64560119878576,452.960279169091,0.28911291627931035,0.4372954530192761,0.4813301024589391,-0.5315598538569388,0.6808188494223728,0.6434995792450604,0.676298387609996,0.21299215739972344,0.3297152357062977,0.8927642855271634
step-3000,3000,epit_scm_trial_0036,electrochemical_metrics_alloys__pitting_potential__epit_mv_sce_avg,5,1 2 3 4 5,local_tabicl_regressor,/home/fcolanto/projects/tabicl/checkpoints/epit_pipeline_final_v1/final_epit_pipeline_optuna_empirical_features_scm_target_v6_trial_0036/step-3000.ckpt,electrochemical_metrics_alloys,Pitting Potential,"Epit, mV (SCE) Avg.",continuous,608,21,"environment,material,process_history","{""environment"": 3, ""material"": 17, ""process_history"": 1}",,486,487,121,122,0.6712280309940137,0.6721765978567009,0.14368270527911572,0.4573519936128117,0.8544488271981752,202.44780770640136,211.03784877000183,23.567181484030847,163.78654318871833,226.1280439544269,286.6655141926978,278.9321394880636,47.35581352257051,231.3204430189857,361.971694449536,0.4529314419699467,0.4552709761205322,0.27892998371516553,0.0219457241522251,0.7671024749346165,0.7027171119305108,0.7138114144989702,0.16542103706088465,0.4629274240199109,0.9069093970988348
step-3000,3000,pretrained_tabicl_v2,electrochemical_metrics_alloys__pitting_potential__epit_mv_sce_avg,5,1 2 3 4 5,pretrained_tabicl_regressor,/home/fcolanto/.cache/huggingface/hub/models--jingang--TabICL/snapshots/4dcd344ece2c00be9e831fdd35bed57b5ad83e19/tabicl-regressor-v2-20260212.ckpt,electrochemical_metrics_alloys,Pitting Potential,"Epit, mV (SCE) Avg.",continuous,608,21,"environment,material,process_history","{""environment"": 3, ""material"": 17, ""process_history"": 1}",,486,487,121,122,0.6889862457157303,0.7264166761737962,0.15741918097522423,0.4972654121034983,0.8765706002620413,194.25667718263222,188.9494359413199,36.86832298560568,147.73902746228697,247.5178470109265,300.3581400295773,260.65988789830766,117.55450476942364,205.5124688962792,504.15891098827655,0.31396181162481074,0.558743360436929,0.6918553093098281,-0.8973551477817541,0.7966162897556599,0.6868127900529484,0.7510518633431433,0.2588149324185066,0.2579260068849429,0.9273144092547476
step-3000,3000,catboost,electrochemical_metrics_alloys__pitting_potential__epit_mv_sce_avg,5,1 2 3 4 5,catboost_regressor,catboost==1.2.10;iterations=1000;depth=6;learning_rate=0.03;l2_leaf_reg=3;thread_count=8,electrochemical_metrics_alloys,Pitting Potential,"Epit, mV (SCE) Avg.",continuous,608,21,"environment,material,process_history","{""environment"": 3, ""material"": 17, ""process_history"": 1}",,486,487,121,122,0.6916923585585038,0.7670399984280225,0.1958688169355076,0.4787131740337256,0.9112805160230548,189.85624042744638,184.17920914311293,29.420550617532736,150.36678957921768,220.3852586003285,260.839072873263,245.27082356558748,60.69992982775559,197.1535948556598,340.6674030557137,0.5332370239031992,0.6617536377540367,0.2881057750666573,0.1336868750181218,0.8199224654334067,0.7376788974329462,0.8227456609591492,0.18693386192041672,0.4886175443365949,0.9323509602938432
step-3500,3500,generic_baseline,electrochemical_metrics_alloys__pitting_potential__epit_mv_sce_avg,5,1 2 3 4 5,local_tabicl_regressor,/home/fcolanto/projects/tabicl/checkpoints/tabicl_s1_regression_baseline/step-3500.ckpt,electrochemical_metrics_alloys,Pitting Potential,"Epit, mV (SCE) Avg.",continuous,608,21,"environment,material,process_history","{""environment"": 3, ""material"": 17, ""process_history"": 1}",,486,487,121,122,0.6432018312068066,0.6000382759982622,0.15356122779124123,0.4560202244745648,0.8703855814877925,232.7179100988736,232.63859131488655,27.83594814949193,194.1456028520844,265.6700002552561,325.84024255790047,312.3597576590297,80.3667086782918,249.07228564207892,460.4483618832503,0.273204747355113,0.4059360930307508,0.5001510638153215,-0.5826161708554396,0.6900458138413461,0.6430537587205107,0.6681257519936711,0.23415430411431512,0.2857308070352088,0.9162288477885794
step-3500,3500,epit_scm_trial_0036,electrochemical_metrics_alloys__pitting_potential__epit_mv_sce_avg,5,1 2 3 4 5,local_tabicl_regressor,/home/fcolanto/projects/tabicl/checkpoints/epit_pipeline_final_v1/final_epit_pipeline_optuna_empirical_features_scm_target_v6_trial_0036/step-3500.ckpt,electrochemical_metrics_alloys,Pitting Potential,"Epit, mV (SCE) Avg.",continuous,608,21,"environment,material,process_history","{""environment"": 3, ""material"": 17, ""process_history"": 1}",,486,487,121,122,0.6646850886330652,0.6753131939050135,0.1331830505741366,0.4733299186337149,0.8354940818199185,205.41186770868507,212.1836808801787,17.7854516903731,179.78393541927022,221.59303334399544,292.6151577939462,291.81660412156214,37.2324319382542,244.28240335504643,343.20245270074537,0.4400162747100863,0.45343102099223,0.2380303276070792,0.1207457013875702,0.7450894817394309,0.6937243251583517,0.7272064041399958,0.15499249062107243,0.4878904365397977,0.8871549168862287
step-3500,3500,pretrained_tabicl_v2,electrochemical_metrics_alloys__pitting_potential__epit_mv_sce_avg,5,1 2 3 4 5,pretrained_tabicl_regressor,/home/fcolanto/.cache/huggingface/hub/models--jingang--TabICL/snapshots/4dcd344ece2c00be9e831fdd35bed57b5ad83e19/tabicl-regressor-v2-20260212.ckpt,electrochemical_metrics_alloys,Pitting Potential,"Epit, mV (SCE) Avg.",continuous,608,21,"environment,material,process_history","{""environment"": 3, ""material"": 17, ""process_history"": 1}",,486,487,121,122,0.6889862457157303,0.7264166761737962,0.15741918097522423,0.4972654121034983,0.8765706002620413,194.25667718263222,188.9494359413199,36.86832298560568,147.73902746228697,247.5178470109265,300.3581400295773,260.65988789830766,117.55450476942364,205.5124688962792,504.15891098827655,0.31396181162481074,0.558743360436929,0.6918553093098281,-0.8973551477817541,0.7966162897556599,0.6868127900529484,0.7510518633431433,0.2588149324185066,0.2579260068849429,0.9273144092547476
step-3500,3500,catboost,electrochemical_metrics_alloys__pitting_potential__epit_mv_sce_avg,5,1 2 3 4 5,catboost_regressor,catboost==1.2.10;iterations=1000;depth=6;learning_rate=0.03;l2_leaf_reg=3;thread_count=8,electrochemical_metrics_alloys,Pitting Potential,"Epit, mV (SCE) Avg.",continuous,608,21,"environment,material,process_history","{""environment"": 3, ""material"": 17, ""process_history"": 1}",,486,487,121,122,0.6916923585585038,0.7670399984280225,0.1958688169355076,0.4787131740337256,0.9112805160230548,189.85624042744638,184.17920914311293,29.420550617532736,150.36678957921768,220.3852586003285,260.839072873263,245.27082356558748,60.69992982775559,197.1535948556598,340.6674030557137,0.5332370239031992,0.6617536377540367,0.2881057750666573,0.1336868750181218,0.8199224654334067,0.7376788974329462,0.8227456609591492,0.18693386192041672,0.4886175443365949,0.9323509602938432
step-4000,4000,generic_baseline,electrochemical_metrics_alloys__pitting_potential__epit_mv_sce_avg,5,1 2 3 4 5,local_tabicl_regressor,/home/fcolanto/projects/tabicl/checkpoints/tabicl_s1_regression_baseline/step-4000.ckpt,electrochemical_metrics_alloys,Pitting Potential,"Epit, mV (SCE) Avg.",continuous,608,21,"environment,material,process_history","{""environment"": 3, ""material"": 17, ""process_history"": 1}",,486,487,121,122,0.6545657060124823,0.654244481787838,0.15353482618942588,0.4530460502204153,0.8764554356189282,219.60627093083244,211.7137256081184,33.54001397015151,179.15598381164426,260.62478614401044,320.72179232442465,280.32836899675027,91.19828027371159,242.41229817293103,472.993810134102,0.2650500130796489,0.4516891995771708,0.560546385830447,-0.6700314473957505,0.7647650443463359,0.6578327472449869,0.6993169706107297,0.22609658887422637,0.3182485496028325,0.9225086208808552
step-4000,4000,epit_scm_trial_0036,electrochemical_metrics_alloys__pitting_potential__epit_mv_sce_avg,5,1 2 3 4 5,local_tabicl_regressor,/home/fcolanto/projects/tabicl/checkpoints/epit_pipeline_final_v1/final_epit_pipeline_optuna_empirical_features_scm_target_v6_trial_0036/step-4000.ckpt,electrochemical_metrics_alloys,Pitting Potential,"Epit, mV (SCE) Avg.",continuous,608,21,"environment,material,process_history","{""environment"": 3, ""material"": 17, ""process_history"": 1}",,486,487,121,122,0.6506124498929748,0.682128346441952,0.15666629953570219,0.4420184730136409,0.8308434625553819,222.85745758870857,232.02457017370924,39.65931071659439,167.0776136784681,263.1369434824405,307.1654302682999,320.3011368017154,67.22379583673391,227.8639440722279,396.3441912302957,0.38127140691696904,0.5282665823143415,0.34536123260904145,-0.1726238679277882,0.6602959614187087,0.6852068787993469,0.7318022097007588,0.18079797088022193,0.4439130501352583,0.8905699528931154
step-4000,4000,pretrained_tabicl_v2,electrochemical_metrics_alloys__pitting_potential__epit_mv_sce_avg,5,1 2 3 4 5,pretrained_tabicl_regressor,/home/fcolanto/.cache/huggingface/hub/models--jingang--TabICL/snapshots/4dcd344ece2c00be9e831fdd35bed57b5ad83e19/tabicl-regressor-v2-20260212.ckpt,electrochemical_metrics_alloys,Pitting Potential,"Epit, mV (SCE) Avg.",continuous,608,21,"environment,material,process_history","{""environment"": 3, ""material"": 17, ""process_history"": 1}",,486,487,121,122,0.6889862457157303,0.7264166761737962,0.15741918097522423,0.4972654121034983,0.8765706002620413,194.25667718263222,188.9494359413199,36.86832298560568,147.73902746228697,247.5178470109265,300.3581400295773,260.65988789830766,117.55450476942364,205.5124688962792,504.15891098827655,0.31396181162481074,0.558743360436929,0.6918553093098281,-0.8973551477817541,0.7966162897556599,0.6868127900529484,0.7510518633431433,0.2588149324185066,0.2579260068849429,0.9273144092547476
step-4000,4000,catboost,electrochemical_metrics_alloys__pitting_potential__epit_mv_sce_avg,5,1 2 3 4 5,catboost_regressor,catboost==1.2.10;iterations=1000;depth=6;learning_rate=0.03;l2_leaf_reg=3;thread_count=8,electrochemical_metrics_alloys,Pitting Potential,"Epit, mV (SCE) Avg.",continuous,608,21,"environment,material,process_history","{""environment"": 3, ""material"": 17, ""process_history"": 1}",,486,487,121,122,0.6916923585585038,0.7670399984280225,0.1958688169355076,0.4787131740337256,0.9112805160230548,189.85624042744638,184.17920914311293,29.420550617532736,150.36678957921768,220.3852586003285,260.839072873263,245.27082356558748,60.69992982775559,197.1535948556598,340.6674030557137,0.5332370239031992,0.6617536377540367,0.2881057750666573,0.1336868750181218,0.8199224654334067,0.7376788974329462,0.8227456609591492,0.18693386192041672,0.4886175443365949,0.9323509602938432
step-4500,4500,generic_baseline,electrochemical_metrics_alloys__pitting_potential__epit_mv_sce_avg,5,1 2 3 4 5,local_tabicl_regressor,/home/fcolanto/projects/tabicl/checkpoints/tabicl_s1_regression_baseline/step-4500.ckpt,electrochemical_metrics_alloys,Pitting Potential,"Epit, mV (SCE) Avg.",continuous,608,21,"environment,material,process_history","{""environment"": 3, ""material"": 17, ""process_history"": 1}",,486,487,121,122,0.658956489165084,0.6402957749552769,0.15469955161318732,0.4534161696831539,0.8850656862893229,219.60684598341481,221.51677181435423,22.566558241867604,191.0670828571945,253.0569506636914,315.1850119855932,290.6504456936633,74.33519076100316,246.4063705129169,440.9000606829258,0.31269473243823676,0.4117695848346142,0.45891891222523196,-0.4510890057686212,0.7471227593341991,0.6509516528525134,0.6490027815443907,0.21634704504573377,0.3373635975293115,0.9250942856361614
step-4500,4500,epit_scm_trial_0036,electrochemical_metrics_alloys__pitting_potential__epit_mv_sce_avg,5,1 2 3 4 5,local_tabicl_regressor,/home/fcolanto/projects/tabicl/checkpoints/epit_pipeline_final_v1/final_epit_pipeline_optuna_empirical_features_scm_target_v6_trial_0036/step-4500.ckpt,electrochemical_metrics_alloys,Pitting Potential,"Epit, mV (SCE) Avg.",continuous,608,21,"environment,material,process_history","{""environment"": 3, ""material"": 17, ""process_history"": 1}",,486,487,121,122,0.6352598858385395,0.6673260519158978,0.1618344300004631,0.4298607095902897,0.8324659291451219,213.98791386709007,215.10631075878624,31.37768335965771,168.27814273820647,247.82056210048347,302.9365402297555,308.26045596846745,59.75905430087427,231.85405469231617,388.1923191875995,0.3975833580832867,0.4935135790331462,0.322867484908931,-0.1248836664040844,0.6882306447609285,0.6840012785119154,0.7201023892476367,0.17574020446978972,0.437765908946603,0.8887795568244397
step-4500,4500,pretrained_tabicl_v2,electrochemical_metrics_alloys__pitting_potential__epit_mv_sce_avg,5,1 2 3 4 5,pretrained_tabicl_regressor,/home/fcolanto/.cache/huggingface/hub/models--jingang--TabICL/snapshots/4dcd344ece2c00be9e831fdd35bed57b5ad83e19/tabicl-regressor-v2-20260212.ckpt,electrochemical_metrics_alloys,Pitting Potential,"Epit, mV (SCE) Avg.",continuous,608,21,"environment,material,process_history","{""environment"": 3, ""material"": 17, ""process_history"": 1}",,486,487,121,122,0.6889862457157303,0.7264166761737962,0.15741918097522423,0.4972654121034983,0.8765706002620413,194.25667718263222,188.9494359413199,36.86832298560568,147.73902746228697,247.5178470109265,300.3581400295773,260.65988789830766,117.55450476942364,205.5124688962792,504.15891098827655,0.31396181162481074,0.558743360436929,0.6918553093098281,-0.8973551477817541,0.7966162897556599,0.6868127900529484,0.7510518633431433,0.2588149324185066,0.2579260068849429,0.9273144092547476
step-4500,4500,catboost,electrochemical_metrics_alloys__pitting_potential__epit_mv_sce_avg,5,1 2 3 4 5,catboost_regressor,catboost==1.2.10;iterations=1000;depth=6;learning_rate=0.03;l2_leaf_reg=3;thread_count=8,electrochemical_metrics_alloys,Pitting Potential,"Epit, mV (SCE) Avg.",continuous,608,21,"environment,material,process_history","{""environment"": 3, ""material"": 17, ""process_history"": 1}",,486,487,121,122,0.6916923585585038,0.7670399984280225,0.1958688169355076,0.4787131740337256,0.9112805160230548,189.85624042744638,184.17920914311293,29.420550617532736,150.36678957921768,220.3852586003285,260.839072873263,245.27082356558748,60.69992982775559,197.1535948556598,340.6674030557137,0.5332370239031992,0.6617536377540367,0.2881057750666573,0.1336868750181218,0.8199224654334067,0.7376788974329462,0.8227456609591492,0.18693386192041672,0.4886175443365949,0.9323509602938432
step-5000,5000,generic_baseline,electrochemical_metrics_alloys__pitting_potential__epit_mv_sce_avg,5,1 2 3 4 5,local_tabicl_regressor,/home/fcolanto/projects/tabicl/checkpoints/tabicl_s1_regression_baseline/step-5000.ckpt,electrochemical_metrics_alloys,Pitting Potential,"Epit, mV (SCE) Avg.",continuous,608,21,"environment,material,process_history","{""environment"": 3, ""material"": 17, ""process_history"": 1}",,486,487,121,122,0.6573795686320858,0.6470499569426803,0.15954444876910168,0.4635944549084656,0.8838395215597075,236.33999188859607,248.08467555440853,32.904736974904516,191.0002894015369,266.65636472619144,322.6843984042272,325.1629054580084,75.65039603579707,236.03265231626747,438.4633030689357,0.30023869306609136,0.4298001184377471,0.4418516796100608,-0.4350936304760349,0.6660248890883151,0.6638902295076736,0.6905219111146444,0.21983370951564532,0.3458832193992664,0.923030162312608
step-5000,5000,epit_scm_trial_0036,electrochemical_metrics_alloys__pitting_potential__epit_mv_sce_avg,5,1 2 3 4 5,local_tabicl_regressor,/home/fcolanto/projects/tabicl/checkpoints/epit_pipeline_final_v1/final_epit_pipeline_optuna_empirical_features_scm_target_v6_trial_0036/step-5000.ckpt,electrochemical_metrics_alloys,Pitting Potential,"Epit, mV (SCE) Avg.",continuous,608,21,"environment,material,process_history","{""environment"": 3, ""material"": 17, ""process_history"": 1}",,486,487,121,122,0.6309874071001417,0.6649515877367757,0.16238565218273407,0.4284099734818768,0.8200349220796819,216.2430472028569,219.77944249266497,38.20681427633156,160.30610734582046,262.382059307999,306.82386511804896,316.96706269011014,60.599807925667335,228.60482433452975,380.5170649513449,0.3916180056562598,0.4877559798303903,0.300827061387433,-0.0808414985966365,0.6480624428788246,0.678044935242678,0.7176331116978915,0.17312843874485181,0.4414593795475425,0.8698737333739587
step-5000,5000,pretrained_tabicl_v2,electrochemical_metrics_alloys__pitting_potential__epit_mv_sce_avg,5,1 2 3 4 5,pretrained_tabicl_regressor,/home/fcolanto/.cache/huggingface/hub/models--jingang--TabICL/snapshots/4dcd344ece2c00be9e831fdd35bed57b5ad83e19/tabicl-regressor-v2-20260212.ckpt,electrochemical_metrics_alloys,Pitting Potential,"Epit, mV (SCE) Avg.",continuous,608,21,"environment,material,process_history","{""environment"": 3, ""material"": 17, ""process_history"": 1}",,486,487,121,122,0.6889862457157303,0.7264166761737962,0.15741918097522423,0.4972654121034983,0.8765706002620413,194.25667718263222,188.9494359413199,36.86832298560568,147.73902746228697,247.5178470109265,300.3581400295773,260.65988789830766,117.55450476942364,205.5124688962792,504.15891098827655,0.31396181162481074,0.558743360436929,0.6918553093098281,-0.8973551477817541,0.7966162897556599,0.6868127900529484,0.7510518633431433,0.2588149324185066,0.2579260068849429,0.9273144092547476
step-5000,5000,catboost,electrochemical_metrics_alloys__pitting_potential__epit_mv_sce_avg,5,1 2 3 4 5,catboost_regressor,catboost==1.2.10;iterations=1000;depth=6;learning_rate=0.03;l2_leaf_reg=3;thread_count=8,electrochemical_metrics_alloys,Pitting Potential,"Epit, mV (SCE) Avg.",continuous,608,21,"environment,material,process_history","{""environment"": 3, ""material"": 17, ""process_history"": 1}",,486,487,121,122,0.6916923585585038,0.7670399984280225,0.1958688169355076,0.4787131740337256,0.9112805160230548,189.85624042744638,184.17920914311293,29.420550617532736,150.36678957921768,220.3852586003285,260.839072873263,245.27082356558748,60.69992982775559,197.1535948556598,340.6674030557137,0.5332370239031992,0.6617536377540367,0.2881057750666573,0.1336868750181218,0.8199224654334067,0.7376788974329462,0.8227456609591492,0.18693386192041672,0.4886175443365949,0.9323509602938432
step-5500,5500,generic_baseline,electrochemical_metrics_alloys__pitting_potential__epit_mv_sce_avg,5,1 2 3 4 5,local_tabicl_regressor,/home/fcolanto/projects/tabicl/checkpoints/tabicl_s1_regression_baseline/step-5500.ckpt,electrochemical_metrics_alloys,Pitting Potential,"Epit, mV (SCE) Avg.",continuous,608,21,"environment,material,process_history","{""environment"": 3, ""material"": 17, ""process_history"": 1}",,486,487,121,122,0.6438894726727191,0.5943781766497412,0.16011450598120305,0.4515721816455812,0.8820646311776118,219.33429955357224,219.04208648743597,26.139358919508,178.67315456449788,246.96431044320076,311.049205655015,283.6273875296896,74.88292686384969,238.398260723893,435.99043618450105,0.3275311671379793,0.4138533828454144,0.4527131238717184,-0.4189518546219319,0.76005589792349,0.6590962197649741,0.6663032278583921,0.22098957485420134,0.3280228360382223,0.9221273274883688
step-5500,5500,epit_scm_trial_0036,electrochemical_metrics_alloys__pitting_potential__epit_mv_sce_avg,5,1 2 3 4 5,local_tabicl_regressor,/home/fcolanto/projects/tabicl/checkpoints/epit_pipeline_final_v1/final_epit_pipeline_optuna_empirical_features_scm_target_v6_trial_0036/step-5500.ckpt,electrochemical_metrics_alloys,Pitting Potential,"Epit, mV (SCE) Avg.",continuous,608,21,"environment,material,process_history","{""environment"": 3, ""material"": 17, ""process_history"": 1}",,486,487,121,122,0.6400372322516816,0.672410318296586,0.1579745219725128,0.42946745766113,0.8181922877898727,219.11107703809316,210.7698185317635,47.210748605668726,161.93525272355805,287.71178509368787,308.68851056748,305.3633063127322,69.79573657568288,224.13301665300477,384.79891631297465,0.3934232314125878,0.5160164225360375,0.3011582145967765,-0.105303168657141,0.6344810261099152,0.6775534794145482,0.7274292788499565,0.17889913810770128,0.413453311987453,0.8597991589837963
step-5500,5500,pretrained_tabicl_v2,electrochemical_metrics_alloys__pitting_potential__epit_mv_sce_avg,5,1 2 3 4 5,pretrained_tabicl_regressor,/home/fcolanto/.cache/huggingface/hub/models--jingang--TabICL/snapshots/4dcd344ece2c00be9e831fdd35bed57b5ad83e19/tabicl-regressor-v2-20260212.ckpt,electrochemical_metrics_alloys,Pitting Potential,"Epit, mV (SCE) Avg.",continuous,608,21,"environment,material,process_history","{""environment"": 3, ""material"": 17, ""process_history"": 1}",,486,487,121,122,0.6889862457157303,0.7264166761737962,0.15741918097522423,0.4972654121034983,0.8765706002620413,194.25667718263222,188.9494359413199,36.86832298560568,147.73902746228697,247.5178470109265,300.3581400295773,260.65988789830766,117.55450476942364,205.5124688962792,504.15891098827655,0.31396181162481074,0.558743360436929,0.6918553093098281,-0.8973551477817541,0.7966162897556599,0.6868127900529484,0.7510518633431433,0.2588149324185066,0.2579260068849429,0.9273144092547476
step-5500,5500,catboost,electrochemical_metrics_alloys__pitting_potential__epit_mv_sce_avg,5,1 2 3 4 5,catboost_regressor,catboost==1.2.10;iterations=1000;depth=6;learning_rate=0.03;l2_leaf_reg=3;thread_count=8,electrochemical_metrics_alloys,Pitting Potential,"Epit, mV (SCE) Avg.",continuous,608,21,"environment,material,process_history","{""environment"": 3, ""material"": 17, ""process_history"": 1}",,486,487,121,122,0.6916923585585038,0.7670399984280225,0.1958688169355076,0.4787131740337256,0.9112805160230548,189.85624042744638,184.17920914311293,29.420550617532736,150.36678957921768,220.3852586003285,260.839072873263,245.27082356558748,60.69992982775559,197.1535948556598,340.6674030557137,0.5332370239031992,0.6617536377540367,0.2881057750666573,0.1336868750181218,0.8199224654334067,0.7376788974329462,0.8227456609591492,0.18693386192041672,0.4886175443365949,0.9323509602938432
step-6000,6000,generic_baseline,electrochemical_metrics_alloys__pitting_potential__epit_mv_sce_avg,5,1 2 3 4 5,local_tabicl_regressor,/home/fcolanto/projects/tabicl/checkpoints/tabicl_s1_regression_baseline/step-6000.ckpt,electrochemical_metrics_alloys,Pitting Potential,"Epit, mV (SCE) Avg.",continuous,608,21,"environment,material,process_history","{""environment"": 3, ""material"": 17, ""process_history"": 1}",,486,487,121,122,0.6652184244453604,0.6495596184416081,0.15710461986286656,0.4475933974211412,0.886772832763705,214.30005908106145,216.10923869277624,29.116204506518763,177.10859040053944,257.8257523337296,305.8685530794569,280.4040827433899,88.18099137900208,241.232235506011,460.2091109028381,0.3356064723406861,0.5084537255633794,0.5285746713629371,-0.5809719295911022,0.7646379582072196,0.6637556844282656,0.7146903281182807,0.251288767091873,0.2515992996793605,0.926827379738316
step-6000,6000,epit_scm_trial_0036,electrochemical_metrics_alloys__pitting_potential__epit_mv_sce_avg,5,1 2 3 4 5,local_tabicl_regressor,/home/fcolanto/projects/tabicl/checkpoints/epit_pipeline_final_v1/final_epit_pipeline_optuna_empirical_features_scm_target_v6_trial_0036/step-6000.ckpt,electrochemical_metrics_alloys,Pitting Potential,"Epit, mV (SCE) Avg.",continuous,608,21,"environment,material,process_history","{""environment"": 3, ""material"": 17, ""process_history"": 1}",,486,487,121,122,0.6219171509347985,0.6343884061558631,0.16440493067097,0.4240808976230591,0.8211730197292698,218.3953745889503,217.97561729435077,39.01150227015833,164.7217100579827,271.5657138409439,305.8607997954251,313.2877626347725,60.49086837909645,225.45478594996703,372.607629371774,0.40135832679941946,0.4832630429237097,0.27980659646292344,-0.0363756980471952,0.6301571978788927,0.6757628501742989,0.7068725698399111,0.1739830956726435,0.4370331370818374,0.8698556933159045
step-6000,6000,pretrained_tabicl_v2,electrochemical_metrics_alloys__pitting_potential__epit_mv_sce_avg,5,1 2 3 4 5,pretrained_tabicl_regressor,/home/fcolanto/.cache/huggingface/hub/models--jingang--TabICL/snapshots/4dcd344ece2c00be9e831fdd35bed57b5ad83e19/tabicl-regressor-v2-20260212.ckpt,electrochemical_metrics_alloys,Pitting Potential,"Epit, mV (SCE) Avg.",continuous,608,21,"environment,material,process_history","{""environment"": 3, ""material"": 17, ""process_history"": 1}",,486,487,121,122,0.6889862457157303,0.7264166761737962,0.15741918097522423,0.4972654121034983,0.8765706002620413,194.25667718263222,188.9494359413199,36.86832298560568,147.73902746228697,247.5178470109265,300.3581400295773,260.65988789830766,117.55450476942364,205.5124688962792,504.15891098827655,0.31396181162481074,0.558743360436929,0.6918553093098281,-0.8973551477817541,0.7966162897556599,0.6868127900529484,0.7510518633431433,0.2588149324185066,0.2579260068849429,0.9273144092547476
step-6000,6000,catboost,electrochemical_metrics_alloys__pitting_potential__epit_mv_sce_avg,5,1 2 3 4 5,catboost_regressor,catboost==1.2.10;iterations=1000;depth=6;learning_rate=0.03;l2_leaf_reg=3;thread_count=8,electrochemical_metrics_alloys,Pitting Potential,"Epit, mV (SCE) Avg.",continuous,608,21,"environment,material,process_history","{""environment"": 3, ""material"": 17, ""process_history"": 1}",,486,487,121,122,0.6916923585585038,0.7670399984280225,0.1958688169355076,0.4787131740337256,0.9112805160230548,189.85624042744638,184.17920914311293,29.420550617532736,150.36678957921768,220.3852586003285,260.839072873263,245.27082356558748,60.69992982775559,197.1535948556598,340.6674030557137,0.5332370239031992,0.6617536377540367,0.2881057750666573,0.1336868750181218,0.8199224654334067,0.7376788974329462,0.8227456609591492,0.18693386192041672,0.4886175443365949,0.9323509602938432
step-6500,6500,generic_baseline,electrochemical_metrics_alloys__pitting_potential__epit_mv_sce_avg,5,1 2 3 4 5,local_tabicl_regressor,/home/fcolanto/projects/tabicl/checkpoints/tabicl_s1_regression_baseline/step-6500.ckpt,electrochemical_metrics_alloys,Pitting Potential,"Epit, mV (SCE) Avg.",continuous,608,21,"environment,material,process_history","{""environment"": 3, ""material"": 17, ""process_history"": 1}",,486,487,121,122,0.664843570972877,0.6597487675097689,0.1565564935571019,0.4513111152388281,0.8843001801321596,216.46779929633038,222.03717975182624,31.130354256409287,173.0233671869684,256.2445710107876,306.9116254644847,296.4257353144631,87.23659682687145,231.251004858231,453.9620175037462,0.3402682282600545,0.5346711933907884,0.5100605091332656,-0.5383415465682979,0.7369734617593648,0.6674163383133109,0.7312919867892304,0.24570532399482847,0.2760154102050497,0.928536603389442
step-6500,6500,epit_scm_trial_0036,electrochemical_metrics_alloys__pitting_potential__epit_mv_sce_avg,5,1 2 3 4 5,local_tabicl_regressor,/home/fcolanto/projects/tabicl/checkpoints/epit_pipeline_final_v1/final_epit_pipeline_optuna_empirical_features_scm_target_v6_trial_0036/step-6500.ckpt,electrochemical_metrics_alloys,Pitting Potential,"Epit, mV (SCE) Avg.",continuous,608,21,"environment,material,process_history","{""environment"": 3, ""material"": 17, ""process_history"": 1}",,486,487,121,122,0.6374090680869291,0.6556400299216444,0.1665810504234818,0.4102807290838053,0.8335227341054534,224.21094221272733,217.98375764569312,41.380456126565235,171.48540332484643,276.2064030035213,307.92253881738003,306.0616923496,67.0427371669025,227.23460642756623,397.2946636440899,0.3831112932003291,0.4961939370252057,0.33744684142560166,-0.1782547466399173,0.6414955008370644,0.6825568625762543,0.7094236265936774,0.18317704097494078,0.4217478568538713,0.8896792087721201
step-6500,6500,pretrained_tabicl_v2,electrochemical_metrics_alloys__pitting_potential__epit_mv_sce_avg,5,1 2 3 4 5,pretrained_tabicl_regressor,/home/fcolanto/.cache/huggingface/hub/models--jingang--TabICL/snapshots/4dcd344ece2c00be9e831fdd35bed57b5ad83e19/tabicl-regressor-v2-20260212.ckpt,electrochemical_metrics_alloys,Pitting Potential,"Epit, mV (SCE) Avg.",continuous,608,21,"environment,material,process_history","{""environment"": 3, ""material"": 17, ""process_history"": 1}",,486,487,121,122,0.6889862457157303,0.7264166761737962,0.15741918097522423,0.4972654121034983,0.8765706002620413,194.25667718263222,188.9494359413199,36.86832298560568,147.73902746228697,247.5178470109265,300.3581400295773,260.65988789830766,117.55450476942364,205.5124688962792,504.15891098827655,0.31396181162481074,0.558743360436929,0.6918553093098281,-0.8973551477817541,0.7966162897556599,0.6868127900529484,0.7510518633431433,0.2588149324185066,0.2579260068849429,0.9273144092547476
step-6500,6500,catboost,electrochemical_metrics_alloys__pitting_potential__epit_mv_sce_avg,5,1 2 3 4 5,catboost_regressor,catboost==1.2.10;iterations=1000;depth=6;learning_rate=0.03;l2_leaf_reg=3;thread_count=8,electrochemical_metrics_alloys,Pitting Potential,"Epit, mV (SCE) Avg.",continuous,608,21,"environment,material,process_history","{""environment"": 3, ""material"": 17, ""process_history"": 1}",,486,487,121,122,0.6916923585585038,0.7670399984280225,0.1958688169355076,0.4787131740337256,0.9112805160230548,189.85624042744638,184.17920914311293,29.420550617532736,150.36678957921768,220.3852586003285,260.839072873263,245.27082356558748,60.69992982775559,197.1535948556598,340.6674030557137,0.5332370239031992,0.6617536377540367,0.2881057750666573,0.1336868750181218,0.8199224654334067,0.7376788974329462,0.8227456609591492,0.18693386192041672,0.4886175443365949,0.9323509602938432
step-7000,7000,generic_baseline,electrochemical_metrics_alloys__pitting_potential__epit_mv_sce_avg,5,1 2 3 4 5,local_tabicl_regressor,/home/fcolanto/projects/tabicl/checkpoints/tabicl_s1_regression_baseline/step-7000.ckpt,electrochemical_metrics_alloys,Pitting Potential,"Epit, mV (SCE) Avg.",continuous,608,21,"environment,material,process_history","{""environment"": 3, ""material"": 17, ""process_history"": 1}",,486,487,121,122,0.6722780177118091,0.6414029630025821,0.1606104935062048,0.4560598801312867,0.8974187878608924,210.80064405964131,205.1916842242648,31.773471935703448,169.3817179470062,257.7624442432695,299.28876767873396,261.9909608868692,90.84276813193225,227.36573664222703,457.1053784393774,0.3531893806893088,0.4998704115587751,0.5306556294553988,-0.5597191241431847,0.7951493987287532,0.672948411142561,0.7091307474789894,0.24824532654106204,0.2750453570428013,0.9411903711164712
step-7000,7000,epit_scm_trial_0036,electrochemical_metrics_alloys__pitting_potential__epit_mv_sce_avg,5,1 2 3 4 5,local_tabicl_regressor,/home/fcolanto/projects/tabicl/checkpoints/epit_pipeline_final_v1/final_epit_pipeline_optuna_empirical_features_scm_target_v6_trial_0036/step-7000.ckpt,electrochemical_metrics_alloys,Pitting Potential,"Epit, mV (SCE) Avg.",continuous,608,21,"environment,material,process_history","{""environment"": 3, ""material"": 17, ""process_history"": 1}",,486,487,121,122,0.6222559513040856,0.6474801380421789,0.16893103485552,0.4147750368456314,0.8254002395705966,223.3057894305306,227.13231491468,39.87966556554283,171.32227073547494,275.7971655596131,309.1484095653635,317.37410128869914,62.60115670081986,228.61406491825412,381.2064250788412,0.38614473738336774,0.4885223592214448,0.29796563333891396,-0.084761238438566,0.6257219481616176,0.6723644714197178,0.7075751562186514,0.17696586083868604,0.4349936526412795,0.8722716375818493
step-7000,7000,pretrained_tabicl_v2,electrochemical_metrics_alloys__pitting_potential__epit_mv_sce_avg,5,1 2 3 4 5,pretrained_tabicl_regressor,/home/fcolanto/.cache/huggingface/hub/models--jingang--TabICL/snapshots/4dcd344ece2c00be9e831fdd35bed57b5ad83e19/tabicl-regressor-v2-20260212.ckpt,electrochemical_metrics_alloys,Pitting Potential,"Epit, mV (SCE) Avg.",continuous,608,21,"environment,material,process_history","{""environment"": 3, ""material"": 17, ""process_history"": 1}",,486,487,121,122,0.6889862457157303,0.7264166761737962,0.15741918097522423,0.4972654121034983,0.8765706002620413,194.25667718263222,188.9494359413199,36.86832298560568,147.73902746228697,247.5178470109265,300.3581400295773,260.65988789830766,117.55450476942364,205.5124688962792,504.15891098827655,0.31396181162481074,0.558743360436929,0.6918553093098281,-0.8973551477817541,0.7966162897556599,0.6868127900529484,0.7510518633431433,0.2588149324185066,0.2579260068849429,0.9273144092547476
step-7000,7000,catboost,electrochemical_metrics_alloys__pitting_potential__epit_mv_sce_avg,5,1 2 3 4 5,catboost_regressor,catboost==1.2.10;iterations=1000;depth=6;learning_rate=0.03;l2_leaf_reg=3;thread_count=8,electrochemical_metrics_alloys,Pitting Potential,"Epit, mV (SCE) Avg.",continuous,608,21,"environment,material,process_history","{""environment"": 3, ""material"": 17, ""process_history"": 1}",,486,487,121,122,0.6916923585585038,0.7670399984280225,0.1958688169355076,0.4787131740337256,0.9112805160230548,189.85624042744638,184.17920914311293,29.420550617532736,150.36678957921768,220.3852586003285,260.839072873263,245.27082356558748,60.69992982775559,197.1535948556598,340.6674030557137,0.5332370239031992,0.6617536377540367,0.2881057750666573,0.1336868750181218,0.8199224654334067,0.7376788974329462,0.8227456609591492,0.18693386192041672,0.4886175443365949,0.9323509602938432
step-7500,7500,generic_baseline,electrochemical_metrics_alloys__pitting_potential__epit_mv_sce_avg,5,1 2 3 4 5,local_tabicl_regressor,/home/fcolanto/projects/tabicl/checkpoints/tabicl_s1_regression_baseline/step-7500.ckpt,electrochemical_metrics_alloys,Pitting Potential,"Epit, mV (SCE) Avg.",continuous,608,21,"environment,material,process_history","{""environment"": 3, ""material"": 17, ""process_history"": 1}",,486,487,121,122,0.6585657696334172,0.6184830256161781,0.15969954521537172,0.4595760150273036,0.892883333239469,217.2855542611845,216.27309919573463,26.83009276619604,179.76719530696553,255.5815512739192,307.1896688741121,276.9263527307888,84.06553384020414,238.55956942122103,453.2676842505971,0.3324961293158242,0.4535785889978517,0.5059024846595526,-0.5336393697111523,0.7704399402588811,0.6626950143648368,0.6873851504521684,0.24019725259118194,0.2823387598881832,0.932188042685278
step-7500,7500,epit_scm_trial_0036,electrochemical_metrics_alloys__pitting_potential__epit_mv_sce_avg,5,1 2 3 4 5,local_tabicl_regressor,/home/fcolanto/projects/tabicl/checkpoints/epit_pipeline_final_v1/final_epit_pipeline_optuna_empirical_features_scm_target_v6_trial_0036/step-7500.ckpt,electrochemical_metrics_alloys,Pitting Potential,"Epit, mV (SCE) Avg.",continuous,608,21,"environment,material,process_history","{""environment"": 3, ""material"": 17, ""process_history"": 1}",,486,487,121,122,0.625270148418281,0.6378806637431312,0.15574512318490075,0.4136018903342724,0.8133689215606665,222.9628122877162,219.1493773576472,41.494841043854784,170.27199810844175,282.0053456577133,306.0421008137255,307.216958568594,61.039214746239765,226.20655066444505,371.6124517743965,0.40400477787655886,0.4802751648134619,0.2719886155486137,-0.0308470911683746,0.6276866509616106,0.6756755924231963,0.7048515864140387,0.1753360865493389,0.4268830564399995,0.8706748940679954
step-7500,7500,pretrained_tabicl_v2,electrochemical_metrics_alloys__pitting_potential__epit_mv_sce_avg,5,1 2 3 4 5,pretrained_tabicl_regressor,/home/fcolanto/.cache/huggingface/hub/models--jingang--TabICL/snapshots/4dcd344ece2c00be9e831fdd35bed57b5ad83e19/tabicl-regressor-v2-20260212.ckpt,electrochemical_metrics_alloys,Pitting Potential,"Epit, mV (SCE) Avg.",continuous,608,21,"environment,material,process_history","{""environment"": 3, ""material"": 17, ""process_history"": 1}",,486,487,121,122,0.6889862457157303,0.7264166761737962,0.15741918097522423,0.4972654121034983,0.8765706002620413,194.25667718263222,188.9494359413199,36.86832298560568,147.73902746228697,247.5178470109265,300.3581400295773,260.65988789830766,117.55450476942364,205.5124688962792,504.15891098827655,0.31396181162481074,0.558743360436929,0.6918553093098281,-0.8973551477817541,0.7966162897556599,0.6868127900529484,0.7510518633431433,0.2588149324185066,0.2579260068849429,0.9273144092547476
step-7500,7500,catboost,electrochemical_metrics_alloys__pitting_potential__epit_mv_sce_avg,5,1 2 3 4 5,catboost_regressor,catboost==1.2.10;iterations=1000;depth=6;learning_rate=0.03;l2_leaf_reg=3;thread_count=8,electrochemical_metrics_alloys,Pitting Potential,"Epit, mV (SCE) Avg.",continuous,608,21,"environment,material,process_history","{""environment"": 3, ""material"": 17, ""process_history"": 1}",,486,487,121,122,0.6916923585585038,0.7670399984280225,0.1958688169355076,0.4787131740337256,0.9112805160230548,189.85624042744638,184.17920914311293,29.420550617532736,150.36678957921768,220.3852586003285,260.839072873263,245.27082356558748,60.69992982775559,197.1535948556598,340.6674030557137,0.5332370239031992,0.6617536377540367,0.2881057750666573,0.1336868750181218,0.8199224654334067,0.7376788974329462,0.8227456609591492,0.18693386192041672,0.4886175443365949,0.9323509602938432
step-8000,8000,generic_baseline,electrochemical_metrics_alloys__pitting_potential__epit_mv_sce_avg,5,1 2 3 4 5,local_tabicl_regressor,/home/fcolanto/projects/tabicl/checkpoints/tabicl_s1_regression_baseline/step-8000.ckpt,electrochemical_metrics_alloys,Pitting Potential,"Epit, mV (SCE) Avg.",continuous,608,21,"environment,material,process_history","{""environment"": 3, ""material"": 17, ""process_history"": 1}",,486,487,121,122,0.6581430232605043,0.615985461954478,0.16384047941208163,0.4571305828627806,0.8978828336287302,222.38922315197797,228.43934597247303,31.842135355774168,177.32488403567328,265.0418462885714,311.71208021686164,291.8760340436546,90.4422358171988,234.86149323896677,467.4933660738642,0.3125010801956176,0.4769767858625747,0.5455853277049093,-0.6314157071104038,0.7449856435434976,0.6583598687167839,0.6941915901240707,0.2512626362081971,0.2597190267334969,0.93733624492388
step-8000,8000,epit_scm_trial_0036,electrochemical_metrics_alloys__pitting_potential__epit_mv_sce_avg,5,1 2 3 4 5,local_tabicl_regressor,/home/fcolanto/projects/tabicl/checkpoints/epit_pipeline_final_v1/final_epit_pipeline_optuna_empirical_features_scm_target_v6_trial_0036/step-8000.ckpt,electrochemical_metrics_alloys,Pitting Potential,"Epit, mV (SCE) Avg.",continuous,608,21,"environment,material,process_history","{""environment"": 3, ""material"": 17, ""process_history"": 1}",,486,487,121,122,0.6215099877009177,0.6380534136334811,0.16188348190733529,0.4085590126544589,0.8175792054250648,224.46147420488128,225.08656211106515,38.153757810126784,175.79540250937671,275.5623031863242,307.46629942177645,310.9929309487396,62.28151265973279,228.707239627354,382.14478419437216,0.392147499600577,0.4898777637079293,0.299063910243446,-0.0901082018172263,0.6314361273832572,0.6709779803132895,0.7051190365124188,0.1816419968366825,0.4129627395443785,0.8738424405697827
step-8000,8000,pretrained_tabicl_v2,electrochemical_metrics_alloys__pitting_potential__epit_mv_sce_avg,5,1 2 3 4 5,pretrained_tabicl_regressor,/home/fcolanto/.cache/huggingface/hub/models--jingang--TabICL/snapshots/4dcd344ece2c00be9e831fdd35bed57b5ad83e19/tabicl-regressor-v2-20260212.ckpt,electrochemical_metrics_alloys,Pitting Potential,"Epit, mV (SCE) Avg.",continuous,608,21,"environment,material,process_history","{""environment"": 3, ""material"": 17, ""process_history"": 1}",,486,487,121,122,0.6889862457157303,0.7264166761737962,0.15741918097522423,0.4972654121034983,0.8765706002620413,194.25667718263222,188.9494359413199,36.86832298560568,147.73902746228697,247.5178470109265,300.3581400295773,260.65988789830766,117.55450476942364,205.5124688962792,504.15891098827655,0.31396181162481074,0.558743360436929,0.6918553093098281,-0.8973551477817541,0.7966162897556599,0.6868127900529484,0.7510518633431433,0.2588149324185066,0.2579260068849429,0.9273144092547476
step-8000,8000,catboost,electrochemical_metrics_alloys__pitting_potential__epit_mv_sce_avg,5,1 2 3 4 5,catboost_regressor,catboost==1.2.10;iterations=1000;depth=6;learning_rate=0.03;l2_leaf_reg=3;thread_count=8,electrochemical_metrics_alloys,Pitting Potential,"Epit, mV (SCE) Avg.",continuous,608,21,"environment,material,process_history","{""environment"": 3, ""material"": 17, ""process_history"": 1}",,486,487,121,122,0.6916923585585038,0.7670399984280225,0.1958688169355076,0.4787131740337256,0.9112805160230548,189.85624042744638,184.17920914311293,29.420550617532736,150.36678957921768,220.3852586003285,260.839072873263,245.27082356558748,60.69992982775559,197.1535948556598,340.6674030557137,0.5332370239031992,0.6617536377540367,0.2881057750666573,0.1336868750181218,0.8199224654334067,0.7376788974329462,0.8227456609591492,0.18693386192041672,0.4886175443365949,0.9323509602938432
step-8500,8500,generic_baseline,electrochemical_metrics_alloys__pitting_potential__epit_mv_sce_avg,5,1 2 3 4 5,local_tabicl_regressor,/home/fcolanto/projects/tabicl/checkpoints/tabicl_s1_regression_baseline/step-8500.ckpt,electrochemical_metrics_alloys,Pitting Potential,"Epit, mV (SCE) Avg.",continuous,608,21,"environment,material,process_history","{""environment"": 3, ""material"": 17, ""process_history"": 1}",,486,487,121,122,0.6574333417151129,0.6302966048314984,0.16447754534973796,0.4534260835973344,0.9006095259142015,218.80369687509042,221.6113063460284,28.840782767826184,178.15080106388152,257.3620490906616,309.8037172636561,282.6445726724433,90.38383476182904,235.1666430777464,465.4046836895788,0.31681870605923684,0.49191476712464,0.5430447988236405,-0.6168704861334462,0.7608617435009865,0.6584411666816953,0.707181863176507,0.252816261070401,0.2608578146909783,0.9395302582544554
step-8500,8500,epit_scm_trial_0036,electrochemical_metrics_alloys__pitting_potential__epit_mv_sce_avg,5,1 2 3 4 5,local_tabicl_regressor,/home/fcolanto/projects/tabicl/checkpoints/epit_pipeline_final_v1/final_epit_pipeline_optuna_empirical_features_scm_target_v6_trial_0036/step-8500.ckpt,electrochemical_metrics_alloys,Pitting Potential,"Epit, mV (SCE) Avg.",continuous,608,21,"environment,material,process_history","{""environment"": 3, ""material"": 17, ""process_history"": 1}",,486,487,121,122,0.6363135897571166,0.6594744000368603,0.1600604312204968,0.4106343253562431,0.819296513485604,221.5405058181437,215.98350495014049,43.36237617850163,167.49292688841902,281.4744377824631,304.29653633666953,301.871096682057,66.39705576238464,220.46849842913517,381.402580082962,0.40668362479869397,0.5042602362800317,0.29905506048909275,-0.0858778832586757,0.6463356035256518,0.6802761822870907,0.7154467392191479,0.18346347850444292,0.4086148773376894,0.8739431651899856
step-8500,8500,pretrained_tabicl_v2,electrochemical_metrics_alloys__pitting_potential__epit_mv_sce_avg,5,1 2 3 4 5,pretrained_tabicl_regressor,/home/fcolanto/.cache/huggingface/hub/models--jingang--TabICL/snapshots/4dcd344ece2c00be9e831fdd35bed57b5ad83e19/tabicl-regressor-v2-20260212.ckpt,electrochemical_metrics_alloys,Pitting Potential,"Epit, mV (SCE) Avg.",continuous,608,21,"environment,material,process_history","{""environment"": 3, ""material"": 17, ""process_history"": 1}",,486,487,121,122,0.6889862457157303,0.7264166761737962,0.15741918097522423,0.4972654121034983,0.8765706002620413,194.25667718263222,188.9494359413199,36.86832298560568,147.73902746228697,247.5178470109265,300.3581400295773,260.65988789830766,117.55450476942364,205.5124688962792,504.15891098827655,0.31396181162481074,0.558743360436929,0.6918553093098281,-0.8973551477817541,0.7966162897556599,0.6868127900529484,0.7510518633431433,0.2588149324185066,0.2579260068849429,0.9273144092547476
step-8500,8500,catboost,electrochemical_metrics_alloys__pitting_potential__epit_mv_sce_avg,5,1 2 3 4 5,catboost_regressor,catboost==1.2.10;iterations=1000;depth=6;learning_rate=0.03;l2_leaf_reg=3;thread_count=8,electrochemical_metrics_alloys,Pitting Potential,"Epit, mV (SCE) Avg.",continuous,608,21,"environment,material,process_history","{""environment"": 3, ""material"": 17, ""process_history"": 1}",,486,487,121,122,0.6916923585585038,0.7670399984280225,0.1958688169355076,0.4787131740337256,0.9112805160230548,189.85624042744638,184.17920914311293,29.420550617532736,150.36678957921768,220.3852586003285,260.839072873263,245.27082356558748,60.69992982775559,197.1535948556598,340.6674030557137,0.5332370239031992,0.6617536377540367,0.2881057750666573,0.1336868750181218,0.8199224654334067,0.7376788974329462,0.8227456609591492,0.18693386192041672,0.4886175443365949,0.9323509602938432
step-9000,9000,generic_baseline,electrochemical_metrics_alloys__pitting_potential__epit_mv_sce_avg,5,1 2 3 4 5,local_tabicl_regressor,/home/fcolanto/projects/tabicl/checkpoints/tabicl_s1_regression_baseline/step-9000.ckpt,electrochemical_metrics_alloys,Pitting Potential,"Epit, mV (SCE) Avg.",continuous,608,21,"environment,material,process_history","{""environment"": 3, ""material"": 17, ""process_history"": 1}",,486,487,121,122,0.6669697548592141,0.6332198039564377,0.15625762593500095,0.4709208374878538,0.8972663640685369,217.7678021904144,217.0380811827972,29.79740856754566,175.58529379419417,259.48495217650185,308.437542234615,277.21937818687127,91.15710858641738,234.8029168262323,466.389083779501,0.31943468719191026,0.4831235175691338,0.5476824884785291,-0.6237175626381053,0.7699538721812751,0.6611986898131809,0.7023927708561398,0.2514186643661174,0.2616592247157915,0.9365492334754786
step-9000,9000,epit_scm_trial_0036,electrochemical_metrics_alloys__pitting_potential__epit_mv_sce_avg,5,1 2 3 4 5,local_tabicl_regressor,/home/fcolanto/projects/tabicl/checkpoints/epit_pipeline_final_v1/final_epit_pipeline_optuna_empirical_features_scm_target_v6_trial_0036/step-9000.ckpt,electrochemical_metrics_alloys,Pitting Potential,"Epit, mV (SCE) Avg.",continuous,608,21,"environment,material,process_history","{""environment"": 3, ""material"": 17, ""process_history"": 1}",,486,487,121,122,0.6221461708664642,0.6420774699028067,0.16894486245814927,0.40321210827311,0.8194489372779594,224.05594377850974,222.70484226543408,44.56016821911203,166.64218010827366,286.6039329460575,308.38388074526904,311.7346671358842,64.9606212131693,221.3265163853556,373.778604057551,0.3960534653870892,0.475414929335011,0.2778159261837064,-0.0428998619282678,0.6435774690254451,0.6706993458373202,0.7031018816165127,0.18031399726286146,0.4160578235426452,0.8619241546734631
step-9000,9000,pretrained_tabicl_v2,electrochemical_metrics_alloys__pitting_potential__epit_mv_sce_avg,5,1 2 3 4 5,pretrained_tabicl_regressor,/home/fcolanto/.cache/huggingface/hub/models--jingang--TabICL/snapshots/4dcd344ece2c00be9e831fdd35bed57b5ad83e19/tabicl-regressor-v2-20260212.ckpt,electrochemical_metrics_alloys,Pitting Potential,"Epit, mV (SCE) Avg.",continuous,608,21,"environment,material,process_history","{""environment"": 3, ""material"": 17, ""process_history"": 1}",,486,487,121,122,0.6889862457157303,0.7264166761737962,0.15741918097522423,0.4972654121034983,0.8765706002620413,194.25667718263222,188.9494359413199,36.86832298560568,147.73902746228697,247.5178470109265,300.3581400295773,260.65988789830766,117.55450476942364,205.5124688962792,504.15891098827655,0.31396181162481074,0.558743360436929,0.6918553093098281,-0.8973551477817541,0.7966162897556599,0.6868127900529484,0.7510518633431433,0.2588149324185066,0.2579260068849429,0.9273144092547476
step-9000,9000,catboost,electrochemical_metrics_alloys__pitting_potential__epit_mv_sce_avg,5,1 2 3 4 5,catboost_regressor,catboost==1.2.10;iterations=1000;depth=6;learning_rate=0.03;l2_leaf_reg=3;thread_count=8,electrochemical_metrics_alloys,Pitting Potential,"Epit, mV (SCE) Avg.",continuous,608,21,"environment,material,process_history","{""environment"": 3, ""material"": 17, ""process_history"": 1}",,486,487,121,122,0.6916923585585038,0.7670399984280225,0.1958688169355076,0.4787131740337256,0.9112805160230548,189.85624042744638,184.17920914311293,29.420550617532736,150.36678957921768,220.3852586003285,260.839072873263,245.27082356558748,60.69992982775559,197.1535948556598,340.6674030557137,0.5332370239031992,0.6617536377540367,0.2881057750666573,0.1336868750181218,0.8199224654334067,0.7376788974329462,0.8227456609591492,0.18693386192041672,0.4886175443365949,0.9323509602938432
step-9500,9500,generic_baseline,electrochemical_metrics_alloys__pitting_potential__epit_mv_sce_avg,5,1 2 3 4 5,local_tabicl_regressor,/home/fcolanto/projects/tabicl/checkpoints/tabicl_s1_regression_baseline/step-9500.ckpt,electrochemical_metrics_alloys,Pitting Potential,"Epit, mV (SCE) Avg.",continuous,608,21,"environment,material,process_history","{""environment"": 3, ""material"": 17, ""process_history"": 1}",,486,487,121,122,0.6676609850043025,0.652574566181123,0.16655340687105075,0.4446324417192323,0.9017171388053185,217.77368903659894,212.64139567853067,30.07659591569131,178.91773533802342,262.9433335701846,307.1849571959535,271.48607393162007,91.41263861570168,237.1126441575048,466.2953778103256,0.3220660812017707,0.489573362983453,0.5489514433230814,-0.6230651599634995,0.7793708603002463,0.6632452499130477,0.7162593301293534,0.2567160399848183,0.2512791893964309,0.938886055977381
step-9500,9500,epit_scm_trial_0036,electrochemical_metrics_alloys__pitting_potential__epit_mv_sce_avg,5,1 2 3 4 5,local_tabicl_regressor,/home/fcolanto/projects/tabicl/checkpoints/epit_pipeline_final_v1/final_epit_pipeline_optuna_empirical_features_scm_target_v6_trial_0036/step-9500.ckpt,electrochemical_metrics_alloys,Pitting Potential,"Epit, mV (SCE) Avg.",continuous,608,21,"environment,material,process_history","{""environment"": 3, ""material"": 17, ""process_history"": 1}",,486,487,121,122,0.6253964194674776,0.6411561371542742,0.16640628697164844,0.4146626791515858,0.8219453002772045,222.89618778505752,223.6425529292765,43.843320526960376,166.5322573177463,284.1069433412021,307.00790854381177,312.5233671197301,63.892097743715524,221.0025269365199,371.92232387140666,0.40047138492627,0.4805110829509736,0.2763216768503283,-0.0325669685744693,0.6446202055260561,0.6724259653369667,0.7069613603547691,0.1813192040345425,0.4184753376142788,0.8662891173657121
step-9500,9500,pretrained_tabicl_v2,electrochemical_metrics_alloys__pitting_potential__epit_mv_sce_avg,5,1 2 3 4 5,pretrained_tabicl_regressor,/home/fcolanto/.cache/huggingface/hub/models--jingang--TabICL/snapshots/4dcd344ece2c00be9e831fdd35bed57b5ad83e19/tabicl-regressor-v2-20260212.ckpt,electrochemical_metrics_alloys,Pitting Potential,"Epit, mV (SCE) Avg.",continuous,608,21,"environment,material,process_history","{""environment"": 3, ""material"": 17, ""process_history"": 1}",,486,487,121,122,0.6889862457157303,0.7264166761737962,0.15741918097522423,0.4972654121034983,0.8765706002620413,194.25667718263222,188.9494359413199,36.86832298560568,147.73902746228697,247.5178470109265,300.3581400295773,260.65988789830766,117.55450476942364,205.5124688962792,504.15891098827655,0.31396181162481074,0.558743360436929,0.6918553093098281,-0.8973551477817541,0.7966162897556599,0.6868127900529484,0.7510518633431433,0.2588149324185066,0.2579260068849429,0.9273144092547476
step-9500,9500,catboost,electrochemical_metrics_alloys__pitting_potential__epit_mv_sce_avg,5,1 2 3 4 5,catboost_regressor,catboost==1.2.10;iterations=1000;depth=6;learning_rate=0.03;l2_leaf_reg=3;thread_count=8,electrochemical_metrics_alloys,Pitting Potential,"Epit, mV (SCE) Avg.",continuous,608,21,"environment,material,process_history","{""environment"": 3, ""material"": 17, ""process_history"": 1}",,486,487,121,122,0.6916923585585038,0.7670399984280225,0.1958688169355076,0.4787131740337256,0.9112805160230548,189.85624042744638,184.17920914311293,29.420550617532736,150.36678957921768,220.3852586003285,260.839072873263,245.27082356558748,60.69992982775559,197.1535948556598,340.6674030557137,0.5332370239031992,0.6617536377540367,0.2881057750666573,0.1336868750181218,0.8199224654334067,0.7376788974329462,0.8227456609591492,0.18693386192041672,0.4886175443365949,0.9323509602938432
step-10000,10000,generic_baseline,electrochemical_metrics_alloys__pitting_potential__epit_mv_sce_avg,5,1 2 3 4 5,local_tabicl_regressor,/home/fcolanto/projects/tabicl/checkpoints/tabicl_s1_regression_baseline/step-10000.ckpt,electrochemical_metrics_alloys,Pitting Potential,"Epit, mV (SCE) Avg.",continuous,608,21,"environment,material,process_history","{""environment"": 3, ""material"": 17, ""process_history"": 1}",,486,487,121,122,0.6675630127407128,0.6534044431053524,0.164676772511733,0.4489251665593881,0.900057413066336,218.32914294199472,213.87745039706795,30.0760108731707,178.88043016274244,263.04057408071867,307.758195577549,272.65132955487843,91.06968378829731,237.4202879411468,466.10397632272816,0.3204336532958726,0.4877397052339549,0.5476052444482509,-0.6217329857977234,0.777472854458547,0.6623287793429802,0.714916847980346,0.25651930647981,0.2517190769877522,0.9387925434261594
step-10000,10000,epit_scm_trial_0036,electrochemical_metrics_alloys__pitting_potential__epit_mv_sce_avg,5,1 2 3 4 5,local_tabicl_regressor,/home/fcolanto/projects/tabicl/checkpoints/epit_pipeline_final_v1/final_epit_pipeline_optuna_empirical_features_scm_target_v6_trial_0036/step-10000.ckpt,electrochemical_metrics_alloys,Pitting Potential,"Epit, mV (SCE) Avg.",continuous,608,21,"environment,material,process_history","{""environment"": 3, ""material"": 17, ""process_history"": 1}",,486,487,121,122,0.6285069525590489,0.648669063758116,0.16576487317152155,0.4187406025178307,0.8227277424112962,222.46689878825237,222.9312189509049,43.91121708268892,165.5705158546636,283.49957190848005,306.70133548092997,311.6028881872995,63.98433051830016,220.1324726834929,372.3033220259521,0.4012437400293544,0.4778512975880179,0.2775543660358228,-0.0346835804974829,0.647412852914832,0.6733165429008602,0.7054356308243772,0.1811022023173805,0.4193104836447229,0.8672443936384862
step-10000,10000,pretrained_tabicl_v2,electrochemical_metrics_alloys__pitting_potential__epit_mv_sce_avg,5,1 2 3 4 5,pretrained_tabicl_regressor,/home/fcolanto/.cache/huggingface/hub/models--jingang--TabICL/snapshots/4dcd344ece2c00be9e831fdd35bed57b5ad83e19/tabicl-regressor-v2-20260212.ckpt,electrochemical_metrics_alloys,Pitting Potential,"Epit, mV (SCE) Avg.",continuous,608,21,"environment,material,process_history","{""environment"": 3, ""material"": 17, ""process_history"": 1}",,486,487,121,122,0.6889862457157303,0.7264166761737962,0.15741918097522423,0.4972654121034983,0.8765706002620413,194.25667718263222,188.9494359413199,36.86832298560568,147.73902746228697,247.5178470109265,300.3581400295773,260.65988789830766,117.55450476942364,205.5124688962792,504.15891098827655,0.31396181162481074,0.558743360436929,0.6918553093098281,-0.8973551477817541,0.7966162897556599,0.6868127900529484,0.7510518633431433,0.2588149324185066,0.2579260068849429,0.9273144092547476
step-10000,10000,catboost,electrochemical_metrics_alloys__pitting_potential__epit_mv_sce_avg,5,1 2 3 4 5,catboost_regressor,catboost==1.2.10;iterations=1000;depth=6;learning_rate=0.03;l2_leaf_reg=3;thread_count=8,electrochemical_metrics_alloys,Pitting Potential,"Epit, mV (SCE) Avg.",continuous,608,21,"environment,material,process_history","{""environment"": 3, ""material"": 17, ""process_history"": 1}",,486,487,121,122,0.6916923585585038,0.7670399984280225,0.1958688169355076,0.4787131740337256,0.9112805160230548,189.85624042744638,184.17920914311293,29.420550617532736,150.36678957921768,220.3852586003285,260.839072873263,245.27082356558748,60.69992982775559,197.1535948556598,340.6674030557137,0.5332370239031992,0.6617536377540367,0.2881057750666573,0.1336868750181218,0.8199224654334067,0.7376788974329462,0.8227456609591492,0.18693386192041672,0.4886175443365949,0.9323509602938432
