task_row_index,source_no,material_class,test_method_family,validation_fold,Fe_wt_pct,Cr_wt_pct,Ni_wt_pct,Mo_wt_pct,W_wt_pct,N_wt_pct,Nb_wt_pct,C_wt_pct,Si_wt_pct,Mn_wt_pct,Cu_wt_pct,P_wt_pct,S_wt_pct,Al_wt_pct,V_wt_pct,Ta_wt_pct,Re_wt_pct,Ce_wt_pct,Ti_wt_pct,Co_wt_pct,B_wt_pct,Mg_wt_pct,Y_wt_pct,Gd_wt_pct,temperature_C,chloride_M,pH,epit_mV_SCE
0,1,Fe Alloy,potentiodynamic,1,69.705,18.0,10.0,0.0,0.0,0.0,0.0,0.03,1.0,1.0,0.2,0.045,0.02,0.0,0.0,0.0,0.0,0.0,0.0,0.0,0.0,0.0,0.0,0.0,50.0,0.005133496578524531,7.8,287.0
1,2,Fe Alloy,potentiodynamic,1,69.705,18.0,10.0,0.0,0.0,0.0,0.0,0.03,1.0,1.0,0.2,0.045,0.02,0.0,0.0,0.0,0.0,0.0,0.0,0.0,0.0,0.0,0.0,0.0,50.0,0.008555827630874218,7.8,260.0
2,3,Fe Alloy,potentiodynamic,1,69.705,18.0,10.0,0.0,0.0,0.0,0.0,0.03,1.0,1.0,0.2,0.045,0.02,0.0,0.0,0.0,0.0,0.0,0.0,0.0,0.0,0.0,0.0,0.0,50.0,0.017111655261748435,7.8,218.0
3,4,Fe Alloy,potentiodynamic,1,69.705,18.0,10.0,0.0,0.0,0.0,0.0,0.03,1.0,1.0,0.2,0.045,0.02,0.0,0.0,0.0,0.0,0.0,0.0,0.0,0.0,0.0,0.0,0.0,50.0,0.08555827630874216,7.8,140.0
4,5,Fe Alloy,potentiodynamic,1,69.705,18.0,10.0,0.0,0.0,0.0,0.0,0.03,1.0,1.0,0.2,0.045,0.02,0.0,0.0,0.0,0.0,0.0,0.0,0.0,0.0,0.0,0.0,0.0,50.0,0.546,8.2,94.0
10,11,Fe Alloy,potentiodynamic,3,62.53499999999999,18.0,13.0,3.0,0.0,0.0,0.0,0.02,1.0,2.0,0.2,0.045,0.2,0.0,0.0,0.0,0.0,0.0,0.0,0.0,0.0,0.0,0.0,0.0,50.0,0.005133496578524531,7.8,720.0
11,12,Fe Alloy,potentiodynamic,3,62.53499999999999,18.0,13.0,3.0,0.0,0.0,0.0,0.02,1.0,2.0,0.2,0.045,0.2,0.0,0.0,0.0,0.0,0.0,0.0,0.0,0.0,0.0,0.0,0.0,50.0,0.008555827630874218,7.8,647.0
12,13,Fe Alloy,potentiodynamic,3,62.53499999999999,18.0,13.0,3.0,0.0,0.0,0.0,0.02,1.0,2.0,0.2,0.045,0.2,0.0,0.0,0.0,0.0,0.0,0.0,0.0,0.0,0.0,0.0,0.0,50.0,0.017111655261748435,7.8,556.0
13,14,Fe Alloy,potentiodynamic,3,62.53499999999999,18.0,13.0,3.0,0.0,0.0,0.0,0.02,1.0,2.0,0.2,0.045,0.2,0.0,0.0,0.0,0.0,0.0,0.0,0.0,0.0,0.0,0.0,0.0,50.0,0.08555827630874216,7.8,275.0
14,15,Fe Alloy,potentiodynamic,3,62.53499999999999,18.0,13.0,3.0,0.0,0.0,0.0,0.02,1.0,2.0,0.2,0.045,0.2,0.0,0.0,0.0,0.0,0.0,0.0,0.0,0.0,0.0,0.0,0.0,50.0,0.546,8.2,204.0
15,16,Fe Alloy,potentiodynamic,5,47.73499999999999,20.0,24.5,5.0,0.0,0.0,0.0,0.02,0.0,1.5,1.0,0.045,0.2,0.0,0.0,0.0,0.0,0.0,0.0,0.0,0.0,0.0,0.0,0.0,50.0,0.005133496578524531,7.8,876.0
16,17,Fe Alloy,potentiodynamic,5,47.73499999999999,20.0,24.5,5.0,0.0,0.0,0.0,0.02,0.0,1.5,1.0,0.045,0.2,0.0,0.0,0.0,0.0,0.0,0.0,0.0,0.0,0.0,0.0,0.0,50.0,0.008555827630874218,7.8,860.0
17,18,Fe Alloy,potentiodynamic,5,47.73499999999999,20.0,24.5,5.0,0.0,0.0,0.0,0.02,0.0,1.5,1.0,0.045,0.2,0.0,0.0,0.0,0.0,0.0,0.0,0.0,0.0,0.0,0.0,0.0,50.0,0.017111655261748435,7.8,780.0
18,19,Fe Alloy,potentiodynamic,5,47.73499999999999,20.0,24.5,5.0,0.0,0.0,0.0,0.02,0.0,1.5,1.0,0.045,0.2,0.0,0.0,0.0,0.0,0.0,0.0,0.0,0.0,0.0,0.0,0.0,50.0,0.08555827630874216,7.8,587.0
19,20,Fe Alloy,potentiodynamic,5,47.73499999999999,20.0,24.5,5.0,0.0,0.0,0.0,0.02,0.0,1.5,1.0,0.045,0.2,0.0,0.0,0.0,0.0,0.0,0.0,0.0,0.0,0.0,0.0,0.0,50.0,0.546,8.2,427.0
20,21,Fe Alloy,potentiodynamic,5,84.61,13.0,0.0,0.0,0.0,0.0,0.0,0.0,1.0,1.0,0.0,0.04,0.35,0.0,0.0,0.0,0.0,0.0,0.0,0.0,0.0,0.0,0.0,0.0,50.0,0.005133496578524531,7.8,144.0
21,22,Fe Alloy,potentiodynamic,5,84.61,13.0,0.0,0.0,0.0,0.0,0.0,0.0,1.0,1.0,0.0,0.04,0.35,0.0,0.0,0.0,0.0,0.0,0.0,0.0,0.0,0.0,0.0,0.0,50.0,0.008555827630874218,7.8,101.0
22,23,Fe Alloy,potentiodynamic,5,84.61,13.0,0.0,0.0,0.0,0.0,0.0,0.0,1.0,1.0,0.0,0.04,0.35,0.0,0.0,0.0,0.0,0.0,0.0,0.0,0.0,0.0,0.0,0.0,50.0,0.017111655261748435,7.8,-120.0
23,24,Fe Alloy,potentiodynamic,5,84.61,13.0,0.0,0.0,0.0,0.0,0.0,0.0,1.0,1.0,0.0,0.04,0.35,0.0,0.0,0.0,0.0,0.0,0.0,0.0,0.0,0.0,0.0,0.0,50.0,0.08555827630874216,7.8,-43.0
24,25,Fe Alloy,potentiodynamic,5,84.61,13.0,0.0,0.0,0.0,0.0,0.0,0.0,1.0,1.0,0.0,0.04,0.35,0.0,0.0,0.0,0.0,0.0,0.0,0.0,0.0,0.0,0.0,0.0,50.0,0.546,8.2,-145.0
25,26,Fe Alloy,potentiodynamic,2,73.09,16.0,4.5,0.0,0.0,0.0,0.3,0.07,1.0,1.0,4.0,0.04,0.0,0.0,0.0,0.0,0.0,0.0,0.0,0.0,0.0,0.0,0.0,0.0,50.0,0.005133496578524531,7.8,221.0
26,27,Fe Alloy,potentiodynamic,2,73.09,16.0,4.5,0.0,0.0,0.0,0.3,0.07,1.0,1.0,4.0,0.04,0.0,0.0,0.0,0.0,0.0,0.0,0.0,0.0,0.0,0.0,0.0,0.0,50.0,0.008555827630874218,7.8,263.0
27,28,Fe Alloy,potentiodynamic,2,73.09,16.0,4.5,0.0,0.0,0.0,0.3,0.07,1.0,1.0,4.0,0.04,0.0,0.0,0.0,0.0,0.0,0.0,0.0,0.0,0.0,0.0,0.0,0.0,50.0,0.017111655261748435,7.8,251.0
28,29,Fe Alloy,potentiodynamic,2,73.09,16.0,4.5,0.0,0.0,0.0,0.3,0.07,1.0,1.0,4.0,0.04,0.0,0.0,0.0,0.0,0.0,0.0,0.0,0.0,0.0,0.0,0.0,0.0,50.0,0.08555827630874216,7.8,281.0
29,30,Fe Alloy,potentiodynamic,2,73.09,16.0,4.5,0.0,0.0,0.0,0.3,0.07,1.0,1.0,4.0,0.04,0.0,0.0,0.0,0.0,0.0,0.0,0.0,0.0,0.0,0.0,0.0,0.0,50.0,0.546,8.2,1516.0
30,31,Fe Alloy,potentiodynamic,1,55.07799999999999,20.0,18.0,6.0,0.0,0.2,0.0,0.02,0.002,0.0,0.7,0.0,0.0,0.0,0.0,0.0,0.0,0.0,0.0,0.0,0.0,0.0,0.0,0.0,50.0,0.005133496578524531,7.8,840.0
31,32,Fe Alloy,potentiodynamic,1,55.07799999999999,20.0,18.0,6.0,0.0,0.2,0.0,0.02,0.002,0.0,0.7,0.0,0.0,0.0,0.0,0.0,0.0,0.0,0.0,0.0,0.0,0.0,0.0,0.0,50.0,0.008555827630874218,7.8,830.0
32,33,Fe Alloy,potentiodynamic,1,55.07799999999999,20.0,18.0,6.0,0.0,0.2,0.0,0.02,0.002,0.0,0.7,0.0,0.0,0.0,0.0,0.0,0.0,0.0,0.0,0.0,0.0,0.0,0.0,0.0,50.0,0.017111655261748435,7.8,821.0
33,34,Fe Alloy,potentiodynamic,1,55.07799999999999,20.0,18.0,6.0,0.0,0.2,0.0,0.02,0.002,0.0,0.7,0.0,0.0,0.0,0.0,0.0,0.0,0.0,0.0,0.0,0.0,0.0,0.0,0.0,50.0,0.08555827630874216,7.8,785.0
34,35,Fe Alloy,potentiodynamic,1,55.07799999999999,20.0,18.0,6.0,0.0,0.2,0.0,0.02,0.002,0.0,0.7,0.0,0.0,0.0,0.0,0.0,0.0,0.0,0.0,0.0,0.0,0.0,0.0,0.0,50.0,0.546,8.2,813.0
35,36,Fe Alloy,potentiodynamic,4,44.585,25.0,22.0,7.0,0.0,0.5,0.0,0.015,0.0,0.5,0.4,0.0,0.0,0.0,0.0,0.0,0.0,0.0,0.0,0.0,0.0,0.0,0.0,0.0,50.0,0.005133496578524531,7.8,979.0
36,37,Fe Alloy,potentiodynamic,4,44.585,25.0,22.0,7.0,0.0,0.5,0.0,0.015,0.0,0.5,0.4,0.0,0.0,0.0,0.0,0.0,0.0,0.0,0.0,0.0,0.0,0.0,0.0,0.0,50.0,0.008555827630874218,7.8,975.0
37,38,Fe Alloy,potentiodynamic,4,44.585,25.0,22.0,7.0,0.0,0.5,0.0,0.015,0.0,0.5,0.4,0.0,0.0,0.0,0.0,0.0,0.0,0.0,0.0,0.0,0.0,0.0,0.0,0.0,50.0,0.017111655261748435,7.8,972.0
38,39,Fe Alloy,potentiodynamic,4,44.585,25.0,22.0,7.0,0.0,0.5,0.0,0.015,0.0,0.5,0.4,0.0,0.0,0.0,0.0,0.0,0.0,0.0,0.0,0.0,0.0,0.0,0.0,0.0,50.0,0.08555827630874216,7.8,908.0
39,40,Fe Alloy,potentiodynamic,4,44.585,25.0,22.0,7.0,0.0,0.5,0.0,0.015,0.0,0.5,0.4,0.0,0.0,0.0,0.0,0.0,0.0,0.0,0.0,0.0,0.0,0.0,0.0,0.0,50.0,0.546,8.2,883.0
40,41,Fe Alloy,potentiodynamic,3,45.988,21.0,25.0,6.0,0.0,0.2,0.0,0.01,0.002,0.9,0.9,0.0,0.0,0.0,0.0,0.0,0.0,0.0,0.0,0.0,0.0,0.0,0.0,0.0,50.0,0.005133496578524531,7.8,917.0
41,42,Fe Alloy,potentiodynamic,3,45.988,21.0,25.0,6.0,0.0,0.2,0.0,0.01,0.002,0.9,0.9,0.0,0.0,0.0,0.0,0.0,0.0,0.0,0.0,0.0,0.0,0.0,0.0,0.0,50.0,0.008555827630874218,7.8,867.0
42,43,Fe Alloy,potentiodynamic,3,45.988,21.0,25.0,6.0,0.0,0.2,0.0,0.01,0.002,0.9,0.9,0.0,0.0,0.0,0.0,0.0,0.0,0.0,0.0,0.0,0.0,0.0,0.0,0.0,50.0,0.017111655261748435,7.8,738.0
43,44,Fe Alloy,potentiodynamic,3,45.988,21.0,25.0,6.0,0.0,0.2,0.0,0.01,0.002,0.9,0.9,0.0,0.0,0.0,0.0,0.0,0.0,0.0,0.0,0.0,0.0,0.0,0.0,0.0,50.0,0.08555827630874216,7.8,530.0
44,45,Fe Alloy,potentiodynamic,3,45.988,21.0,25.0,6.0,0.0,0.2,0.0,0.01,0.002,0.9,0.9,0.0,0.0,0.0,0.0,0.0,0.0,0.0,0.0,0.0,0.0,0.0,0.0,0.0,50.0,0.546,8.2,1060.0
45,46,Fe Alloy,potentiodynamic,1,31.480000000000004,27.0,32.0,6.5,0.0,0.0,0.0,0.02,0.0,2.0,1.0,0.0,0.0,0.0,0.0,0.0,0.0,0.0,0.0,0.0,0.0,0.0,0.0,0.0,50.0,0.005133496578524531,7.8,997.0
46,47,Fe Alloy,potentiodynamic,1,31.480000000000004,27.0,32.0,6.5,0.0,0.0,0.0,0.02,0.0,2.0,1.0,0.0,0.0,0.0,0.0,0.0,0.0,0.0,0.0,0.0,0.0,0.0,0.0,0.0,50.0,0.008555827630874218,7.8,980.0
47,48,Fe Alloy,potentiodynamic,1,31.480000000000004,27.0,32.0,6.5,0.0,0.0,0.0,0.02,0.0,2.0,1.0,0.0,0.0,0.0,0.0,0.0,0.0,0.0,0.0,0.0,0.0,0.0,0.0,0.0,50.0,0.017111655261748435,7.8,973.0
48,49,Fe Alloy,potentiodynamic,1,31.480000000000004,27.0,32.0,6.5,0.0,0.0,0.0,0.02,0.0,2.0,1.0,0.0,0.0,0.0,0.0,0.0,0.0,0.0,0.0,0.0,0.0,0.0,0.0,0.0,50.0,0.08555827630874216,7.8,933.0
49,50,Fe Alloy,potentiodynamic,1,31.480000000000004,27.0,32.0,6.5,0.0,0.0,0.0,0.02,0.0,2.0,1.0,0.0,0.0,0.0,0.0,0.0,0.0,0.0,0.0,0.0,0.0,0.0,0.0,0.0,50.0,0.546,8.2,883.0
55,56,Fe Alloy,potentiodynamic,3,66.375,25.0,4.0,4.0,0.0,0.0,0.0,0.025,0.0,0.4,0.2,0.0,0.0,0.0,0.0,0.0,0.0,0.0,0.0,0.0,0.0,0.0,0.0,0.0,50.0,0.005133496578524531,7.8,1006.0
56,57,Fe Alloy,potentiodynamic,3,66.375,25.0,4.0,4.0,0.0,0.0,0.0,0.025,0.0,0.4,0.2,0.0,0.0,0.0,0.0,0.0,0.0,0.0,0.0,0.0,0.0,0.0,0.0,0.0,50.0,0.008555827630874218,7.8,1003.0
57,58,Fe Alloy,potentiodynamic,3,66.375,25.0,4.0,4.0,0.0,0.0,0.0,0.025,0.0,0.4,0.2,0.0,0.0,0.0,0.0,0.0,0.0,0.0,0.0,0.0,0.0,0.0,0.0,0.0,50.0,0.017111655261748435,7.8,942.0
58,59,Fe Alloy,potentiodynamic,3,66.375,25.0,4.0,4.0,0.0,0.0,0.0,0.025,0.0,0.4,0.2,0.0,0.0,0.0,0.0,0.0,0.0,0.0,0.0,0.0,0.0,0.0,0.0,0.0,50.0,0.08555827630874216,7.8,940.0
59,60,Fe Alloy,potentiodynamic,3,66.375,25.0,4.0,4.0,0.0,0.0,0.0,0.025,0.0,0.4,0.2,0.0,0.0,0.0,0.0,0.0,0.0,0.0,0.0,0.0,0.0,0.0,0.0,0.0,50.0,0.546,8.2,721.0
60,61,Fe Alloy,potentiodynamic,4,66.68,22.0,6.0,3.0,0.0,0.0,0.3,0.02,0.0,1.5,0.2,0.0,0.0,0.0,0.0,0.3,0.0,0.0,0.0,0.0,0.0,0.0,0.0,0.0,50.0,0.005133496578524531,7.8,885.0
61,62,Fe Alloy,potentiodynamic,4,66.68,22.0,6.0,3.0,0.0,0.0,0.3,0.02,0.0,1.5,0.2,0.0,0.0,0.0,0.0,0.3,0.0,0.0,0.0,0.0,0.0,0.0,0.0,0.0,50.0,0.008555827630874218,7.8,855.0
62,63,Fe Alloy,potentiodynamic,4,66.68,22.0,6.0,3.0,0.0,0.0,0.3,0.02,0.0,1.5,0.2,0.0,0.0,0.0,0.0,0.3,0.0,0.0,0.0,0.0,0.0,0.0,0.0,0.0,50.0,0.017111655261748435,7.8,872.0
63,64,Fe Alloy,potentiodynamic,4,66.68,22.0,6.0,3.0,0.0,0.0,0.3,0.02,0.0,1.5,0.2,0.0,0.0,0.0,0.0,0.3,0.0,0.0,0.0,0.0,0.0,0.0,0.0,0.0,50.0,0.08555827630874216,7.8,851.0
64,65,Fe Alloy,potentiodynamic,4,66.68,22.0,6.0,3.0,0.0,0.0,0.3,0.02,0.0,1.5,0.2,0.0,0.0,0.0,0.0,0.3,0.0,0.0,0.0,0.0,0.0,0.0,0.0,0.0,50.0,0.546,8.2,629.0
65,66,Fe Alloy,potentiodynamic,2,69.81899999999999,18.92,8.51,0.35,0.0,0.036,0.0,0.057,0.46,1.59,0.21,0.035,0.013,0.0,0.0,0.0,0.0,0.0,0.0,0.0,0.0,0.0,0.0,0.0,25.0,0.5,-0.301,265.5
66,67,Fe Alloy,potentiodynamic,2,69.595,18.87,8.59,0.36,0.0,0.11,0.0,0.044,0.46,1.77,0.16,0.034,0.007,0.0,0.0,0.0,0.0,0.0,0.0,0.0,0.0,0.0,0.0,0.0,25.0,0.5,-0.301,328.5
67,68,Fe Alloy,potentiodynamic,2,69.601,18.8,8.63,0.38,0.0,0.16,0.0,0.043,0.41,1.78,0.16,0.028,0.008,0.0,0.0,0.0,0.0,0.0,0.0,0.0,0.0,0.0,0.0,0.0,25.0,0.5,-0.301,532.3
68,69,Fe Alloy,other,2,58.38899999999998,17.38,20.15,0.02,0.0,0.036,0.0,0.03,0.13,3.84,0.0,0.014,0.011,0.0,0.0,0.0,0.0,0.0,0.0,0.0,0.0,0.0,0.0,0.0,25.0,0.6,7.68,-65.0
69,70,Fe Alloy,other,2,57.04800000000001,17.68,20.43,0.08,0.0,0.3,0.0,0.025,0.19,4.22,0.0,0.017,0.01,0.0,0.0,0.0,0.0,0.0,0.0,0.0,0.0,0.0,0.0,0.0,25.0,0.6,7.68,-25.0
70,71,Fe Alloy,other,5,56.45800000000001,17.95,19.9,1.03,0.0,0.031,0.0,0.035,0.19,4.38,0.0,0.016,0.01,0.0,0.0,0.0,0.0,0.0,0.0,0.0,0.0,0.0,0.0,0.0,25.0,0.6,7.68,-40.0
71,72,Fe Alloy,other,2,58.152,16.42,19.9,1.03,0.0,0.155,0.0,0.007,0.22,4.08,0.0,0.02,0.016,0.0,0.0,0.0,0.0,0.0,0.0,0.0,0.0,0.0,0.0,0.0,25.0,0.6,7.68,-15.0
72,73,Fe Alloy,other,5,57.40999999999999,16.86,19.98,1.03,0.0,0.27,0.0,0.024,0.33,4.06,0.0,0.02,0.016,0.0,0.0,0.0,0.0,0.0,0.0,0.0,0.0,0.0,0.0,0.0,25.0,0.6,7.68,65.0
73,74,Fe Alloy,other,5,56.765,16.86,20.54,1.01,0.0,0.29,0.0,0.025,0.17,4.31,0.0,0.018,0.012,0.0,0.0,0.0,0.0,0.0,0.0,0.0,0.0,0.0,0.0,0.0,25.0,0.6,7.68,50.0
74,75,Fe Alloy,other,1,57.002,16.34,19.16,2.98,0.0,0.034,0.0,0.021,0.18,4.25,0.0,0.019,0.014,0.0,0.0,0.0,0.0,0.0,0.0,0.0,0.0,0.0,0.0,0.0,25.0,0.6,7.68,20.0
75,76,Fe Alloy,other,3,56.336999999999996,16.7,19.65,2.92,0.0,0.149,0.0,0.008,0.14,4.06,0.0,0.017,0.019,0.0,0.0,0.0,0.0,0.0,0.0,0.0,0.0,0.0,0.0,0.0,25.0,0.6,7.68,85.0
76,77,Fe Alloy,other,1,55.528999999999996,16.8,20.05,2.94,0.0,0.291,0.0,0.012,0.27,4.07,0.0,0.02,0.018,0.0,0.0,0.0,0.0,0.0,0.0,0.0,0.0,0.0,0.0,0.0,25.0,0.6,7.68,80.0
77,78,Fe Alloy,other,1,55.28600000000001,16.58,20.29,2.72,0.0,0.31,0.0,0.025,0.23,4.53,0.0,0.019,0.01,0.0,0.0,0.0,0.0,0.0,0.0,0.0,0.0,0.0,0.0,0.0,25.0,0.6,7.68,95.0
78,79,Fe Alloy,other,3,52.998000000000005,22.58,19.88,0.05,0.0,0.054,0.0,0.012,0.13,4.28,0.0,0.007,0.009,0.0,0.0,0.0,0.0,0.0,0.0,0.0,0.0,0.0,0.0,0.0,25.0,0.6,7.68,-30.0
83,84,Fe Alloy,other,4,50.373999999999995,22.41,19.96,2.64,0.0,0.067,0.0,0.025,0.21,4.29,0.0,0.013,0.011,0.0,0.0,0.0,0.0,0.0,0.0,0.0,0.0,0.0,0.0,0.0,25.0,0.6,7.68,125.0
84,85,Fe Alloy,other,4,50.113,22.84,20.05,2.85,0.0,0.159,0.0,0.012,0.14,3.8,0.0,0.017,0.019,0.0,0.0,0.0,0.0,0.0,0.0,0.0,0.0,0.0,0.0,0.0,25.0,0.6,7.68,170.0
85,86,Fe Alloy,other,2,49.662,22.35,20.39,2.73,0.0,0.31,0.0,0.022,0.16,4.35,0.0,0.015,0.011,0.0,0.0,0.0,0.0,0.0,0.0,0.0,0.0,0.0,0.0,0.0,25.0,0.6,7.68,920.0
86,87,Fe Alloy,other,4,50.079,22.52,19.95,2.96,0.0,0.455,0.0,0.02,0.23,3.75,0.0,0.019,0.017,0.0,0.0,0.0,0.0,0.0,0.0,0.0,0.0,0.0,0.0,0.0,25.0,0.6,7.68,940.0
88,89,Fe Alloy,potentiodynamic,4,66.475,16.3,14.0,0.0,2.49,0.0,0.0,0.005,0.4,0.33,0.0,0.0,0.0,0.0,0.0,0.0,0.0,0.0,0.0,0.0,0.0,0.0,0.0,0.0,60.0,0.1,7.0,214.3
89,90,Fe Alloy,potentiodynamic,5,63.874,16.5,14.1,0.0,4.81,0.0,0.0,0.006,0.41,0.3,0.0,0.0,0.0,0.0,0.0,0.0,0.0,0.0,0.0,0.0,0.0,0.0,0.0,0.0,60.0,0.1,7.0,297.1
90,91,Fe Alloy,potentiodynamic,4,66.475,16.3,14.0,0.0,2.49,0.0,0.0,0.005,0.4,0.33,0.0,0.0,0.0,0.0,0.0,0.0,0.0,0.0,0.0,0.0,0.0,0.0,0.0,0.0,60.0,0.1,1.0,58.8377723970944
91,92,Fe Alloy,potentiodynamic,5,63.874,16.5,14.1,0.0,4.81,0.0,0.0,0.006,0.41,0.3,0.0,0.0,0.0,0.0,0.0,0.0,0.0,0.0,0.0,0.0,0.0,0.0,0.0,0.0,60.0,0.1,1.0,121.307506053268
92,93,Fe Alloy,potentiodynamic,3,60.343999999999994,16.17,14.1,0.0,8.66,0.0,0.0,0.006,0.4,0.32,0.0,0.0,0.0,0.0,0.0,0.0,0.0,0.0,0.0,0.0,0.0,0.0,0.0,0.0,60.0,0.1,1.0,208.474576271186
93,94,Fe Alloy,potentiodynamic,3,56.644000000000005,16.22,14.0,0.0,12.4,0.0,0.0,0.006,0.43,0.3,0.0,0.0,0.0,0.0,0.0,0.0,0.0,0.0,0.0,0.0,0.0,0.0,0.0,0.0,60.0,0.1,1.0,252.058111380145
94,95,Fe Alloy,potentiodynamic,4,66.475,16.3,14.0,0.0,2.49,0.0,0.0,0.005,0.4,0.33,0.0,0.0,0.0,0.0,0.0,0.0,0.0,0.0,0.0,0.0,0.0,0.0,0.0,0.0,60.0,0.2,1.0,122.900763358778
95,96,Fe Alloy,potentiodynamic,5,63.874,16.5,14.1,0.0,4.81,0.0,0.0,0.006,0.41,0.3,0.0,0.0,0.0,0.0,0.0,0.0,0.0,0.0,0.0,0.0,0.0,0.0,0.0,0.0,60.0,0.2,1.0,185.496183206106
96,97,Fe Alloy,potentiodynamic,3,60.343999999999994,16.17,14.1,0.0,8.66,0.0,0.0,0.006,0.4,0.32,0.0,0.0,0.0,0.0,0.0,0.0,0.0,0.0,0.0,0.0,0.0,0.0,0.0,0.0,60.0,0.2,1.0,286.259541984732
97,98,Fe Alloy,potentiodynamic,3,56.644000000000005,16.22,14.0,0.0,12.4,0.0,0.0,0.006,0.43,0.3,0.0,0.0,0.0,0.0,0.0,0.0,0.0,0.0,0.0,0.0,0.0,0.0,0.0,0.0,60.0,0.2,1.0,315.267175572519
98,99,Fe Alloy,potentiodynamic,4,72.06899999999999,16.62,8.46,0.21,0.0,0.0,0.0,0.054,0.56,1.78,0.21,0.03,0.007,0.0,0.0,0.0,0.0,0.0,0.0,0.0,0.0,0.0,0.0,0.0,80.0,0.0007,7.0,455.0
100,101,Other,potentiodynamic,2,9.71899999999998,15.5,73.86,0.0,0.0,0.0,0.0,0.04,0.26,0.31,0.31,0.0,0.001,0.0,0.0,0.0,0.0,0.0,0.0,0.0,0.0,0.0,0.0,0.0,80.0,0.0007,7.0,605.0
101,102,Fe Alloy,potentiodynamic,4,72.06899999999999,16.62,8.46,0.21,0.0,0.0,0.0,0.054,0.56,1.78,0.21,0.03,0.007,0.0,0.0,0.0,0.0,0.0,0.0,0.0,0.0,0.0,0.0,0.0,80.0,0.0007,7.0,170.0
103,104,Other,potentiodynamic,2,9.71899999999998,15.5,73.86,0.0,0.0,0.0,0.0,0.04,0.26,0.31,0.31,0.0,0.001,0.0,0.0,0.0,0.0,0.0,0.0,0.0,0.0,0.0,0.0,0.0,80.0,0.0007,7.0,305.0
113,114,Fe Alloy,potentiodynamic,2,48.739,19.85,24.86,4.5,0.0,0.061,0.0,0.02,0.54,1.42,0.0,0.01,0.003,0.0,0.0,0.0,0.0,0.0,0.0,0.0,0.0,0.0,0.0,0.0,75.0,1.0,7.0,457.9
114,115,Fe Alloy,potentiodynamic,2,48.535999999999994,19.87,24.95,4.55,0.0,0.13,0.0,0.015,0.49,1.45,0.0,0.009,0.003,0.0,0.0,0.0,0.0,0.0,0.0,0.0,0.0,0.0,0.0,0.0,75.0,1.0,7.0,583.31
115,116,Fe Alloy,potentiodynamic,2,48.377,19.83,24.99,4.59,0.0,0.21,0.0,0.014,0.54,1.44,0.0,0.009,0.003,0.0,0.0,0.0,0.0,0.0,0.0,0.0,0.0,0.0,0.0,0.0,75.0,1.0,7.0,740.08
117,118,Fe Alloy,potentiodynamic,2,48.739,19.85,24.86,4.5,0.0,0.061,0.0,0.02,0.54,1.42,0.0,0.01,0.003,0.0,0.0,0.0,0.0,0.0,0.0,0.0,0.0,0.0,0.0,0.0,90.0,1.0,7.0,361.42
118,119,Fe Alloy,potentiodynamic,2,48.535999999999994,19.87,24.95,4.55,0.0,0.13,0.0,0.015,0.49,1.45,0.0,0.009,0.003,0.0,0.0,0.0,0.0,0.0,0.0,0.0,0.0,0.0,0.0,0.0,90.0,1.0,7.0,436.55
119,120,Fe Alloy,potentiodynamic,2,48.377,19.83,24.99,4.59,0.0,0.21,0.0,0.014,0.54,1.44,0.0,0.009,0.003,0.0,0.0,0.0,0.0,0.0,0.0,0.0,0.0,0.0,0.0,0.0,90.0,1.0,7.0,450.76
120,121,Fe Alloy,potentiodynamic,2,67.041,21.89,5.57,3.22,0.0,0.047,0.0,0.014,0.49,1.72,0.0,0.004,0.004,0.0,0.0,0.0,0.0,0.0,0.0,0.0,0.0,0.0,0.0,0.0,60.0,0.9,7.0,190.77
121,122,Fe Alloy,potentiodynamic,2,67.21300000000001,21.72,5.58,3.16,0.0,0.077,0.0,0.012,0.49,1.74,0.0,0.004,0.004,0.0,0.0,0.0,0.0,0.0,0.0,0.0,0.0,0.0,0.0,0.0,60.0,0.9,7.0,225.31
122,123,Fe Alloy,potentiodynamic,2,66.839,21.92,5.6,3.22,0.0,0.123,0.0,0.01,0.51,1.77,0.0,0.004,0.004,0.0,0.0,0.0,0.0,0.0,0.0,0.0,0.0,0.0,0.0,0.0,60.0,0.9,7.0,226.23
123,124,Fe Alloy,potentiodynamic,2,66.908,21.75,5.56,3.3,0.0,0.137,0.0,0.016,0.49,1.83,0.0,0.004,0.005,0.0,0.0,0.0,0.0,0.0,0.0,0.0,0.0,0.0,0.0,0.0,60.0,0.9,7.0,277.95
124,125,Fe Alloy,potentiodynamic,2,67.24000000000001,21.7,5.51,3.14,0.0,0.164,0.0,0.008,0.5,1.73,0.0,0.004,0.004,0.0,0.0,0.0,0.0,0.0,0.0,0.0,0.0,0.0,0.0,0.0,60.0,0.9,7.0,352.91
125,126,Fe Alloy,potentiodynamic,2,67.17,21.7,5.51,3.16,0.0,0.238,0.0,0.015,0.5,1.7,0.0,0.003,0.004,0.0,0.0,0.0,0.0,0.0,0.0,0.0,0.0,0.0,0.0,0.0,60.0,0.9,7.0,724.53
126,127,Fe Alloy,potentiodynamic,2,67.041,21.89,5.57,3.22,0.0,0.047,0.0,0.014,0.49,1.72,0.0,0.004,0.004,0.0,0.0,0.0,0.0,0.0,0.0,0.0,0.0,0.0,0.0,0.0,60.0,0.9,7.0,156.33
127,128,Fe Alloy,potentiodynamic,2,67.21300000000001,21.72,5.58,3.16,0.0,0.077,0.0,0.012,0.49,1.74,0.0,0.004,0.004,0.0,0.0,0.0,0.0,0.0,0.0,0.0,0.0,0.0,0.0,0.0,60.0,0.9,7.0,169.92
128,129,Fe Alloy,potentiodynamic,2,66.839,21.92,5.6,3.22,0.0,0.123,0.0,0.01,0.51,1.77,0.0,0.004,0.004,0.0,0.0,0.0,0.0,0.0,0.0,0.0,0.0,0.0,0.0,0.0,60.0,0.9,7.0,163.34
129,130,Fe Alloy,potentiodynamic,2,66.908,21.75,5.56,3.3,0.0,0.137,0.0,0.016,0.49,1.83,0.0,0.004,0.005,0.0,0.0,0.0,0.0,0.0,0.0,0.0,0.0,0.0,0.0,0.0,60.0,0.9,7.0,186.61
130,131,Fe Alloy,potentiodynamic,2,67.24000000000001,21.7,5.51,3.14,0.0,0.164,0.0,0.008,0.5,1.73,0.0,0.004,0.004,0.0,0.0,0.0,0.0,0.0,0.0,0.0,0.0,0.0,0.0,0.0,60.0,0.9,7.0,243.61
131,132,Fe Alloy,potentiodynamic,2,67.17,21.7,5.51,3.16,0.0,0.238,0.0,0.015,0.5,1.7,0.0,0.003,0.004,0.0,0.0,0.0,0.0,0.0,0.0,0.0,0.0,0.0,0.0,0.0,60.0,0.9,7.0,461.75
132,133,Fe Alloy,potentiodynamic,2,66.908,21.75,5.56,3.3,0.0,0.137,0.0,0.016,0.49,1.83,0.0,0.004,0.005,0.0,0.0,0.0,0.0,0.0,0.0,0.0,0.0,0.0,0.0,0.0,60.0,0.9,7.0,256.93
133,134,Fe Alloy,potentiodynamic,2,66.908,21.75,5.56,3.3,0.0,0.137,0.0,0.016,0.49,1.83,0.0,0.004,0.005,0.0,0.0,0.0,0.0,0.0,0.0,0.0,0.0,0.0,0.0,0.0,60.0,0.9,7.0,243.35
134,135,Fe Alloy,potentiodynamic,2,66.908,21.75,5.56,3.3,0.0,0.137,0.0,0.016,0.49,1.83,0.0,0.004,0.005,0.0,0.0,0.0,0.0,0.0,0.0,0.0,0.0,0.0,0.0,0.0,60.0,0.9,7.0,160.4
135,136,Fe Alloy,potentiodynamic,2,66.908,21.75,5.56,3.3,0.0,0.137,0.0,0.016,0.49,1.83,0.0,0.004,0.005,0.0,0.0,0.0,0.0,0.0,0.0,0.0,0.0,0.0,0.0,0.0,60.0,0.9,7.0,88.43
136,137,Fe Alloy,potentiodynamic,2,66.908,21.75,5.56,3.3,0.0,0.137,0.0,0.016,0.49,1.83,0.0,0.004,0.005,0.0,0.0,0.0,0.0,0.0,0.0,0.0,0.0,0.0,0.0,0.0,60.0,0.9,7.0,58.67
137,138,Fe Alloy,potentiodynamic,1,61.679,25.92,5.9,3.19,0.0,0.2,0.0,0.03,0.47,0.96,1.62,0.024,0.007,0.0,0.0,0.0,0.0,0.0,0.0,0.0,0.0,0.0,0.0,0.0,65.0,0.62,7.0,322.0
138,139,Fe Alloy,potentiodynamic,1,61.679,25.92,5.9,3.19,0.0,0.2,0.0,0.03,0.47,0.96,1.62,0.024,0.007,0.0,0.0,0.0,0.0,0.0,0.0,0.0,0.0,0.0,0.0,0.0,65.0,0.62,7.0,255.0
139,140,Fe Alloy,potentiodynamic,1,61.679,25.92,5.9,3.19,0.0,0.2,0.0,0.03,0.47,0.96,1.62,0.024,0.007,0.0,0.0,0.0,0.0,0.0,0.0,0.0,0.0,0.0,0.0,0.0,65.0,0.62,7.0,209.0
140,141,Fe Alloy,potentiodynamic,1,61.679,25.92,5.9,3.19,0.0,0.2,0.0,0.03,0.47,0.96,1.62,0.024,0.007,0.0,0.0,0.0,0.0,0.0,0.0,0.0,0.0,0.0,0.0,0.0,65.0,0.62,7.0,176.0
141,142,Fe Alloy,potentiodynamic,3,65.885,20.8,11.7,0.22,0.0,0.025,0.0,0.05,0.7,0.6,0.0,0.01,0.01,0.0,0.0,0.0,0.0,0.0,0.0,0.0,0.0,0.0,0.0,0.0,27.0,0.5,0.0,547.7
142,143,Fe Alloy,potentiodynamic,4,66.856,20.9,10.5,0.22,0.0,0.054,0.0,0.05,0.7,0.7,0.0,0.01,0.01,0.0,0.0,0.0,0.0,0.0,0.0,0.0,0.0,0.0,0.0,0.0,27.0,0.5,0.0,562.99
143,144,Fe Alloy,potentiodynamic,1,68.21799999999999,20.8,9.2,0.23,0.0,0.082,0.0,0.05,0.7,0.7,0.0,0.01,0.01,0.0,0.0,0.0,0.0,0.0,0.0,0.0,0.0,0.0,0.0,0.0,27.0,0.5,0.0,625.0
144,145,Fe Alloy,potentiodynamic,4,69.102,21.0,8.0,0.23,0.0,0.098,0.0,0.05,0.8,0.7,0.0,0.01,0.01,0.0,0.0,0.0,0.0,0.0,0.0,0.0,0.0,0.0,0.0,0.0,27.0,0.5,0.0,682.64
145,146,Fe Alloy,potentiodynamic,2,70.315,20.6,7.4,0.0,0.0,0.17,0.0,0.015,1.1,0.4,0.0,0.0,0.0,0.0,0.0,0.0,0.0,0.0,0.0,0.0,0.0,0.0,0.0,0.0,27.0,0.5,0.0,726.74
146,147,Fe Alloy,potentiodynamic,2,70.572,20.5,7.2,0.0,0.0,0.17,0.0,0.058,1.1,0.4,0.0,0.0,0.0,0.0,0.0,0.0,0.0,0.0,0.0,0.0,0.0,0.0,0.0,0.0,27.0,0.5,0.0,765.17
147,148,Fe Alloy,potentiodynamic,3,64.23000000000002,17.4,13.2,2.57,0.0,0.16,0.0,0.019,0.64,1.73,0.0,0.021,0.03,0.0,0.0,0.0,0.0,0.0,0.0,0.0,0.0,0.0,0.0,0.0,,0.0,0.0,500.0
148,149,Fe Alloy,potentiodynamic,3,64.23000000000002,17.4,13.2,2.57,0.0,0.16,0.0,0.019,0.64,1.73,0.0,0.021,0.03,0.0,0.0,0.0,0.0,0.0,0.0,0.0,0.0,0.0,0.0,0.0,,3.0,7.0,720.0
149,150,Fe Alloy,potentiodynamic,3,64.23000000000002,17.4,13.2,2.57,0.0,0.16,0.0,0.019,0.64,1.73,0.0,0.021,0.03,0.0,0.0,0.0,0.0,0.0,0.0,0.0,0.0,0.0,0.0,0.0,,4.0,7.0,500.0
150,151,Fe Alloy,potentiodynamic,3,64.23000000000002,17.4,13.2,2.57,0.0,0.16,0.0,0.019,0.64,1.73,0.0,0.021,0.03,0.0,0.0,0.0,0.0,0.0,0.0,0.0,0.0,0.0,0.0,0.0,,6.2,7.0,350.0
151,152,Fe Alloy,potentiodynamic,2,59.3898,20.12,20.18,0.01,0.02,0.011,0.0,0.004,0.08,0.18,0.0,0.003,0.0022,0.0,0.0,0.0,0.0,0.0,0.0,0.0,0.0,0.0,0.0,0.0,22.0,0.5,1.0,239.0
152,153,Fe Alloy,potentiodynamic,3,82.37,16.35,0.17,0.02,0.0,0.0,0.0,0.094,0.32,0.56,0.08,0.026,0.01,0.0,0.0,0.0,0.0,0.0,0.0,0.0,0.0,0.0,0.0,0.0,25.0,1.0,7.0,-185.0
153,154,Fe Alloy,potentiodynamic,3,82.37,16.35,0.17,0.02,0.0,0.0,0.0,0.094,0.32,0.56,0.08,0.026,0.01,0.0,0.0,0.0,0.0,0.0,0.0,0.0,0.0,0.0,0.0,0.0,25.0,1.0,7.0,-130.0
154,155,Fe Alloy,potentiodynamic,3,82.37,16.35,0.17,0.02,0.0,0.0,0.0,0.094,0.32,0.56,0.08,0.026,0.01,0.0,0.0,0.0,0.0,0.0,0.0,0.0,0.0,0.0,0.0,0.0,25.0,1.0,7.0,-100.0
155,156,Fe Alloy,potentiodynamic,3,82.37,16.35,0.17,0.02,0.0,0.0,0.0,0.094,0.32,0.56,0.08,0.026,0.01,0.0,0.0,0.0,0.0,0.0,0.0,0.0,0.0,0.0,0.0,0.0,25.0,1.0,7.0,-35.0
156,157,Fe Alloy,potentiodynamic,1,71.07,18.1,8.22,0.36,0.0,0.0,0.0,0.079,0.56,1.33,0.22,0.027,0.034,0.0,0.0,0.0,0.0,0.0,0.0,0.0,0.0,0.0,0.0,0.0,25.0,1.0,7.0,-50.0
157,158,Fe Alloy,potentiodynamic,1,71.07,18.1,8.22,0.36,0.0,0.0,0.0,0.079,0.56,1.33,0.22,0.027,0.034,0.0,0.0,0.0,0.0,0.0,0.0,0.0,0.0,0.0,0.0,0.0,25.0,1.0,7.0,-20.0
158,159,Fe Alloy,potentiodynamic,1,71.07,18.1,8.22,0.36,0.0,0.0,0.0,0.079,0.56,1.33,0.22,0.027,0.034,0.0,0.0,0.0,0.0,0.0,0.0,0.0,0.0,0.0,0.0,0.0,25.0,1.0,7.0,50.0
159,160,Fe Alloy,potentiodynamic,1,71.07,18.1,8.22,0.36,0.0,0.0,0.0,0.079,0.56,1.33,0.22,0.027,0.034,0.0,0.0,0.0,0.0,0.0,0.0,0.0,0.0,0.0,0.0,0.0,25.0,1.0,7.0,65.0
160,161,Fe Alloy,potentiodynamic,2,63.114999999999995,17.95,0.07,0.0,0.0,0.03,0.0,0.022,0.34,18.25,0.2,0.012,0.011,0.0,0.0,0.0,0.0,0.0,0.0,0.0,0.0,0.0,0.0,0.0,,0.017111655261748435,5.0,26.83
161,162,Fe Alloy,potentiodynamic,2,63.163999999999994,17.88,0.07,0.0,0.0,0.1,0.0,0.026,0.32,18.2,0.22,0.006,0.014,0.0,0.0,0.0,0.0,0.0,0.0,0.0,0.0,0.0,0.0,0.0,,0.017111655261748435,5.0,49.87
162,163,Fe Alloy,potentiodynamic,2,63.07,17.88,0.07,0.0,0.0,0.18,0.0,0.027,0.38,18.14,0.23,0.006,0.017,0.0,0.0,0.0,0.0,0.0,0.0,0.0,0.0,0.0,0.0,0.0,,0.017111655261748435,5.0,107.73
163,164,Fe Alloy,potentiodynamic,2,62.871,17.88,0.08,0.0,0.0,0.33,0.0,0.03,0.37,18.2,0.22,0.009,0.01,0.0,0.0,0.0,0.0,0.0,0.0,0.0,0.0,0.0,0.0,0.0,,0.017111655261748435,5.0,265.77
164,165,Fe Alloy,potentiodynamic,2,62.778,18.1,0.08,0.0,0.0,0.4,0.0,0.032,0.37,18.0,0.22,0.011,0.009,0.0,0.0,0.0,0.0,0.0,0.0,0.0,0.0,0.0,0.0,0.0,,0.017111655261748435,5.0,306.39
165,166,Fe Alloy,potentiodynamic,2,63.20100000000001,17.83,0.08,0.0,0.0,0.52,0.0,0.038,0.29,17.8,0.22,0.009,0.012,0.0,0.0,0.0,0.0,0.0,0.0,0.0,0.0,0.0,0.0,0.0,,0.017111655261748435,5.0,334.86
166,167,Fe Alloy,potentiodynamic,2,62.041999999999994,18.25,0.07,0.0,0.0,0.69,0.0,0.037,0.4,18.25,0.24,0.008,0.013,0.0,0.0,0.0,0.0,0.0,0.0,0.0,0.0,0.0,0.0,0.0,,0.017111655261748435,5.0,398.91
171,172,Fe Alloy,potentiodynamic,2,48.759,19.85,24.86,4.5,0.0,0.015,0.0,0.003,0.54,1.42,0.04,0.01,0.003,0.0,0.0,0.0,0.0,0.0,0.0,0.0,0.0,0.0,0.0,0.0,75.0,1.0,7.0,441.12
172,173,Fe Alloy,potentiodynamic,2,48.696,19.85,24.86,4.5,0.0,0.061,0.0,0.02,0.54,1.42,0.04,0.01,0.003,0.0,0.0,0.0,0.0,0.0,0.0,0.0,0.0,0.0,0.0,0.0,75.0,1.0,7.0,443.98
173,174,Fe Alloy,potentiodynamic,2,48.49399999999999,19.87,24.95,4.55,0.0,0.13,0.0,0.015,0.49,1.45,0.039,0.009,0.003,0.0,0.0,0.0,0.0,0.0,0.0,0.0,0.0,0.0,0.0,0.0,75.0,1.0,7.0,589.29
174,175,Fe Alloy,potentiodynamic,2,48.332,19.83,24.99,4.59,0.0,0.21,0.0,0.014,0.54,1.44,0.042,0.009,0.003,0.0,0.0,0.0,0.0,0.0,0.0,0.0,0.0,0.0,0.0,0.0,75.0,1.0,7.0,751.98
175,176,Fe Alloy,potentiodynamic,3,52.208000000000006,20.06,25.58,0.01,0.0,0.0,0.0,0.053,0.54,1.53,0.0,0.009,0.01,0.0,0.0,0.0,0.0,0.0,0.0,0.0,0.0,0.0,0.0,0.0,25.0,1.0,0.0,0.0
177,178,Fe Alloy,potentiodynamic,3,49.277,20.16,25.52,2.97,0.0,0.0,0.0,0.064,0.52,1.47,0.0,0.009,0.01,0.0,0.0,0.0,0.0,0.0,0.0,0.0,0.0,0.0,0.0,0.0,25.0,1.0,0.0,850.0
178,179,Fe Alloy,potentiodynamic,5,47.342999999999996,19.96,25.66,5.06,0.0,0.0,0.0,0.059,0.46,1.44,0.0,0.008,0.01,0.0,0.0,0.0,0.0,0.0,0.0,0.0,0.0,0.0,0.0,0.0,25.0,1.0,0.0,850.0
179,180,Other,potentiodynamic,5,0.0,100.0,0.0,0.0,0.0,0.0,0.0,0.0,0.0,0.0,0.0,0.0,0.0,0.0,0.0,0.0,0.0,0.0,0.0,0.0,0.0,0.0,0.0,0.0,25.0,1.0,0.0,830.0
180,181,Other,potentiodynamic,4,0.0,0.0,100.0,0.0,0.0,0.0,0.0,0.0,0.0,0.0,0.0,0.0,0.0,0.0,0.0,0.0,0.0,0.0,0.0,0.0,0.0,0.0,0.0,0.0,25.0,1.0,0.0,-150.0
181,182,Fe Alloy,potentiodynamic,4,55.0,20.0,25.0,0.0,0.0,0.0,0.0,0.0,0.0,0.0,0.0,0.0,0.0,0.0,0.0,0.0,0.0,0.0,0.0,0.0,0.0,0.0,0.0,0.0,25.0,1.0,0.0,0.0
182,183,Fe Alloy,potentiodynamic,4,50.0,20.0,25.0,5.0,0.0,0.0,0.0,0.0,0.0,0.0,0.0,0.0,0.0,0.0,0.0,0.0,0.0,0.0,0.0,0.0,0.0,0.0,0.0,0.0,25.0,1.0,0.0,850.0
185,186,Fe Alloy,potentiodynamic,5,77.0,23.0,0.0,0.0,0.0,0.0,0.0,0.0,0.0,0.0,0.0,0.0,0.0,0.0,0.0,0.0,0.0,0.0,0.0,0.0,0.0,0.0,0.0,0.0,25.0,1.0,0.0,180.0
190,191,Other,potentiodynamic,5,30.0,70.0,0.0,0.0,0.0,0.0,0.0,0.0,0.0,0.0,0.0,0.0,0.0,0.0,0.0,0.0,0.0,0.0,0.0,0.0,0.0,0.0,0.0,0.0,25.0,1.0,0.0,850.0
191,192,Fe Alloy,potentiodynamic,3,96.0,0.0,0.0,4.0,0.0,0.0,0.0,0.0,0.0,0.0,0.0,0.0,0.0,0.0,0.0,0.0,0.0,0.0,0.0,0.0,0.0,0.0,0.0,0.0,25.0,0.0,0.0,1500.0
192,193,Fe Alloy,potentiodynamic,5,92.0,0.0,0.0,8.0,0.0,0.0,0.0,0.0,0.0,0.0,0.0,0.0,0.0,0.0,0.0,0.0,0.0,0.0,0.0,0.0,0.0,0.0,0.0,0.0,25.0,0.0,0.0,1550.0
193,194,Fe Alloy,potentiodynamic,5,90.0,0.0,0.0,10.0,0.0,0.0,0.0,0.0,0.0,0.0,0.0,0.0,0.0,0.0,0.0,0.0,0.0,0.0,0.0,0.0,0.0,0.0,0.0,0.0,25.0,0.0,0.0,1550.0
194,195,Fe Alloy,potentiodynamic,5,80.0,0.0,0.0,20.0,0.0,0.0,0.0,0.0,0.0,0.0,0.0,0.0,0.0,0.0,0.0,0.0,0.0,0.0,0.0,0.0,0.0,0.0,0.0,0.0,25.0,0.0,0.0,1550.0
195,196,Fe Alloy,potentiodynamic,2,41.0,0.0,0.0,59.0,0.0,0.0,0.0,0.0,0.0,0.0,0.0,0.0,0.0,0.0,0.0,0.0,0.0,0.0,0.0,0.0,0.0,0.0,0.0,0.0,25.0,0.0,0.0,1600.0
197,198,Fe Alloy,potentiodynamic,5,60.0,10.0,25.0,5.0,0.0,0.0,0.0,0.0,0.0,0.0,0.0,0.0,0.0,0.0,0.0,0.0,0.0,0.0,0.0,0.0,0.0,0.0,0.0,0.0,25.0,1.0,0.0,250.0
198,199,Fe Alloy,potentiodynamic,5,56.0,14.0,25.0,5.0,0.0,0.0,0.0,0.0,0.0,0.0,0.0,0.0,0.0,0.0,0.0,0.0,0.0,0.0,0.0,0.0,0.0,0.0,0.0,0.0,25.0,1.0,0.0,350.0
199,200,Fe Alloy,potentiodynamic,5,53.0,17.0,25.0,5.0,0.0,0.0,0.0,0.0,0.0,0.0,0.0,0.0,0.0,0.0,0.0,0.0,0.0,0.0,0.0,0.0,0.0,0.0,0.0,0.0,25.0,1.0,0.0,400.0
200,201,Fe Alloy,potentiodynamic,4,50.0,20.0,25.0,5.0,0.0,0.0,0.0,0.0,0.0,0.0,0.0,0.0,0.0,0.0,0.0,0.0,0.0,0.0,0.0,0.0,0.0,0.0,0.0,0.0,25.0,1.0,0.0,880.0
201,202,Fe Alloy,potentiodynamic,2,75.586,24.3,0.0,0.063,0.0,0.0,0.0,0.0,0.043,0.002,0.0,0.0,0.006,0.0,0.0,0.0,0.0,0.0,0.0,0.0,0.0,0.0,0.0,0.0,25.0,0.0,0.699,497.0
202,203,Fe Alloy,potentiodynamic,5,64.66,24.3,0.0,10.9,0.015,0.0,0.0,0.0,0.0,0.12,0.0,0.0,0.005,0.0,0.0,0.0,0.0,0.0,0.0,0.0,0.0,0.0,0.0,0.0,25.0,0.0,0.699,895.0
203,204,Fe Alloy,potentiodynamic,2,75.586,24.3,0.0,0.063,0.0,0.0,0.0,0.0,0.043,0.002,0.0,0.0,0.006,0.0,0.0,0.0,0.0,0.0,0.0,0.0,0.0,0.0,0.0,0.0,25.0,0.12,0.699,1056.0
204,205,Fe Alloy,potentiodynamic,5,64.66,24.3,0.0,10.9,0.015,0.0,0.0,0.0,0.0,0.12,0.0,0.0,0.005,0.0,0.0,0.0,0.0,0.0,0.0,0.0,0.0,0.0,0.0,0.0,25.0,0.12,0.699,856.0
205,206,Fe Alloy,potentiostatic,2,76.0,24.0,0.0,0.0,0.0,0.0,0.0,0.0,0.0,0.0,0.0,0.0,0.0,0.0,0.0,0.0,0.0,0.0,0.0,0.0,0.0,0.0,0.0,0.0,65.0,0.0,0.699,884.3
206,207,Fe Alloy,potentiostatic,2,76.0,24.0,0.0,0.0,0.0,0.0,0.0,0.0,0.0,0.0,0.0,0.0,0.0,0.0,0.0,0.0,0.0,0.0,0.0,0.0,0.0,0.0,0.0,0.0,65.0,0.12,0.699,487.5
207,208,Fe Alloy,potentiodynamic,2,59.312000000000005,20.12,20.18,0.01,0.02,0.011,0.0,0.004,0.08,0.18,0.0,0.003,0.08,0.0,0.0,0.0,0.0,0.0,0.0,0.0,0.0,0.0,0.0,0.0,22.0,0.5,1.0,549.6
208,209,Fe Alloy,potentiodynamic,4,71.723,19.2,9.0,0.0,0.0,0.002,0.0,0.05,0.0,0.0,0.0,0.0,0.025,0.0,0.0,0.0,0.0,0.0,0.0,0.0,0.0,0.0,0.0,0.0,25.0,0.3,5.4,-50.0
209,210,Fe Alloy,potentiodynamic,4,71.723,19.2,9.0,0.0,0.0,0.002,0.0,0.05,0.0,0.0,0.0,0.0,0.025,0.0,0.0,0.0,0.0,0.0,0.0,0.0,0.0,0.0,0.0,0.0,25.0,0.3,9.0,525.0
222,223,Fe Alloy,other,1,70.124,18.8,6.0,1.01,0.0,0.088,0.0,0.008,0.5,3.47,0.0,0.0,0.0,0.0,0.0,0.0,0.0,0.0,0.0,0.0,0.0,0.0,0.0,0.0,30.0,1.0,7.0,29.0
223,224,Fe Alloy,other,3,69.127,18.8,6.0,1.98,0.0,0.063,0.0,0.03,0.5,3.5,0.0,0.0,0.0,0.0,0.0,0.0,0.0,0.0,0.0,0.0,0.0,0.0,0.0,0.0,30.0,1.0,7.0,93.0
224,225,Fe Alloy,other,4,68.521,18.83,6.5,1.02,0.0,0.216,0.0,0.023,0.45,4.44,0.0,0.0,0.0,0.0,0.0,0.0,0.0,0.0,0.0,0.0,0.0,0.0,0.0,0.0,30.0,1.0,7.0,317.0
225,226,Fe Alloy,other,1,70.027,18.8,6.1,1.01,0.0,0.228,0.0,0.005,0.42,3.41,0.0,0.0,0.0,0.0,0.0,0.0,0.0,0.0,0.0,0.0,0.0,0.0,0.0,0.0,30.0,1.0,7.0,267.0
226,227,Fe Alloy,other,3,69.478,18.8,6.0,2.09,0.0,0.189,0.0,0.003,0.5,2.94,0.0,0.0,0.0,0.0,0.0,0.0,0.0,0.0,0.0,0.0,0.0,0.0,0.0,0.0,30.0,1.0,7.0,325.0
227,228,Fe Alloy,other,5,67.402,18.8,6.47,1.02,0.0,0.318,0.0,0.03,0.57,5.39,0.0,0.0,0.0,0.0,0.0,0.0,0.0,0.0,0.0,0.0,0.0,0.0,0.0,0.0,30.0,1.0,7.0,405.0
228,229,Fe Alloy,other,4,67.69200000000001,18.8,6.18,2.13,0.0,0.268,0.0,0.03,0.62,4.28,0.0,0.0,0.0,0.0,0.0,0.0,0.0,0.0,0.0,0.0,0.0,0.0,0.0,0.0,30.0,1.0,7.0,404.0
229,230,Fe Alloy,other,4,59.287,18.8,15.83,2.01,0.0,0.043,0.0,0.03,0.5,3.5,0.0,0.0,0.0,0.0,0.0,0.0,0.0,0.0,0.0,0.0,0.0,0.0,0.0,0.0,30.0,1.0,7.0,105.0
230,231,Fe Alloy,other,1,58.551,18.8,14.53,4.02,0.0,0.039,0.0,0.03,0.33,3.7,0.0,0.0,0.0,0.0,0.0,0.0,0.0,0.0,0.0,0.0,0.0,0.0,0.0,0.0,30.0,1.0,7.0,112.0
231,232,Fe Alloy,other,3,48.26,18.8,26.42,2.51,0.0,0.06,0.0,0.03,0.77,3.15,0.0,0.0,0.0,0.0,0.0,0.0,0.0,0.0,0.0,0.0,0.0,0.0,0.0,0.0,30.0,1.0,7.0,198.0
232,233,Fe Alloy,other,1,57.919999999999995,17.8,6.0,2.1,0.0,0.268,0.0,0.012,0.3,15.6,0.0,0.0,0.0,0.0,0.0,0.0,0.0,0.0,0.0,0.0,0.0,0.0,0.0,0.0,30.0,1.0,7.0,163.0
233,234,Fe Alloy,other,4,58.8,18.58,15.78,3.84,0.0,0.31,0.0,0.01,0.3,2.38,0.0,0.0,0.0,0.0,0.0,0.0,0.0,0.0,0.0,0.0,0.0,0.0,0.0,0.0,30.0,1.0,7.0,398.0
234,235,Fe Alloy,other,3,52.36800000000001,18.07,14.9,2.16,0.0,0.235,0.0,0.017,0.23,12.02,0.0,0.0,0.0,0.0,0.0,0.0,0.0,0.0,0.0,0.0,0.0,0.0,0.0,0.0,30.0,1.0,7.0,16.0
236,237,Fe Alloy,other,2,54.63199999999999,18.41,15.08,3.72,0.0,0.371,0.0,0.027,0.24,7.52,0.0,0.0,0.0,0.0,0.0,0.0,0.0,0.0,0.0,0.0,0.0,0.0,0.0,0.0,30.0,1.0,7.0,605.0
237,238,Fe Alloy,other,1,45.676,18.75,24.68,5.72,0.0,0.061,0.0,0.013,0.44,4.66,0.0,0.0,0.0,0.0,0.0,0.0,0.0,0.0,0.0,0.0,0.0,0.0,0.0,0.0,30.0,1.0,7.0,456.0
238,239,Fe Alloy,other,2,47.465999999999994,18.71,14.67,1.85,0.0,0.304,0.0,0.02,0.33,16.65,0.0,0.0,0.0,0.0,0.0,0.0,0.0,0.0,0.0,0.0,0.0,0.0,0.0,0.0,30.0,1.0,7.0,2.0
239,240,Fe Alloy,other,5,47.274,18.02,15.92,3.56,0.0,0.306,0.0,0.02,0.44,14.46,0.0,0.0,0.0,0.0,0.0,0.0,0.0,0.0,0.0,0.0,0.0,0.0,0.0,0.0,30.0,1.0,7.0,-32.0
240,241,Fe Alloy,other,5,42.91999999999999,18.19,24.46,2.18,0.0,0.25,0.0,0.02,0.32,11.66,0.0,0.0,0.0,0.0,0.0,0.0,0.0,0.0,0.0,0.0,0.0,0.0,0.0,0.0,30.0,1.0,7.0,52.0
241,242,Fe Alloy,other,3,30.550999999999988,18.8,25.21,2.3,0.0,0.349,0.0,0.02,0.31,22.46,0.0,0.0,0.0,0.0,0.0,0.0,0.0,0.0,0.0,0.0,0.0,0.0,0.0,0.0,30.0,1.0,7.0,74.0
242,243,Fe Alloy,other,1,26.65100000000001,19.23,26.13,6.75,0.0,0.339,0.0,0.02,0.48,20.4,0.0,0.0,0.0,0.0,0.0,0.0,0.0,0.0,0.0,0.0,0.0,0.0,0.0,0.0,30.0,1.0,7.0,165.0
243,244,Fe Alloy,other,3,25.584000000000003,18.32,26.65,6.42,0.0,0.396,0.0,0.02,0.62,21.99,0.0,0.0,0.0,0.0,0.0,0.0,0.0,0.0,0.0,0.0,0.0,0.0,0.0,0.0,30.0,1.0,7.0,-8.0
244,245,Fe Alloy,other,2,62.87200000000001,18.36,5.9,1.39,0.0,0.338,0.0,0.02,0.49,9.94,0.0,0.0,0.0,0.0,0.69,0.0,0.0,0.0,0.0,0.0,0.0,0.0,0.0,0.0,30.0,1.5,7.0,268.0
245,246,Fe Alloy,other,1,57.919999999999995,17.8,6.0,2.1,0.0,0.268,0.0,0.012,0.3,15.6,0.0,0.0,0.0,0.0,0.0,0.0,0.0,0.0,0.0,0.0,0.0,0.0,0.0,0.0,50.0,1.5,0.69,-185.0
246,247,Fe Alloy,other,4,58.8,18.58,15.78,3.84,0.0,0.31,0.0,0.01,0.3,2.38,0.0,0.0,0.0,0.0,0.0,0.0,0.0,0.0,0.0,0.0,0.0,0.0,0.0,0.0,50.0,1.5,0.69,-155.0
248,249,Fe Alloy,other,2,54.63199999999999,18.41,15.08,3.72,0.0,0.371,0.0,0.027,0.24,7.52,0.0,0.0,0.0,0.0,0.0,0.0,0.0,0.0,0.0,0.0,0.0,0.0,0.0,0.0,50.0,1.5,0.69,-88.0
249,250,Fe Alloy,other,1,45.676,18.75,24.68,5.72,0.0,0.061,0.0,0.013,0.44,4.66,0.0,0.0,0.0,0.0,0.0,0.0,0.0,0.0,0.0,0.0,0.0,0.0,0.0,0.0,50.0,1.5,0.69,149.0
250,251,Fe Alloy,other,5,37.32499999999999,17.93,25.92,5.0,0.0,0.255,0.0,0.02,0.42,13.13,0.0,0.0,0.0,0.0,0.0,0.0,0.0,0.0,0.0,0.0,0.0,0.0,0.0,0.0,50.0,1.5,0.69,145.0
252,253,Fe Alloy,potentiodynamic,2,58.38899999999998,17.38,20.15,0.02,0.0,0.036,0.0,0.03,0.13,3.84,0.0,0.014,0.011,0.0,0.0,0.0,0.0,0.0,0.0,0.0,0.0,0.0,0.0,0.0,,0.6,8.3,-65.0
253,254,Fe Alloy,potentiodynamic,2,57.04800000000001,17.68,20.43,0.08,0.0,0.3,0.0,0.025,0.19,4.22,0.0,0.017,0.01,0.0,0.0,0.0,0.0,0.0,0.0,0.0,0.0,0.0,0.0,0.0,,0.6,8.3,-25.0
254,255,Fe Alloy,potentiodynamic,5,56.45800000000001,17.95,19.9,1.03,0.0,0.031,0.0,0.035,0.19,4.38,0.0,0.016,0.01,0.0,0.0,0.0,0.0,0.0,0.0,0.0,0.0,0.0,0.0,0.0,,0.6,8.3,-40.0
255,256,Fe Alloy,potentiodynamic,2,58.152,16.42,19.9,1.03,0.0,0.155,0.0,0.007,0.22,4.08,0.0,0.02,0.016,0.0,0.0,0.0,0.0,0.0,0.0,0.0,0.0,0.0,0.0,0.0,,0.6,8.3,-15.0
256,257,Fe Alloy,potentiodynamic,5,57.40999999999999,16.86,19.98,1.03,0.0,0.27,0.0,0.024,0.33,4.06,0.0,0.02,0.016,0.0,0.0,0.0,0.0,0.0,0.0,0.0,0.0,0.0,0.0,0.0,,0.6,8.3,65.0
257,258,Fe Alloy,potentiodynamic,5,56.964999999999996,16.66,20.54,1.01,0.0,0.29,0.0,0.025,0.17,4.31,0.0,0.018,0.012,0.0,0.0,0.0,0.0,0.0,0.0,0.0,0.0,0.0,0.0,0.0,,0.6,8.3,50.0
258,259,Fe Alloy,potentiodynamic,1,57.002,16.34,19.16,2.98,0.0,0.034,0.0,0.021,0.18,4.25,0.0,0.019,0.014,0.0,0.0,0.0,0.0,0.0,0.0,0.0,0.0,0.0,0.0,0.0,,0.6,8.3,20.0
259,260,Fe Alloy,potentiodynamic,3,56.336999999999996,16.7,19.65,2.92,0.0,0.149,0.0,0.008,0.14,4.06,0.0,0.017,0.019,0.0,0.0,0.0,0.0,0.0,0.0,0.0,0.0,0.0,0.0,0.0,,0.6,8.3,85.0
260,261,Fe Alloy,potentiodynamic,1,55.528999999999996,16.8,20.05,2.94,0.0,0.291,0.0,0.012,0.27,4.07,0.0,0.02,0.018,0.0,0.0,0.0,0.0,0.0,0.0,0.0,0.0,0.0,0.0,0.0,,0.6,8.3,80.0
261,262,Fe Alloy,potentiodynamic,1,55.28600000000001,16.58,20.29,2.72,0.0,0.31,0.0,0.025,0.23,4.53,0.0,0.019,0.01,0.0,0.0,0.0,0.0,0.0,0.0,0.0,0.0,0.0,0.0,0.0,,0.6,8.3,95.0
262,263,Fe Alloy,potentiodynamic,3,52.998000000000005,22.58,19.88,0.05,0.0,0.054,0.0,0.012,0.13,4.28,0.0,0.007,0.009,0.0,0.0,0.0,0.0,0.0,0.0,0.0,0.0,0.0,0.0,0.0,,0.6,8.3,-30.0
267,268,Fe Alloy,potentiodynamic,4,50.373999999999995,22.41,19.96,2.64,0.0,0.067,0.0,0.025,0.21,4.29,0.0,0.013,0.011,0.0,0.0,0.0,0.0,0.0,0.0,0.0,0.0,0.0,0.0,0.0,,0.6,8.3,125.0
268,269,Fe Alloy,potentiodynamic,4,50.113,22.84,20.05,2.85,0.0,0.159,0.0,0.012,0.14,3.8,0.0,0.017,0.019,0.0,0.0,0.0,0.0,0.0,0.0,0.0,0.0,0.0,0.0,0.0,,0.6,8.3,170.0
269,270,Fe Alloy,potentiodynamic,2,49.662,22.35,20.39,2.73,0.0,0.31,0.0,0.022,0.16,4.35,0.0,0.015,0.011,0.0,0.0,0.0,0.0,0.0,0.0,0.0,0.0,0.0,0.0,0.0,,0.6,8.3,920.0
270,271,Fe Alloy,potentiodynamic,4,50.079,22.52,19.95,2.96,0.0,0.455,0.0,0.02,0.23,3.75,0.0,0.019,0.017,0.0,0.0,0.0,0.0,0.0,0.0,0.0,0.0,0.0,0.0,0.0,,0.6,8.3,940.0
271,272,Fe Alloy,potentiodynamic,4,65.6265,18.1,5.7,0.0,0.0,0.17,0.0,0.0185,0.44,9.9,0.0,0.027,0.018,0.0,0.0,0.0,0.0,0.0,0.0,0.0,0.0,0.0,0.0,0.0,25.0,0.1,1.0,245.4784383
272,273,Fe Alloy,potentiodynamic,1,66.67699999999999,17.7,5.6,0.0,0.0,0.12,0.0,0.025,0.23,9.6,0.0,0.03,0.018,0.0,0.0,0.0,0.0,0.0,0.0,0.0,0.0,0.0,0.0,0.0,25.0,0.1,1.0,260.305643839282
273,274,Fe Alloy,potentiodynamic,1,66.337,17.4,5.5,0.0,0.0,0.07,0.0,0.024,0.22,10.4,0.0,0.027,0.022,0.0,0.0,0.0,0.0,0.0,0.0,0.0,0.0,0.0,0.0,0.0,25.0,0.1,1.0,108.473988826067
274,275,Fe Alloy,potentiodynamic,1,66.16999999999999,17.8,5.2,0.0,0.0,0.25,0.0,0.02,0.31,10.2,0.0,0.026,0.024,0.0,0.0,0.0,0.0,0.0,0.0,0.0,0.0,0.0,0.0,0.0,25.0,0.1,1.0,342.952594426415
276,277,Fe Alloy,potentiodynamic,4,65.6265,18.1,5.7,0.0,0.0,0.17,0.0,0.0185,0.44,9.9,0.0,0.027,0.018,0.0,0.0,0.0,0.0,0.0,0.0,0.0,0.0,0.0,0.0,0.0,25.0,0.05,1.0,454.477802683081
277,278,Fe Alloy,potentiodynamic,1,66.67699999999999,17.7,5.6,0.0,0.0,0.12,0.0,0.025,0.23,9.6,0.0,0.03,0.018,0.0,0.0,0.0,0.0,0.0,0.0,0.0,0.0,0.0,0.0,0.0,25.0,0.05,1.0,410.53146432036306
278,279,Fe Alloy,potentiodynamic,1,66.337,17.4,5.5,0.0,0.0,0.07,0.0,0.024,0.22,10.4,0.0,0.027,0.022,0.0,0.0,0.0,0.0,0.0,0.0,0.0,0.0,0.0,0.0,0.0,25.0,0.05,1.0,336.98424274865295
279,280,Fe Alloy,potentiodynamic,1,66.16999999999999,17.8,5.2,0.0,0.0,0.25,0.0,0.02,0.31,10.2,0.0,0.026,0.024,0.0,0.0,0.0,0.0,0.0,0.0,0.0,0.0,0.0,0.0,0.0,25.0,0.05,1.0,698.859054564918
282,283,Fe Alloy,potentiodynamic,2,71.037,17.4,5.47,0.0,0.0,0.061,0.0,0.019,0.27,5.7,0.0,0.029,0.014,0.0,0.0,0.0,0.0,0.0,0.0,0.0,0.0,0.0,0.0,0.0,25.0,0.1,1.0,-144.3484320557493
283,284,Fe Alloy,potentiodynamic,1,66.603,17.6,5.52,0.0,0.0,0.049,0.0,0.013,0.57,9.6,0.0,0.031,0.014,0.0,0.0,0.0,0.0,0.0,0.0,0.0,0.0,0.0,0.0,0.0,25.0,0.1,1.0,-175.7073170731708
284,285,Fe Alloy,potentiodynamic,1,66.24699999999999,17.5,5.69,0.0,0.0,0.019,0.0,0.0,0.5,10.0,0.0,0.027,0.017,0.0,0.0,0.0,0.0,0.0,0.0,0.0,0.0,0.0,0.0,0.0,25.0,0.1,1.0,-144.3484320557493
288,289,Fe Alloy,potentiodynamic,2,71.037,17.4,5.47,0.0,0.0,0.061,0.0,0.019,0.27,5.7,0.0,0.029,0.014,0.0,0.0,0.0,0.0,0.0,0.0,0.0,0.0,0.0,0.0,0.0,25.0,0.05,1.0,700.250871080139
289,290,Fe Alloy,potentiodynamic,1,66.603,17.6,5.52,0.0,0.0,0.049,0.0,0.013,0.57,9.6,0.0,0.031,0.014,0.0,0.0,0.0,0.0,0.0,0.0,0.0,0.0,0.0,0.0,0.0,25.0,0.05,1.0,252.864111498257
290,291,Fe Alloy,potentiodynamic,1,66.24699999999999,17.5,5.69,0.0,0.0,0.019,0.0,0.0,0.5,10.0,0.0,0.027,0.017,0.0,0.0,0.0,0.0,0.0,0.0,0.0,0.0,0.0,0.0,0.0,25.0,0.05,1.0,252.864111498257
293,294,Fe Alloy,potentiodynamic,2,69.843,17.0,13.0,0.0,0.0,0.157,0.0,0.0,0.0,0.0,0.0,0.0,0.0,0.0,0.0,0.0,0.0,0.0,0.0,0.0,0.0,0.0,0.0,0.0,,0.0,0.0,860.69
295,296,Fe Alloy,potentiodynamic,1,66.811,16.64,14.23,2.25,0.0,0.002,0.0,0.0,0.01,0.01,0.0,0.001,0.001,0.045,0.0,0.0,0.0,0.0,0.0,0.0,0.0,0.0,0.0,0.0,25.0,1.0,7.0,477.72686359545
296,297,Fe Alloy,potentiodynamic,1,66.757,16.56,14.26,2.27,0.0,0.058,0.0,0.0,0.01,0.01,0.0,0.001,0.001,0.073,0.0,0.0,0.0,0.0,0.0,0.0,0.0,0.0,0.0,0.0,25.0,1.0,7.0,673.938302921201
297,298,Fe Alloy,potentiodynamic,1,67.06800000000001,16.4,14.1,2.23,0.0,0.116,0.0,0.0,0.01,0.01,0.0,0.001,0.001,0.064,0.0,0.0,0.0,0.0,0.0,0.0,0.0,0.0,0.0,0.0,25.0,1.0,7.0,936.281809999181
298,299,Fe Alloy,potentiodynamic,1,66.989,16.36,14.08,2.29,0.0,0.171,0.0,0.0,0.02,0.01,0.0,0.001,0.001,0.078,0.0,0.0,0.0,0.0,0.0,0.0,0.0,0.0,0.0,0.0,25.0,1.0,7.0,1168.83233777923
299,300,Fe Alloy,potentiodynamic,4,46.203,16.91,14.29,2.18,0.0,0.394,0.0,0.0,0.01,20.0,0.0,0.001,0.002,0.01,0.0,0.0,0.0,0.0,0.0,0.0,0.0,0.0,0.0,0.0,25.0,1.0,7.0,440.0
300,301,Fe Alloy,potentiodynamic,1,66.811,16.64,14.23,2.25,0.0,0.002,0.0,0.0,0.01,0.01,0.0,0.001,0.001,0.045,0.0,0.0,0.0,0.0,0.0,0.0,0.0,0.0,0.0,0.0,25.0,0.5,0.3,203.354880942639
301,302,Fe Alloy,potentiodynamic,1,66.757,16.56,14.26,2.27,0.0,0.058,0.0,0.0,0.01,0.01,0.0,0.001,0.001,0.073,0.0,0.0,0.0,0.0,0.0,0.0,0.0,0.0,0.0,0.0,25.0,0.5,0.3,254.095409540954
302,303,Fe Alloy,potentiodynamic,1,67.06800000000001,16.4,14.1,2.23,0.0,0.116,0.0,0.0,0.01,0.01,0.0,0.001,0.001,0.064,0.0,0.0,0.0,0.0,0.0,0.0,0.0,0.0,0.0,0.0,25.0,0.5,0.3,304.876851321495
303,304,Fe Alloy,potentiodynamic,1,66.989,16.36,14.08,2.29,0.0,0.171,0.0,0.0,0.02,0.01,0.0,0.001,0.001,0.078,0.0,0.0,0.0,0.0,0.0,0.0,0.0,0.0,0.0,0.0,25.0,0.5,0.3,345.683659275018
304,305,Fe Alloy,potentiodynamic,1,53.81199999999999,19.86,19.98,5.99,0.03,0.011,0.0,0.006,0.08,0.2,0.0,0.01,0.021,0.0,0.0,0.0,0.0,0.0,0.0,0.0,0.0,0.0,0.0,0.0,22.0,0.5,1.0,841.509
305,306,Fe Alloy,potentiodynamic,1,53.85399999999999,19.74,19.96,5.96,0.03,0.19,0.0,0.005,0.09,0.14,0.0,0.009,0.022,0.0,0.0,0.0,0.0,0.0,0.0,0.0,0.0,0.0,0.0,0.0,22.0,0.5,1.0,841.509
309,310,Fe Alloy,other,3,82.93,17.0,0.0,0.0,0.0,0.0,0.0,0.07,0.0,0.0,0.0,0.0,0.0,0.0,0.0,0.0,0.0,0.0,0.0,0.0,0.0,0.0,0.0,0.0,30.0,1e-06,0.0,600.0
310,311,Fe Alloy,other,2,68.93,18.0,10.0,3.0,0.0,0.0,0.0,0.07,0.0,0.0,0.0,0.0,0.0,0.0,0.0,0.0,0.0,0.0,0.0,0.0,0.0,0.0,0.0,0.0,30.0,1e-06,0.0,815.0
313,314,Fe Alloy,other,2,68.93,18.0,10.0,3.0,0.0,0.0,0.0,0.07,0.0,0.0,0.0,0.0,0.0,0.0,0.0,0.0,0.0,0.0,0.0,0.0,0.0,0.0,0.0,0.0,30.0,1e-06,0.0,870.0
314,315,Fe Alloy,other,2,68.965,18.0,10.0,3.0,0.0,0.0,0.0,0.035,0.0,0.0,0.0,0.0,0.0,0.0,0.0,0.0,0.0,0.0,0.0,0.0,0.0,0.0,0.0,0.0,30.0,1e-06,0.0,880.0
315,316,Fe Alloy,other,4,67.93,18.0,10.0,3.0,0.0,0.0,1.0,0.07,0.0,0.0,0.0,0.0,0.0,0.0,0.0,0.0,0.0,0.0,0.0,0.0,0.0,0.0,0.0,0.0,30.0,1e-06,0.0,810.0
317,318,Fe Alloy,other,2,69.0,18.0,10.0,3.0,0.0,0.0,0.0,0.0,0.0,0.0,0.0,0.0,0.0,0.0,0.0,0.0,0.0,0.0,0.0,0.0,0.0,0.0,0.0,0.0,30.0,0.53,,200.0
318,319,Fe Alloy,other,3,64.0,25.0,5.5,2.5,0.0,0.0,0.0,0.0,0.0,0.0,3.0,0.0,0.0,0.0,0.0,0.0,0.0,0.0,0.0,0.0,0.0,0.0,0.0,0.0,30.0,0.53,,850.0
319,320,Fe Alloy,other,3,64.0,25.0,5.5,2.5,0.0,0.0,0.0,0.0,0.0,0.0,3.0,0.0,0.0,0.0,0.0,0.0,0.0,0.0,0.0,0.0,0.0,0.0,0.0,0.0,30.0,1e-06,-1.0,940.0
320,321,Fe Alloy,other,3,64.0,25.0,5.5,2.5,0.0,0.0,0.0,0.0,0.0,0.0,3.0,0.0,0.0,0.0,0.0,0.0,0.0,0.0,0.0,0.0,0.0,0.0,0.0,0.0,30.0,0.53,,920.0
321,322,Fe Alloy,other,3,64.0,25.0,5.5,2.5,0.0,0.0,0.0,0.0,0.0,0.0,3.0,0.0,0.0,0.0,0.0,0.0,0.0,0.0,0.0,0.0,0.0,0.0,0.0,0.0,30.0,0.53,,80.0
322,323,Fe Alloy,other,3,64.0,25.0,5.5,2.5,0.0,0.0,0.0,0.0,0.0,0.0,3.0,0.0,0.0,0.0,0.0,0.0,0.0,0.0,0.0,0.0,0.0,0.0,0.0,0.0,30.0,0.53,,40.0
323,324,Fe Alloy,other,4,63.17,25.5,5.5,3.0,0.0,0.1,0.0,0.08,0.0,0.0,2.65,0.0,0.0,0.0,0.0,0.0,0.0,0.0,0.0,0.0,0.0,0.0,0.0,0.0,30.0,0.53,,906.0
324,325,Fe Alloy,other,4,63.17,25.5,5.5,3.0,0.0,0.1,0.0,0.08,0.0,0.0,2.65,0.0,0.0,0.0,0.0,0.0,0.0,0.0,0.0,0.0,0.0,0.0,0.0,0.0,40.0,0.53,,406.0
325,326,Fe Alloy,other,5,61.07,27.5,7.5,2.5,0.0,0.1,0.0,0.08,0.0,0.0,1.25,0.0,0.0,0.0,0.0,0.0,0.0,0.0,0.0,0.0,0.0,0.0,0.0,0.0,40.0,0.53,,906.0
326,327,Fe Alloy,other,5,61.07,27.5,7.5,2.5,0.0,0.1,0.0,0.08,0.0,0.0,1.25,0.0,0.0,0.0,0.0,0.0,0.0,0.0,0.0,0.0,0.0,0.0,0.0,0.0,50.0,0.53,,806.0
327,328,Fe Alloy,other,5,61.07,27.5,7.5,2.5,0.0,0.1,0.0,0.08,0.0,0.0,1.25,0.0,0.0,0.0,0.0,0.0,0.0,0.0,0.0,0.0,0.0,0.0,0.0,0.0,60.0,0.53,,266.0
331,332,Other,potentiostatic,2,25.061000000000007,15.0,59.939,0.0,0.0,0.0,0.0,0.0,0.0,0.0,0.0,0.0,0.0,0.0,0.0,0.0,0.0,0.0,0.0,0.0,0.0,0.0,0.0,0.0,25.0,0.1,7.0,137.0
332,333,Fe Alloy,potentiostatic,4,72.0,15.0,13.0,0.0,0.0,0.0,0.0,0.0,0.0,0.0,0.0,0.0,0.0,0.0,0.0,0.0,0.0,0.0,0.0,0.0,0.0,0.0,0.0,0.0,25.0,0.1,7.0,33.0
333,334,Fe Alloy,potentiostatic,4,71.564,15.0,13.0,0.436,0.0,0.0,0.0,0.0,0.0,0.0,0.0,0.0,0.0,0.0,0.0,0.0,0.0,0.0,0.0,0.0,0.0,0.0,0.0,0.0,25.0,0.1,7.0,58.0
334,335,Fe Alloy,potentiostatic,4,71.04599999999999,15.0,13.0,0.954,0.0,0.0,0.0,0.0,0.0,0.0,0.0,0.0,0.0,0.0,0.0,0.0,0.0,0.0,0.0,0.0,0.0,0.0,0.0,0.0,25.0,0.1,7.0,98.0
335,336,Fe Alloy,potentiostatic,4,70.55199999999999,15.0,13.0,1.448,0.0,0.0,0.0,0.0,0.0,0.0,0.0,0.0,0.0,0.0,0.0,0.0,0.0,0.0,0.0,0.0,0.0,0.0,0.0,0.0,25.0,0.1,7.0,162.0
336,337,Fe Alloy,potentiostatic,4,70.096,15.0,13.0,1.904,0.0,0.0,0.0,0.0,0.0,0.0,0.0,0.0,0.0,0.0,0.0,0.0,0.0,0.0,0.0,0.0,0.0,0.0,0.0,0.0,25.0,0.1,7.0,290.0
337,338,Fe Alloy,potentiostatic,4,69.582,15.0,13.0,2.418,0.0,0.0,0.0,0.0,0.0,0.0,0.0,0.0,0.0,0.0,0.0,0.0,0.0,0.0,0.0,0.0,0.0,0.0,0.0,0.0,25.0,0.1,7.0,481.0
338,339,Fe Alloy,potentiostatic,4,71.994,15.0,13.0,0.006,0.0,0.0,0.0,0.0,0.0,0.0,0.0,0.0,0.0,0.0,0.0,0.0,0.0,0.0,0.0,0.0,0.0,0.0,0.0,0.0,0.0,0.1,7.0,558.0
339,340,Fe Alloy,potentiostatic,4,71.557,15.0,13.0,0.443,0.0,0.0,0.0,0.0,0.0,0.0,0.0,0.0,0.0,0.0,0.0,0.0,0.0,0.0,0.0,0.0,0.0,0.0,0.0,0.0,0.0,0.1,7.0,253.0
340,341,Fe Alloy,potentiostatic,4,71.045,15.0,13.0,0.955,0.0,0.0,0.0,0.0,0.0,0.0,0.0,0.0,0.0,0.0,0.0,0.0,0.0,0.0,0.0,0.0,0.0,0.0,0.0,0.0,0.0,0.1,7.0,176.0
341,342,Fe Alloy,potentiostatic,4,70.55199999999999,15.0,13.0,1.448,0.0,0.0,0.0,0.0,0.0,0.0,0.0,0.0,0.0,0.0,0.0,0.0,0.0,0.0,0.0,0.0,0.0,0.0,0.0,0.0,0.0,0.1,7.0,139.0
342,343,Fe Alloy,potentiostatic,4,70.089,15.0,13.0,1.911,0.0,0.0,0.0,0.0,0.0,0.0,0.0,0.0,0.0,0.0,0.0,0.0,0.0,0.0,0.0,0.0,0.0,0.0,0.0,0.0,0.0,0.1,7.0,78.0
343,344,Fe Alloy,potentiostatic,4,71.994,15.0,13.0,0.006,0.0,0.0,0.0,0.0,0.0,0.0,0.0,0.0,0.0,0.0,0.0,0.0,0.0,0.0,0.0,0.0,0.0,0.0,0.0,0.0,0.0,0.0,7.0,179.0
344,345,Fe Alloy,potentiostatic,4,71.557,15.0,13.0,0.443,0.0,0.0,0.0,0.0,0.0,0.0,0.0,0.0,0.0,0.0,0.0,0.0,0.0,0.0,0.0,0.0,0.0,0.0,0.0,0.0,0.0,0.0,7.0,68.0
345,346,Fe Alloy,potentiostatic,4,71.98400000000001,15.0,13.0,0.016,0.0,0.0,0.0,0.0,0.0,0.0,0.0,0.0,0.0,0.0,0.0,0.0,0.0,0.0,0.0,0.0,0.0,0.0,0.0,0.0,25.0,0.0,7.0,295.0
346,347,Fe Alloy,potentiostatic,4,71.551,15.0,13.0,0.449,0.0,0.0,0.0,0.0,0.0,0.0,0.0,0.0,0.0,0.0,0.0,0.0,0.0,0.0,0.0,0.0,0.0,0.0,0.0,0.0,25.0,0.0,7.0,281.0
347,348,Fe Alloy,potentiostatic,4,70.554,15.0,13.0,1.446,0.0,0.0,0.0,0.0,0.0,0.0,0.0,0.0,0.0,0.0,0.0,0.0,0.0,0.0,0.0,0.0,0.0,0.0,0.0,0.0,25.0,0.0,7.0,265.0
348,349,Fe Alloy,potentiostatic,4,69.605,15.0,13.0,2.395,0.0,0.0,0.0,0.0,0.0,0.0,0.0,0.0,0.0,0.0,0.0,0.0,0.0,0.0,0.0,0.0,0.0,0.0,0.0,0.0,25.0,0.0,7.0,226.0
349,350,Fe Alloy,potentiodynamic,3,81.898,16.3,0.33,0.0,0.0,0.0,0.0,0.046,0.6,0.7,0.1,0.018,0.008,0.0,0.0,0.0,0.0,0.0,0.0,0.0,0.0,0.0,0.0,0.0,29.6,0.1,1.0,180.0
350,351,Fe Alloy,potentiodynamic,3,81.028,16.52,0.3,0.99,0.0,0.0,0.0,0.069,0.54,0.42,0.11,0.016,0.007,0.0,0.0,0.0,0.0,0.0,0.0,0.0,0.0,0.0,0.0,0.0,29.6,0.1,1.0,190.0
351,352,Fe Alloy,potentiodynamic,3,82.8115,17.08,0.0,0.03,0.0,0.0065,0.0,0.003,0.06,0.0,0.0,0.009,0.0,0.0,0.0,0.0,0.0,0.0,0.0,0.0,0.0,0.0,0.0,0.0,29.6,0.1,1.0,260.0
352,353,Fe Alloy,potentiodynamic,5,81.96535,16.93,0.0,1.04,0.0,0.00565,0.0,0.002,0.05,0.0,0.0,0.007,0.0,0.0,0.0,0.0,0.0,0.0,0.0,0.0,0.0,0.0,0.0,0.0,29.6,0.1,1.0,320.0
353,354,Fe Alloy,potentiodynamic,4,80.2552,16.68,0.0,2.99,0.0,0.0048,0.0,0.003,0.06,0.0,0.0,0.007,0.0,0.0,0.0,0.0,0.0,0.0,0.0,0.0,0.0,0.0,0.0,0.0,29.6,0.1,1.0,800.0
354,355,Fe Alloy,potentiodynamic,3,79.38,18.53,0.11,1.95,0.0,0.0,0.0,0.03,0.0,0.0,0.0,0.0,0.0,0.0,0.0,0.0,0.0,0.0,0.0,0.0,0.0,0.0,0.0,0.0,24.0,0.1,1.0,310.0
355,356,Fe Alloy,potentiodynamic,4,78.87,18.53,0.62,1.95,0.0,0.0,0.0,0.03,0.0,0.0,0.0,0.0,0.0,0.0,0.0,0.0,0.0,0.0,0.0,0.0,0.0,0.0,0.0,0.0,24.0,0.1,1.0,350.0
356,357,Fe Alloy,potentiodynamic,4,78.409,18.53,1.08,1.95,0.0,0.0,0.0,0.031,0.0,0.0,0.0,0.0,0.0,0.0,0.0,0.0,0.0,0.0,0.0,0.0,0.0,0.0,0.0,0.0,24.0,0.1,1.0,340.0
357,358,Fe Alloy,potentiodynamic,5,78.791,18.45,0.11,1.97,0.0,0.045,0.0,0.034,0.13,0.0,0.0,0.0,0.0,0.0,0.0,0.0,0.0,0.0,0.47,0.0,0.0,0.0,0.0,0.0,24.0,0.1,1.0,800.0
358,359,Fe Alloy,potentiodynamic,4,77.592,18.5,0.0,1.97,0.0,0.023,0.0,0.035,0.0,0.0,0.0,0.0,0.0,0.0,0.0,0.0,0.0,0.0,1.88,0.0,0.0,0.0,0.0,0.0,24.0,0.1,1.0,630.0
359,360,Fe Alloy,potentiodynamic,4,77.818,18.7,0.57,1.97,0.0,0.0,0.0,0.032,0.0,0.0,0.0,0.0,0.0,0.0,0.0,0.0,0.0,0.0,0.91,0.0,0.0,0.0,0.0,0.0,24.0,0.1,1.0,800.0
360,361,Fe Alloy,potentiodynamic,1,75.47,18.7,2.08,1.97,0.0,0.0,0.0,0.03,0.0,0.0,0.0,0.0,0.0,0.0,0.0,0.0,0.0,0.0,1.75,0.0,0.0,0.0,0.0,0.0,24.0,0.1,1.0,620.0
361,362,Fe Alloy,potentiodynamic,2,67.454,17.93,14.38,0.0,0.0,0.0,0.0,0.036,0.0,0.0,0.0,0.0,0.0,0.0,0.0,0.0,0.0,0.2,0.0,0.0,0.0,0.0,0.0,0.0,25.0,0.1,7.0,400.0
362,363,Fe Alloy,potentiodynamic,2,67.151,17.93,14.38,0.0,0.0,0.0,0.0,0.036,0.0,0.0,0.0,0.0,0.0,0.0,0.0,0.0,0.0,0.503,0.0,0.0,0.0,0.0,0.0,0.0,25.0,0.1,7.0,279.0
363,364,Fe Alloy,potentiodynamic,2,66.654,17.93,14.38,0.0,0.0,0.0,0.0,0.036,0.0,0.0,0.0,0.0,0.0,0.0,0.0,0.0,0.0,1.0,0.0,0.0,0.0,0.0,0.0,0.0,25.0,0.1,7.0,395.0
364,365,Fe Alloy,potentiodynamic,1,66.66399999999999,17.93,14.38,0.0,0.0,0.0,0.0,0.036,0.0,0.0,0.0,0.0,0.0,0.0,0.0,0.0,0.99,0.0,0.0,0.0,0.0,0.0,0.0,0.0,25.0,0.1,7.0,535.0
366,367,Fe Alloy,potentiodynamic,2,67.464,17.93,14.38,0.0,0.0,0.0,0.0,0.036,0.0,0.0,0.0,0.0,0.0,0.0,0.0,0.0,0.0,0.0,0.19,0.0,0.0,0.0,0.0,0.0,25.0,0.1,7.0,418.0
367,368,Fe Alloy,potentiodynamic,2,67.344,17.93,14.38,0.0,0.0,0.0,0.0,0.036,0.0,0.0,0.0,0.0,0.0,0.0,0.0,0.0,0.0,0.0,0.31,0.0,0.0,0.0,0.0,0.0,25.0,0.1,7.0,446.0
368,369,Fe Alloy,potentiodynamic,5,66.654,17.93,14.38,0.0,0.0,0.0,0.0,0.036,0.0,0.0,0.0,0.0,0.0,0.0,1.0,0.0,0.0,0.0,0.0,0.0,0.0,0.0,0.0,0.0,25.0,0.1,7.0,407.0
370,371,Fe Alloy,potentiodynamic,3,66.184,17.93,14.38,1.47,0.0,0.0,0.0,0.036,0.0,0.0,0.0,0.0,0.0,0.0,0.0,0.0,0.0,0.0,0.0,0.0,0.0,0.0,0.0,0.0,25.0,0.1,7.0,405.0
372,373,Fe Alloy,potentiodynamic,3,62.653999999999996,17.93,14.38,5.0,0.0,0.0,0.0,0.036,0.0,0.0,0.0,0.0,0.0,0.0,0.0,0.0,0.0,0.0,0.0,0.0,0.0,0.0,0.0,0.0,25.0,0.1,7.0,956.0
373,374,Fe Alloy,potentiodynamic,2,67.47399999999999,17.93,14.38,0.0,0.18,0.0,0.0,0.036,0.0,0.0,0.0,0.0,0.0,0.0,0.0,0.0,0.0,0.0,0.0,0.0,0.0,0.0,0.0,0.0,25.0,0.1,7.0,329.0
374,375,Fe Alloy,potentiodynamic,3,66.154,17.93,14.38,0.0,1.5,0.0,0.0,0.036,0.0,0.0,0.0,0.0,0.0,0.0,0.0,0.0,0.0,0.0,0.0,0.0,0.0,0.0,0.0,0.0,25.0,0.1,7.0,393.0
376,377,Fe Alloy,potentiodynamic,1,66.654,17.93,14.38,0.0,0.0,0.0,0.0,0.036,0.0,0.0,0.0,0.0,0.0,0.0,0.0,1.0,0.0,0.0,0.0,0.0,0.0,0.0,0.0,0.0,25.0,0.1,7.0,386.0
377,378,Fe Alloy,potentiodynamic,1,65.584,17.93,14.38,0.0,0.0,0.0,0.0,0.036,0.0,0.0,0.0,0.0,0.0,0.0,0.0,2.07,0.0,0.0,0.0,0.0,0.0,0.0,0.0,0.0,25.0,0.1,7.0,376.0
378,379,Fe Alloy,potentiodynamic,3,66.734,17.93,14.38,0.0,0.0,0.0,0.92,0.036,0.0,0.0,0.0,0.0,0.0,0.0,0.0,0.0,0.0,0.0,0.0,0.0,0.0,0.0,0.0,0.0,25.0,0.1,7.0,375.0
379,380,Fe Alloy,potentiodynamic,3,66.354,17.93,14.38,0.0,0.0,0.0,1.3,0.036,0.0,0.0,0.0,0.0,0.0,0.0,0.0,0.0,0.0,0.0,0.0,0.0,0.0,0.0,0.0,0.0,25.0,0.1,7.0,373.0
380,381,Fe Alloy,potentiodynamic,5,65.47399999999999,17.93,14.38,0.0,0.0,0.0,2.18,0.036,0.0,0.0,0.0,0.0,0.0,0.0,0.0,0.0,0.0,0.0,0.0,0.0,0.0,0.0,0.0,0.0,25.0,0.1,7.0,326.0
381,382,Fe Alloy,potentiodynamic,3,64.324,17.93,14.38,0.0,0.0,0.0,0.0,0.036,3.33,0.0,0.0,0.0,0.0,0.0,0.0,0.0,0.0,0.0,0.0,0.0,0.0,0.0,0.0,0.0,25.0,0.1,7.0,355.0
382,383,Fe Alloy,potentiodynamic,5,62.913999999999994,17.93,14.38,0.0,0.0,0.0,0.0,0.036,4.74,0.0,0.0,0.0,0.0,0.0,0.0,0.0,0.0,0.0,0.0,0.0,0.0,0.0,0.0,0.0,25.0,0.1,7.0,1256.0
383,384,Fe Alloy,potentiodynamic,2,67.654,17.93,14.38,0.0,0.0,0.0,0.0,0.036,0.0,0.0,0.0,0.0,0.0,0.0,0.0,0.0,0.0,0.0,0.0,0.0,0.0,0.0,0.0,0.0,25.0,0.1,7.0,415.0
384,385,Fe Alloy,potentiodynamic,3,62.653999999999996,17.93,14.38,5.0,0.0,0.0,0.0,0.036,0.0,0.0,0.0,0.0,0.0,0.0,0.0,0.0,0.0,0.0,0.0,0.0,0.0,0.0,0.0,0.0,25.0,0.1,7.0,566.0
386,387,Fe Alloy,potentiodynamic,5,62.653999999999996,17.93,14.38,0.0,0.0,0.0,0.0,0.036,5.0,0.0,0.0,0.0,0.0,0.0,0.0,0.0,0.0,0.0,0.0,0.0,0.0,0.0,0.0,0.0,25.0,0.1,7.0,415.0
387,388,Other,potentiodynamic,2,39.147,19.97,39.09,0.025,0.0,0.04,0.0,0.058,0.46,1.21,0.0,0.0,0.0,0.0,0.0,0.0,0.0,0.0,0.0,0.0,0.0,0.0,0.0,0.0,24.0,0.1,1.0,640.0
388,389,Fe Alloy,potentiodynamic,3,99.03,0.0,0.0,0.97,0.0,0.0,0.0,0.0,0.0,0.0,0.0,0.0,0.0,0.0,0.0,0.0,0.0,0.0,0.0,0.0,0.0,0.0,0.0,0.0,24.0,0.1,1.0,800.0
389,390,Fe Alloy,potentiodynamic,3,96.97,0.0,0.0,3.03,0.0,0.0,0.0,0.0,0.0,0.0,0.0,0.0,0.0,0.0,0.0,0.0,0.0,0.0,0.0,0.0,0.0,0.0,0.0,0.0,24.0,0.1,1.0,800.0
390,391,Other,potentiodynamic,2,35.971000000000004,20.01,39.13,4.85,0.0,0.039,0.0,0.0,0.0,0.0,0.0,0.0,0.0,0.0,0.0,0.0,0.0,0.0,0.0,0.0,0.0,0.0,0.0,0.0,24.0,0.1,1.0,800.0
391,392,Fe Alloy,potentiodynamic,3,64.42499999999998,17.67,13.57,1.99,0.0,0.03,0.0,0.025,0.45,1.84,0.0,0.0,0.0,0.0,0.0,0.0,0.0,0.0,0.0,0.0,0.0,0.0,0.0,0.0,24.0,0.1,1.0,390.0
392,393,Fe Alloy,potentiodynamic,3,97.55,0.0,0.0,2.45,0.0,0.0,0.0,0.0,0.0,0.0,0.0,0.0,0.0,0.0,0.0,0.0,0.0,0.0,0.0,0.0,0.0,0.0,0.0,0.0,24.0,0.1,1.0,800.0
393,394,Fe Alloy,potentiodynamic,3,97.07,0.0,0.0,2.93,0.0,0.0,0.0,0.0,0.0,0.0,0.0,0.0,0.0,0.0,0.0,0.0,0.0,0.0,0.0,0.0,0.0,0.0,0.0,0.0,24.0,0.1,1.0,800.0
394,395,Fe Alloy,potentiodynamic,3,96.63,0.0,0.0,3.37,0.0,0.0,0.0,0.0,0.0,0.0,0.0,0.0,0.0,0.0,0.0,0.0,0.0,0.0,0.0,0.0,0.0,0.0,0.0,0.0,24.0,0.1,1.0,800.0
395,396,Fe Alloy,potentiodynamic,4,62.699999999999996,17.6,13.5,3.89,0.0,0.033,0.0,0.027,0.53,1.72,0.0,0.0,0.0,0.0,0.0,0.0,0.0,0.0,0.0,0.0,0.0,0.0,0.0,0.0,24.0,0.1,1.0,800.0
396,397,Fe Alloy,potentiodynamic,2,65.84100000000001,17.86,16.13,0.067,0.0,0.01,0.0,0.002,0.09,0.0,0.0,0.0,0.0,0.0,0.0,0.0,0.0,0.0,0.0,0.0,0.0,0.0,0.0,0.0,24.0,0.1,1.0,800.0
399,400,Fe Alloy,potentiodynamic,4,63.515,17.6,13.6,2.93,0.0,0.03,0.0,0.025,0.5,1.8,0.0,0.0,0.0,0.0,0.0,0.0,0.0,0.0,0.0,0.0,0.0,0.0,0.0,0.0,24.0,1.0,7.0,430.0
400,401,Fe Alloy,potentiodynamic,4,63.515,17.6,13.6,2.93,0.0,0.03,0.0,0.025,0.5,1.8,0.0,0.0,0.0,0.0,0.0,0.0,0.0,0.0,0.0,0.0,0.0,0.0,0.0,0.0,24.0,1.0,7.0,470.0
401,403,Fe Alloy,potentiodynamic,4,63.515,17.6,13.6,2.93,0.0,0.03,0.0,0.025,0.5,1.8,0.0,0.0,0.0,0.0,0.0,0.0,0.0,0.0,0.0,0.0,0.0,0.0,0.0,0.0,24.0,1.0,7.0,655.0
403,405,Fe Alloy,potentiodynamic,2,74.0,20.73,2.17,1.03,0.0,0.0,0.0,0.0,2.07,0.0,0.0,0.0,0.0,0.0,0.0,0.0,0.0,0.0,0.0,0.0,0.0,0.0,0.0,0.0,90.0,0.546,7.2,190.0
406,408,Fe Alloy,potentiodynamic,5,73.66,21.51,1.44,2.03,0.0,0.0,0.0,0.0,1.36,0.0,0.0,0.0,0.0,0.0,0.0,0.0,0.0,0.0,0.0,0.0,0.0,0.0,0.0,0.0,90.0,0.546,7.2,238.0
407,409,Fe Alloy,potentiodynamic,3,74.03,19.71,2.16,2.04,0.0,0.0,0.0,0.0,2.06,0.0,0.0,0.0,0.0,0.0,0.0,0.0,0.0,0.0,0.0,0.0,0.0,0.0,0.0,0.0,90.0,0.546,7.2,218.0
408,410,Fe Alloy,potentiodynamic,4,73.37,21.49,1.84,1.75,0.0,0.0,0.34,0.0,0.0,0.09,0.0,0.0,0.0,1.12,0.0,0.0,0.0,0.0,0.0,0.0,0.0,0.0,0.0,0.0,90.0,0.546,7.2,276.0
409,411,Fe Alloy,potentiodynamic,1,72.73,21.48,1.43,3.0,0.0,0.0,0.0,0.0,1.36,0.0,0.0,0.0,0.0,0.0,0.0,0.0,0.0,0.0,0.0,0.0,0.0,0.0,0.0,0.0,90.0,0.546,7.2,256.0
410,412,Fe Alloy,potentiodynamic,5,73.02000000000001,19.7,2.15,2.64,0.0,0.0,0.34,0.0,2.06,0.09,0.0,0.0,0.0,0.0,0.0,0.0,0.0,0.0,0.0,0.0,0.0,0.0,0.0,0.0,90.0,0.546,7.2,182.0
411,413,Fe Alloy,potentiodynamic,4,71.93,19.74,2.14,3.5,0.0,0.0,0.51,0.0,2.05,0.13,0.0,0.0,0.0,0.0,0.0,0.0,0.0,0.0,0.0,0.0,0.0,0.0,0.0,0.0,90.0,0.546,7.2,220.0
412,414,Fe Alloy,potentiodynamic,3,70.97,19.73,2.13,4.7,0.0,0.0,0.34,0.0,2.04,0.09,0.0,0.0,0.0,0.0,0.0,0.0,0.0,0.0,0.0,0.0,0.0,0.0,0.0,0.0,90.0,0.546,7.2,238.0
414,416,Fe Alloy,scratch,2,74.0,20.73,2.17,1.03,0.0,0.0,0.0,0.0,2.07,0.0,0.0,0.0,0.0,0.0,0.0,0.0,0.0,0.0,0.0,0.0,0.0,0.0,0.0,0.0,90.0,0.546,7.2,165.0
417,419,Fe Alloy,scratch,5,73.66,21.51,1.44,2.03,0.0,0.0,0.0,0.0,1.36,0.0,0.0,0.0,0.0,0.0,0.0,0.0,0.0,0.0,0.0,0.0,0.0,0.0,0.0,0.0,90.0,0.546,7.2,230.0
418,420,Fe Alloy,scratch,3,74.03,19.71,2.16,2.04,0.0,0.0,0.0,0.0,2.06,0.0,0.0,0.0,0.0,0.0,0.0,0.0,0.0,0.0,0.0,0.0,0.0,0.0,0.0,0.0,90.0,0.546,7.2,185.0
419,421,Fe Alloy,scratch,4,73.37,21.49,1.84,1.75,0.0,0.0,0.34,0.0,0.0,0.09,0.0,0.0,0.0,1.12,0.0,0.0,0.0,0.0,0.0,0.0,0.0,0.0,0.0,0.0,90.0,0.546,7.2,270.0
420,422,Fe Alloy,scratch,1,72.73,21.48,1.43,3.0,0.0,0.0,0.0,0.0,1.36,0.0,0.0,0.0,0.0,0.0,0.0,0.0,0.0,0.0,0.0,0.0,0.0,0.0,0.0,0.0,90.0,0.546,7.2,248.0
421,423,Fe Alloy,scratch,5,73.02000000000001,19.7,2.15,2.64,0.0,0.0,0.34,0.0,2.06,0.09,0.0,0.0,0.0,0.0,0.0,0.0,0.0,0.0,0.0,0.0,0.0,0.0,0.0,0.0,90.0,0.546,7.2,165.0
422,424,Fe Alloy,scratch,4,71.93,19.74,2.14,3.5,0.0,0.0,0.51,0.0,2.05,0.13,0.0,0.0,0.0,0.0,0.0,0.0,0.0,0.0,0.0,0.0,0.0,0.0,0.0,0.0,90.0,0.546,7.2,205.0
423,425,Fe Alloy,scratch,3,70.97,19.73,2.13,4.7,0.0,0.0,0.34,0.0,2.04,0.09,0.0,0.0,0.0,0.0,0.0,0.0,0.0,0.0,0.0,0.0,0.0,0.0,0.0,0.0,90.0,0.546,7.2,152.0
424,426,Fe Alloy,potentiodynamic,1,73.26,24.32,0.72,1.02,0.0,0.0,0.0,0.0,0.68,0.0,0.0,0.0,0.0,0.0,0.0,0.0,0.0,0.0,0.0,0.0,0.0,0.0,0.0,0.0,90.0,0.546,7.2,174.0
426,428,Fe Alloy,potentiodynamic,2,74.0,20.73,2.17,1.03,0.0,0.0,0.0,0.0,2.07,0.0,0.0,0.0,0.0,0.0,0.0,0.0,0.0,0.0,0.0,0.0,0.0,0.0,0.0,0.0,90.0,0.546,7.2,184.0
428,431,Fe Alloy,potentiodynamic,3,73.3,23.29,0.71,2.02,0.0,0.0,0.0,0.0,0.68,0.0,0.0,0.0,0.0,0.0,0.0,0.0,0.0,0.0,0.0,0.0,0.0,0.0,0.0,0.0,90.0,0.546,7.2,192.0
429,432,Fe Alloy,potentiodynamic,5,73.66,21.51,1.44,2.03,0.0,0.0,0.0,0.0,1.36,0.0,0.0,0.0,0.0,0.0,0.0,0.0,0.0,0.0,0.0,0.0,0.0,0.0,0.0,0.0,90.0,0.546,7.2,262.0
430,433,Fe Alloy,potentiodynamic,3,74.03,19.71,2.16,2.04,0.0,0.0,0.0,0.0,2.06,0.0,0.0,0.0,0.0,0.0,0.0,0.0,0.0,0.0,0.0,0.0,0.0,0.0,0.0,0.0,90.0,0.546,7.2,226.0
431,434,Fe Alloy,potentiodynamic,5,73.47999999999999,21.53,1.44,1.75,0.0,0.0,0.34,0.0,1.37,0.09,0.0,0.0,0.0,0.0,0.0,0.0,0.0,0.0,0.0,0.0,0.0,0.0,0.0,0.0,90.0,0.546,7.2,194.0
432,435,Fe Alloy,potentiodynamic,4,73.37,21.49,1.84,1.75,0.0,0.0,0.34,0.0,0.0,0.09,0.0,0.0,0.0,1.12,0.0,0.0,0.0,0.0,0.0,0.0,0.0,0.0,0.0,0.0,90.0,0.546,7.2,284.0
433,436,Fe Alloy,potentiodynamic,1,72.73,21.48,1.43,3.0,0.0,0.0,0.0,0.0,1.36,0.0,0.0,0.0,0.0,0.0,0.0,0.0,0.0,0.0,0.0,0.0,0.0,0.0,0.0,0.0,90.0,0.546,7.2,306.0
434,437,Fe Alloy,potentiodynamic,5,73.1,19.69,2.14,3.02,0.0,0.0,0.0,0.0,2.05,0.0,0.0,0.0,0.0,0.0,0.0,0.0,0.0,0.0,0.0,0.0,0.0,0.0,0.0,0.0,90.0,0.546,7.2,230.0
435,438,Fe Alloy,potentiodynamic,1,72.65,21.51,1.43,2.62,0.0,0.0,0.34,0.0,1.36,0.09,0.0,0.0,0.0,0.0,0.0,0.0,0.0,0.0,0.0,0.0,0.0,0.0,0.0,0.0,90.0,0.546,7.2,225.0
436,439,Fe Alloy,potentiodynamic,5,73.02000000000001,19.7,2.15,2.64,0.0,0.0,0.34,0.0,2.06,0.09,0.0,0.0,0.0,0.0,0.0,0.0,0.0,0.0,0.0,0.0,0.0,0.0,0.0,0.0,90.0,0.546,7.2,240.0
437,440,Fe Alloy,potentiodynamic,4,71.93,19.74,2.14,3.5,0.0,0.0,0.51,0.0,2.05,0.13,0.0,0.0,0.0,0.0,0.0,0.0,0.0,0.0,0.0,0.0,0.0,0.0,0.0,0.0,90.0,0.546,7.2,342.0
438,441,Fe Alloy,potentiodynamic,3,70.97,19.73,2.13,4.7,0.0,0.0,0.34,0.0,2.04,0.09,0.0,0.0,0.0,0.0,0.0,0.0,0.0,0.0,0.0,0.0,0.0,0.0,0.0,0.0,90.0,0.546,7.2,310.0
439,442,Fe Alloy,scratch,1,73.26,24.32,0.72,1.02,0.0,0.0,0.0,0.0,0.68,0.0,0.0,0.0,0.0,0.0,0.0,0.0,0.0,0.0,0.0,0.0,0.0,0.0,0.0,0.0,90.0,0.546,7.2,145.0
441,444,Fe Alloy,scratch,2,74.0,20.73,2.17,1.03,0.0,0.0,0.0,0.0,2.07,0.0,0.0,0.0,0.0,0.0,0.0,0.0,0.0,0.0,0.0,0.0,0.0,0.0,0.0,0.0,90.0,0.546,7.2,178.0
444,447,Fe Alloy,scratch,3,73.3,23.29,0.71,2.02,0.0,0.0,0.0,0.0,0.68,0.0,0.0,0.0,0.0,0.0,0.0,0.0,0.0,0.0,0.0,0.0,0.0,0.0,0.0,0.0,90.0,0.546,7.2,170.0
445,448,Fe Alloy,scratch,5,73.66,21.51,1.44,2.03,0.0,0.0,0.0,0.0,1.36,0.0,0.0,0.0,0.0,0.0,0.0,0.0,0.0,0.0,0.0,0.0,0.0,0.0,0.0,0.0,90.0,0.546,7.2,232.0
446,449,Fe Alloy,scratch,3,74.03,19.71,2.16,2.04,0.0,0.0,0.0,0.0,2.06,0.0,0.0,0.0,0.0,0.0,0.0,0.0,0.0,0.0,0.0,0.0,0.0,0.0,0.0,0.0,90.0,0.546,7.2,215.0
447,450,Fe Alloy,scratch,5,73.47999999999999,21.53,1.44,1.75,0.0,0.0,0.34,0.0,1.37,0.09,0.0,0.0,0.0,0.0,0.0,0.0,0.0,0.0,0.0,0.0,0.0,0.0,0.0,0.0,90.0,0.546,7.2,192.0
448,451,Fe Alloy,scratch,4,73.37,21.49,1.84,1.75,0.0,0.0,0.34,0.0,0.0,0.09,0.0,0.0,0.0,1.12,0.0,0.0,0.0,0.0,0.0,0.0,0.0,0.0,0.0,0.0,90.0,0.546,7.2,165.0
449,452,Fe Alloy,scratch,1,72.73,21.48,1.43,3.0,0.0,0.0,0.0,0.0,1.36,0.0,0.0,0.0,0.0,0.0,0.0,0.0,0.0,0.0,0.0,0.0,0.0,0.0,0.0,0.0,90.0,0.546,7.2,272.0
450,453,Fe Alloy,scratch,5,73.1,19.69,2.14,3.02,0.0,0.0,0.0,0.0,2.05,0.0,0.0,0.0,0.0,0.0,0.0,0.0,0.0,0.0,0.0,0.0,0.0,0.0,0.0,0.0,90.0,0.546,7.2,222.0
451,454,Fe Alloy,scratch,1,72.65,21.51,1.43,2.62,0.0,0.0,0.34,0.0,1.36,0.09,0.0,0.0,0.0,0.0,0.0,0.0,0.0,0.0,0.0,0.0,0.0,0.0,0.0,0.0,90.0,0.546,7.2,174.0
452,455,Fe Alloy,scratch,5,73.02000000000001,19.7,2.15,2.64,0.0,0.0,0.34,0.0,2.06,0.09,0.0,0.0,0.0,0.0,0.0,0.0,0.0,0.0,0.0,0.0,0.0,0.0,0.0,0.0,90.0,0.546,7.2,235.0
453,456,Fe Alloy,scratch,4,71.93,19.74,2.14,3.5,0.0,0.0,0.51,0.0,2.05,0.13,0.0,0.0,0.0,0.0,0.0,0.0,0.0,0.0,0.0,0.0,0.0,0.0,0.0,0.0,90.0,0.546,7.2,268.0
454,457,Fe Alloy,scratch,3,70.97,19.73,2.13,4.7,0.0,0.0,0.34,0.0,2.04,0.09,0.0,0.0,0.0,0.0,0.0,0.0,0.0,0.0,0.0,0.0,0.0,0.0,0.0,0.0,90.0,0.546,7.2,298.0
455,458,Fe Alloy,potentiodynamic,4,81.227,16.45,0.11,1.97,0.0,0.045,0.0,0.034,0.13,0.034,0.0,0.0,0.0,0.0,0.0,0.0,0.0,0.0,0.0,0.0,0.0,0.0,0.0,0.0,45.0,1.0,7.0,300.0
456,459,Fe Alloy,potentiodynamic,4,81.227,16.45,0.11,1.97,0.0,0.045,0.0,0.034,0.13,0.034,0.0,0.0,0.0,0.0,0.0,0.0,0.0,0.0,0.0,0.0,0.0,0.0,0.0,0.0,45.0,1.0,7.0,300.0
457,460,Fe Alloy,potentiodynamic,4,81.227,16.45,0.11,1.97,0.0,0.045,0.0,0.034,0.13,0.034,0.0,0.0,0.0,0.0,0.0,0.0,0.0,0.0,0.0,0.0,0.0,0.0,0.0,0.0,45.0,1.0,7.0,540.0
458,468,Fe Alloy,potentiodynamic,5,74.16499999999999,17.0,8.3,0.19,0.0,0.047,0.0,0.108,0.0,0.0,0.19,0.0,0.0,0.0,0.0,0.0,0.0,0.0,0.0,0.0,0.0,0.0,0.0,0.0,70.0,0.6,7.0,63.0
459,469,Fe Alloy,potentiodynamic,5,69.941,17.2,10.5,2.0,0.0,0.049,0.0,0.06,0.0,0.0,0.25,0.0,0.0,0.0,0.0,0.0,0.0,0.0,0.0,0.0,0.0,0.0,0.0,0.0,70.0,0.6,7.0,168.0
460,470,Fe Alloy,potentiodynamic,2,48.975,20.0,25.0,4.5,0.0,0.0,0.0,0.025,0.0,0.0,1.5,0.0,0.0,0.0,0.0,0.0,0.0,0.0,0.0,0.0,0.0,0.0,0.0,0.0,70.0,0.6,7.0,620.0
461,471,Fe Alloy,potentiodynamic,1,54.96999999999999,20.0,18.0,6.1,0.0,0.21,0.0,0.02,0.0,0.0,0.7,0.0,0.0,0.0,0.0,0.0,0.0,0.0,0.0,0.0,0.0,0.0,0.0,0.0,70.0,0.6,7.0,1028.0
462,472,Fe Alloy,potentiodynamic,5,74.16499999999999,17.0,8.3,0.19,0.0,0.047,0.0,0.108,0.0,0.0,0.19,0.0,0.0,0.0,0.0,0.0,0.0,0.0,0.0,0.0,0.0,0.0,0.0,0.0,70.0,0.0,7.0,273.0
463,473,Fe Alloy,potentiodynamic,5,69.941,17.2,10.5,2.0,0.0,0.049,0.0,0.06,0.0,0.0,0.25,0.0,0.0,0.0,0.0,0.0,0.0,0.0,0.0,0.0,0.0,0.0,0.0,0.0,70.0,0.0,7.0,330.0
464,474,Fe Alloy,potentiodynamic,2,48.975,20.0,25.0,4.5,0.0,0.0,0.0,0.025,0.0,0.0,1.5,0.0,0.0,0.0,0.0,0.0,0.0,0.0,0.0,0.0,0.0,0.0,0.0,0.0,70.0,0.0,7.0,476.0
465,475,Fe Alloy,potentiodynamic,1,54.96999999999999,20.0,18.0,6.1,0.0,0.21,0.0,0.02,0.0,0.0,0.7,0.0,0.0,0.0,0.0,0.0,0.0,0.0,0.0,0.0,0.0,0.0,0.0,0.0,70.0,0.0,7.0,620.0
466,476,Fe Alloy,potentiodynamic,1,61.29,27.3,7.3,3.8,0.0,0.31,0.0,0.0,0.0,0.0,0.0,0.0,0.0,0.0,0.0,0.0,0.0,0.0,0.0,0.0,0.0,0.0,0.0,0.0,60.0,0.546,,1010.0
467,477,Fe Alloy,potentiodynamic,1,61.29,27.3,7.3,3.8,0.0,0.31,0.0,0.0,0.0,0.0,0.0,0.0,0.0,0.0,0.0,0.0,0.0,0.0,0.0,0.0,0.0,0.0,0.0,0.0,80.0,0.546,,1020.0
468,478,Fe Alloy,potentiodynamic,1,61.29,27.3,7.3,3.8,0.0,0.31,0.0,0.0,0.0,0.0,0.0,0.0,0.0,0.0,0.0,0.0,0.0,0.0,0.0,0.0,0.0,0.0,0.0,0.0,100.0,0.546,,850.0
469,479,Fe Alloy,potentiodynamic,5,64.8,28.4,2.6,4.2,0.0,0.0,0.0,0.0,0.0,0.0,0.0,0.0,0.0,0.0,0.0,0.0,0.0,0.0,0.0,0.0,0.0,0.0,0.0,0.0,60.0,0.546,,1010.0
470,480,Fe Alloy,potentiodynamic,5,64.8,28.4,2.6,4.2,0.0,0.0,0.0,0.0,0.0,0.0,0.0,0.0,0.0,0.0,0.0,0.0,0.0,0.0,0.0,0.0,0.0,0.0,0.0,0.0,80.0,0.546,,1010.0
471,481,Fe Alloy,potentiodynamic,5,64.8,28.4,2.6,4.2,0.0,0.0,0.0,0.0,0.0,0.0,0.0,0.0,0.0,0.0,0.0,0.0,0.0,0.0,0.0,0.0,0.0,0.0,0.0,0.0,100.0,0.546,,493.0
472,482,Fe Alloy,potentiodynamic,3,54.99999999999999,19.8,18.6,6.4,0.0,0.2,0.0,0.0,0.0,0.0,0.0,0.0,0.0,0.0,0.0,0.0,0.0,0.0,0.0,0.0,0.0,0.0,0.0,0.0,60.0,0.546,,1000.0
473,483,Fe Alloy,potentiodynamic,3,54.99999999999999,19.8,18.6,6.4,0.0,0.2,0.0,0.0,0.0,0.0,0.0,0.0,0.0,0.0,0.0,0.0,0.0,0.0,0.0,0.0,0.0,0.0,0.0,0.0,80.0,0.546,,1010.0
474,484,Fe Alloy,potentiodynamic,3,54.99999999999999,19.8,18.6,6.4,0.0,0.2,0.0,0.0,0.0,0.0,0.0,0.0,0.0,0.0,0.0,0.0,0.0,0.0,0.0,0.0,0.0,0.0,0.0,0.0,100.0,0.546,,782.0
475,485,Fe Alloy,potentiodynamic,4,64.56,25.2,7.1,3.0,0.0,0.14,0.0,0.0,0.0,0.0,0.0,0.0,0.0,0.0,0.0,0.0,0.0,0.0,0.0,0.0,0.0,0.0,0.0,0.0,60.0,0.546,,1010.0
476,486,Fe Alloy,potentiodynamic,4,64.56,25.2,7.1,3.0,0.0,0.14,0.0,0.0,0.0,0.0,0.0,0.0,0.0,0.0,0.0,0.0,0.0,0.0,0.0,0.0,0.0,0.0,0.0,0.0,80.0,0.546,,330.0
477,487,Fe Alloy,potentiodynamic,4,64.56,25.2,7.1,3.0,0.0,0.14,0.0,0.0,0.0,0.0,0.0,0.0,0.0,0.0,0.0,0.0,0.0,0.0,0.0,0.0,0.0,0.0,0.0,0.0,100.0,0.546,,240.0
488,498,Other,potentiodynamic,4,0.0,0.0,100.0,0.0,0.0,0.0,0.0,0.0,0.0,0.0,0.0,0.0,0.0,0.0,0.0,0.0,0.0,0.0,0.0,0.0,0.0,0.0,0.0,0.0,,1.0,3.0,-272.26
489,499,Other,potentiodynamic,4,0.0,0.0,100.0,0.0,0.0,0.0,0.0,0.0,0.0,0.0,0.0,0.0,0.0,0.0,0.0,0.0,0.0,0.0,0.0,0.0,0.0,0.0,0.0,0.0,,1.0,4.0,-140.94
490,500,Other,potentiodynamic,4,0.0,0.0,100.0,0.0,0.0,0.0,0.0,0.0,0.0,0.0,0.0,0.0,0.0,0.0,0.0,0.0,0.0,0.0,0.0,0.0,0.0,0.0,0.0,0.0,,1.0,5.0,-145.43
491,501,Other,potentiodynamic,4,0.0,0.0,100.0,0.0,0.0,0.0,0.0,0.0,0.0,0.0,0.0,0.0,0.0,0.0,0.0,0.0,0.0,0.0,0.0,0.0,0.0,0.0,0.0,0.0,,1.0,7.0,-47.98
492,502,Other,potentiodynamic,4,0.0,0.0,100.0,0.0,0.0,0.0,0.0,0.0,0.0,0.0,0.0,0.0,0.0,0.0,0.0,0.0,0.0,0.0,0.0,0.0,0.0,0.0,0.0,0.0,,1.0,9.0,-9.26
493,503,Other,potentiodynamic,4,0.0,0.0,100.0,0.0,0.0,0.0,0.0,0.0,0.0,0.0,0.0,0.0,0.0,0.0,0.0,0.0,0.0,0.0,0.0,0.0,0.0,0.0,0.0,0.0,,0.0,3.0,-231.91
494,504,Other,potentiodynamic,4,0.0,0.0,100.0,0.0,0.0,0.0,0.0,0.0,0.0,0.0,0.0,0.0,0.0,0.0,0.0,0.0,0.0,0.0,0.0,0.0,0.0,0.0,0.0,0.0,,0.0,4.0,-100.57
495,505,Other,potentiodynamic,4,0.0,0.0,100.0,0.0,0.0,0.0,0.0,0.0,0.0,0.0,0.0,0.0,0.0,0.0,0.0,0.0,0.0,0.0,0.0,0.0,0.0,0.0,0.0,0.0,,0.0,7.0,18.09
496,506,Other,potentiodynamic,4,0.0,0.0,100.0,0.0,0.0,0.0,0.0,0.0,0.0,0.0,0.0,0.0,0.0,0.0,0.0,0.0,0.0,0.0,0.0,0.0,0.0,0.0,0.0,0.0,,0.0,9.0,86.15
497,507,Other,potentiodynamic,1,0.0,0.0,0.0,100.0,0.0,0.0,0.0,0.0,0.0,0.0,0.0,0.0,0.0,0.0,0.0,0.0,0.0,0.0,0.0,0.0,0.0,0.0,0.0,0.0,,1.0,3.0,-22.71
498,508,Other,potentiodynamic,1,0.0,0.0,0.0,100.0,0.0,0.0,0.0,0.0,0.0,0.0,0.0,0.0,0.0,0.0,0.0,0.0,0.0,0.0,0.0,0.0,0.0,0.0,0.0,0.0,,1.0,4.0,-56.54
499,509,Other,potentiodynamic,1,0.0,0.0,0.0,100.0,0.0,0.0,0.0,0.0,0.0,0.0,0.0,0.0,0.0,0.0,0.0,0.0,0.0,0.0,0.0,0.0,0.0,0.0,0.0,0.0,,1.0,5.0,-50.04
500,510,Other,potentiodynamic,1,0.0,0.0,0.0,100.0,0.0,0.0,0.0,0.0,0.0,0.0,0.0,0.0,0.0,0.0,0.0,0.0,0.0,0.0,0.0,0.0,0.0,0.0,0.0,0.0,,1.0,7.0,-106.71
501,511,Other,potentiodynamic,1,0.0,0.0,0.0,100.0,0.0,0.0,0.0,0.0,0.0,0.0,0.0,0.0,0.0,0.0,0.0,0.0,0.0,0.0,0.0,0.0,0.0,0.0,0.0,0.0,,1.0,9.0,-119.33
502,512,Other,potentiodynamic,1,0.0,0.0,0.0,100.0,0.0,0.0,0.0,0.0,0.0,0.0,0.0,0.0,0.0,0.0,0.0,0.0,0.0,0.0,0.0,0.0,0.0,0.0,0.0,0.0,,0.0,3.0,21.33
503,513,Other,potentiodynamic,1,0.0,0.0,0.0,100.0,0.0,0.0,0.0,0.0,0.0,0.0,0.0,0.0,0.0,0.0,0.0,0.0,0.0,0.0,0.0,0.0,0.0,0.0,0.0,0.0,,0.0,4.0,-45.55
504,514,Other,potentiodynamic,1,0.0,0.0,0.0,100.0,0.0,0.0,0.0,0.0,0.0,0.0,0.0,0.0,0.0,0.0,0.0,0.0,0.0,0.0,0.0,0.0,0.0,0.0,0.0,0.0,,0.0,5.0,-53.73
505,515,Other,potentiodynamic,1,0.0,0.0,0.0,100.0,0.0,0.0,0.0,0.0,0.0,0.0,0.0,0.0,0.0,0.0,0.0,0.0,0.0,0.0,0.0,0.0,0.0,0.0,0.0,0.0,,0.0,7.0,-91.0
506,516,Other,potentiodynamic,1,0.0,0.0,0.0,100.0,0.0,0.0,0.0,0.0,0.0,0.0,0.0,0.0,0.0,0.0,0.0,0.0,0.0,0.0,0.0,0.0,0.0,0.0,0.0,0.0,,0.0,9.0,-103.0
507,517,Other,potentiodynamic,3,0.0,20.0,80.0,0.0,0.0,0.0,0.0,0.0,0.0,0.0,0.0,0.0,0.0,0.0,0.0,0.0,0.0,0.0,0.0,0.0,0.0,0.0,0.0,0.0,,1.0,3.0,230.52
508,518,Other,potentiodynamic,3,0.0,20.0,80.0,0.0,0.0,0.0,0.0,0.0,0.0,0.0,0.0,0.0,0.0,0.0,0.0,0.0,0.0,0.0,0.0,0.0,0.0,0.0,0.0,0.0,,1.0,4.0,332.48
509,519,Other,potentiodynamic,3,0.0,20.0,80.0,0.0,0.0,0.0,0.0,0.0,0.0,0.0,0.0,0.0,0.0,0.0,0.0,0.0,0.0,0.0,0.0,0.0,0.0,0.0,0.0,0.0,,1.0,5.0,342.67
510,520,Other,potentiodynamic,3,0.0,20.0,80.0,0.0,0.0,0.0,0.0,0.0,0.0,0.0,0.0,0.0,0.0,0.0,0.0,0.0,0.0,0.0,0.0,0.0,0.0,0.0,0.0,0.0,,1.0,7.0,370.4
511,521,Other,potentiodynamic,3,0.0,20.0,80.0,0.0,0.0,0.0,0.0,0.0,0.0,0.0,0.0,0.0,0.0,0.0,0.0,0.0,0.0,0.0,0.0,0.0,0.0,0.0,0.0,0.0,,1.0,9.0,361.39
512,522,Other,potentiodynamic,3,0.0,20.0,80.0,0.0,0.0,0.0,0.0,0.0,0.0,0.0,0.0,0.0,0.0,0.0,0.0,0.0,0.0,0.0,0.0,0.0,0.0,0.0,0.0,0.0,,0.0,3.0,179.14
513,523,Other,potentiodynamic,3,0.0,20.0,80.0,0.0,0.0,0.0,0.0,0.0,0.0,0.0,0.0,0.0,0.0,0.0,0.0,0.0,0.0,0.0,0.0,0.0,0.0,0.0,0.0,0.0,,0.0,4.0,273.73
514,524,Other,potentiodynamic,3,0.0,20.0,80.0,0.0,0.0,0.0,0.0,0.0,0.0,0.0,0.0,0.0,0.0,0.0,0.0,0.0,0.0,0.0,0.0,0.0,0.0,0.0,0.0,0.0,,0.0,5.0,309.66
515,525,Other,potentiodynamic,3,0.0,20.0,80.0,0.0,0.0,0.0,0.0,0.0,0.0,0.0,0.0,0.0,0.0,0.0,0.0,0.0,0.0,0.0,0.0,0.0,0.0,0.0,0.0,0.0,,0.0,7.0,315.35
516,526,Other,potentiodynamic,3,0.0,20.0,80.0,0.0,0.0,0.0,0.0,0.0,0.0,0.0,0.0,0.0,0.0,0.0,0.0,0.0,0.0,0.0,0.0,0.0,0.0,0.0,0.0,0.0,,0.0,9.0,324.7
517,531,Fe Alloy,scratch,4,86.233,13.68,0.0,0.08,0.0,0.004,0.0,0.003,0.0,0.0,0.0,0.0,0.0,0.0,0.0,0.0,0.0,0.0,0.0,0.0,0.0,0.0,0.0,0.0,25.0,1.0,,50.28
518,532,Fe Alloy,scratch,1,85.8115,13.14,0.0,1.04,0.0,0.0035,0.0,0.005,0.0,0.0,0.0,0.0,0.0,0.0,0.0,0.0,0.0,0.0,0.0,0.0,0.0,0.0,0.0,0.0,25.0,1.0,,100.24900000000001
519,533,Fe Alloy,scratch,1,84.514,13.6,0.0,1.88,0.0,0.004,0.0,0.002,0.0,0.0,0.0,0.0,0.0,0.0,0.0,0.0,0.0,0.0,0.0,0.0,0.0,0.0,0.0,0.0,25.0,1.0,,167.65
521,535,Fe Alloy,scratch,2,82.1838,13.04,0.0,4.77,0.0,0.0032,0.0,0.003,0.0,0.0,0.0,0.0,0.0,0.0,0.0,0.0,0.0,0.0,0.0,0.0,0.0,0.0,0.0,0.0,25.0,1.0,,278.81
522,536,Fe Alloy,scratch,3,82.63499999999999,17.35,0.0,0.01,0.0,0.003,0.0,0.002,0.0,0.0,0.0,0.0,0.0,0.0,0.0,0.0,0.0,0.0,0.0,0.0,0.0,0.0,0.0,0.0,25.0,1.0,,106.45
523,537,Fe Alloy,scratch,2,81.32339999999999,17.53,0.0,1.14,0.0,0.0036,0.0,0.003,0.0,0.0,0.0,0.0,0.0,0.0,0.0,0.0,0.0,0.0,0.0,0.0,0.0,0.0,0.0,0.0,25.0,1.0,,208.57999999999998
524,538,Fe Alloy,scratch,4,80.362,17.61,0.0,2.02,0.0,0.004,0.0,0.004,0.0,0.0,0.0,0.0,0.0,0.0,0.0,0.0,0.0,0.0,0.0,0.0,0.0,0.0,0.0,0.0,25.0,1.0,,279.88
525,539,Fe Alloy,scratch,1,78.89160000000001,17.58,0.0,3.52,0.0,0.0034,0.0,0.005,0.0,0.0,0.0,0.0,0.0,0.0,0.0,0.0,0.0,0.0,0.0,0.0,0.0,0.0,0.0,0.0,25.0,1.0,,412.85
526,540,Fe Alloy,scratch,2,77.8623,17.38,0.0,4.75,0.0,0.0037,0.0,0.004,0.0,0.0,0.0,0.0,0.0,0.0,0.0,0.0,0.0,0.0,0.0,0.0,0.0,0.0,0.0,0.0,25.0,1.0,,524.62
527,541,Fe Alloy,other,3,70.995,18.7,10.3,0.0,0.0,0.0,0.0,0.0,0.0,0.0,0.0,0.0,0.005,0.0,0.0,0.0,0.0,0.0,0.0,0.0,0.0,0.0,0.0,0.0,22.0,1.0,7.0,-75.0
528,542,Fe Alloy,other,3,69.695,16.6,11.0,2.7,0.0,0.0,0.0,0.0,0.0,0.0,0.0,0.0,0.005,0.0,0.0,0.0,0.0,0.0,0.0,0.0,0.0,0.0,0.0,0.0,22.0,1.0,7.0,50.0
530,544,Fe Alloy,potentiodynamic,4,66.475,16.3,14.0,0.0,2.49,0.0,0.0,0.005,0.4,0.33,0.0,0.0,0.0,0.0,0.0,0.0,0.0,0.0,0.0,0.0,0.0,0.0,0.0,0.0,,0.1,7.0,210.0
531,545,Fe Alloy,potentiodynamic,5,63.874,16.5,14.1,0.0,4.81,0.0,0.0,0.006,0.41,0.3,0.0,0.0,0.0,0.0,0.0,0.0,0.0,0.0,0.0,0.0,0.0,0.0,0.0,0.0,,0.1,7.0,300.0
536,550,Fe Alloy,potentiodynamic,5,70.0,2.0,0.0,0.0,0.0,0.0,0.0,0.0,0.0,0.0,0.0,0.0,0.0,28.0,0.0,0.0,0.0,0.0,0.0,0.0,0.0,0.0,0.0,0.0,,0.0055,4.0,176.0
537,551,Fe Alloy,potentiodynamic,1,68.0,4.0,0.0,0.0,0.0,0.0,0.0,0.0,0.0,0.0,0.0,0.0,0.0,28.0,0.0,0.0,0.0,0.0,0.0,0.0,0.0,0.0,0.0,0.0,,0.0055,4.0,277.0
538,552,Fe Alloy,potentiodynamic,4,66.0,6.0,0.0,0.0,0.0,0.0,0.0,0.0,0.0,0.0,0.0,0.0,0.0,28.0,0.0,0.0,0.0,0.0,0.0,0.0,0.0,0.0,0.0,0.0,,0.0055,4.0,380.0
539,553,Fe Alloy,potentiodynamic,4,67.95,2.0,0.0,2.0,0.0,0.0,0.0,0.0,0.0,0.0,0.0,0.0,0.0,28.0,0.0,0.0,0.0,0.0,0.0,0.0,0.05,0.0,0.0,0.0,,0.0055,4.0,256.0
540,554,Fe Alloy,potentiodynamic,3,68.95,2.0,0.0,1.0,0.0,0.0,0.0,0.0,0.0,0.0,0.0,0.0,0.0,28.0,0.0,0.0,0.0,0.0,0.0,0.0,0.05,0.0,0.0,0.0,,0.0055,4.0,206.0
541,555,Fe Alloy,potentiodynamic,1,67.5,4.0,0.0,0.5,0.0,0.0,0.0,0.0,0.0,0.0,0.0,0.0,0.0,28.0,0.0,0.0,0.0,0.0,0.0,0.0,0.0,0.0,0.0,0.0,,0.0055,4.0,236.0
542,556,Fe Alloy,potentiodynamic,1,67.0,4.0,0.0,1.0,0.0,0.0,0.0,0.0,0.0,0.0,0.0,0.0,0.0,28.0,0.0,0.0,0.0,0.0,0.0,0.0,0.0,0.0,0.0,0.0,,0.0055,4.0,296.0
543,557,Fe Alloy,potentiodynamic,5,66.0,4.0,0.0,2.0,0.0,0.0,0.0,0.0,0.0,0.0,0.0,0.0,0.0,28.0,0.0,0.0,0.0,0.0,0.0,0.0,0.0,0.0,0.0,0.0,,0.0055,4.0,336.0
544,558,Fe Alloy,potentiodynamic,1,70.5249,28.93,0.0,0.012,0.011,0.0009,0.11,0.0012,0.41,0.0,0.0,0.0,0.0,0.0,0.0,0.0,0.0,0.0,0.0,0.0,0.0,0.0,0.0,0.0,80.0,8.0,,-560.0
545,559,Fe Alloy,potentiodynamic,4,69.4652,28.89,0.0,0.011,1.08,0.0012,0.13,0.0026,0.42,0.0,0.0,0.0,0.0,0.0,0.0,0.0,0.0,0.0,0.0,0.0,0.0,0.0,0.0,0.0,80.0,8.0,,-500.0
546,560,Fe Alloy,potentiodynamic,4,68.5043,28.88,0.0,0.011,2.08,0.0015,0.1,0.0032,0.42,0.0,0.0,0.0,0.0,0.0,0.0,0.0,0.0,0.0,0.0,0.0,0.0,0.0,0.0,0.0,80.0,8.0,,-480.0
548,562,Fe Alloy,potentiodynamic,2,62.4719,28.78,0.0,0.01,8.17,0.001,0.1,0.0071,0.46,0.0,0.0,0.0,0.0,0.0,0.0,0.0,0.0,0.0,0.0,0.0,0.0,0.0,0.0,0.0,80.0,8.0,,199.0
549,563,Fe Alloy,potentiodynamic,3,69.4473,28.97,0.0,1.04,0.01,0.0012,0.11,0.0015,0.42,0.0,0.0,0.0,0.0,0.0,0.0,0.0,0.0,0.0,0.0,0.0,0.0,0.0,0.0,0.0,80.0,8.0,,-161.0
550,564,Fe Alloy,potentiodynamic,5,68.35640000000001,29.06,0.0,2.07,0.01,0.0017,0.09,0.0019,0.41,0.0,0.0,0.0,0.0,0.0,0.0,0.0,0.0,0.0,0.0,0.0,0.0,0.0,0.0,0.0,80.0,8.0,,8.0
551,565,Fe Alloy,potentiodynamic,5,66.1551,29.1,0.0,4.19,0.011,0.0015,0.1,0.0024,0.44,0.0,0.0,0.0,0.0,0.0,0.0,0.0,0.0,0.0,0.0,0.0,0.0,0.0,0.0,0.0,80.0,8.0,,344.0
554,568,Fe Alloy,potentiodynamic,5,76.765,12.2,0.0,11.0,0.02,0.0,0.0,0.006,0.0,0.0,0.0,0.0,0.009,0.0,0.0,0.0,0.0,0.0,0.0,0.0,0.0,0.0,0.0,0.0,25.0,1.0,0.0,601.0
555,569,Fe Alloy,potentiodynamic,5,67.565,13.9,0.0,0.0,18.5,0.0,0.0,0.002,0.031,0.0,0.0,0.0,0.002,0.0,0.0,0.0,0.0,0.0,0.0,0.0,0.0,0.0,0.0,0.0,25.0,1.0,0.0,-205.0
556,570,Fe Alloy,potentiodynamic,5,79.642,13.9,0.0,0.0,0.0,0.0,0.0,0.004,0.03,0.02,0.0,0.0,0.004,0.0,6.4,0.0,0.0,0.0,0.0,0.0,0.0,0.0,0.0,0.0,25.0,1.0,0.0,341.0
557,571,Fe Alloy,potentiodynamic,5,83.58,13.3,0.0,0.0,0.0,0.0,0.0,0.01,3.0,0.1,0.0,0.0,0.01,0.0,0.0,0.0,0.0,0.0,0.0,0.0,0.0,0.0,0.0,0.0,25.0,1.0,0.0,229.0
558,572,Fe Alloy,other,1,65.398,25.26,6.39,2.72,0.0,0.232,0.0,0.0,0.0,0.0,0.0,0.0,0.0,0.0,0.0,0.0,0.0,0.0,0.0,0.0,0.0,0.0,0.0,0.0,80.0,4.0,7.0,609.0
559,573,Fe Alloy,other,4,63.150000000000006,25.29,6.89,1.55,2.86,0.26,0.0,0.0,0.0,0.0,0.0,0.0,0.0,0.0,0.0,0.0,0.0,0.0,0.0,0.0,0.0,0.0,0.0,0.0,80.0,4.0,7.0,758.0
560,574,Fe Alloy,other,5,63.059000000000005,25.7,7.0,1.94,2.05,0.251,0.0,0.0,0.0,0.0,0.0,0.0,0.0,0.0,0.0,0.0,0.0,0.0,0.0,0.0,0.0,0.0,0.0,0.0,80.0,4.0,7.0,515.0
561,575,HEA,potentiodynamic,2,21.7,20.2,0.0,0.0,0.0,0.0,0.0,0.0,0.0,0.0,24.7,0.0,0.0,10.5,0.0,0.0,0.0,0.0,0.0,22.9,0.0,0.0,0.0,0.0,25.0,0.6,7.0,-130.0
562,576,HEA,potentiodynamic,1,8.0,0.0,4.0,0.0,0.0,0.0,0.0,0.0,0.0,0.0,0.0,0.0,0.0,28.0,11.0,0.0,0.0,0.0,49.0,0.0,0.0,0.0,0.0,0.0,25.0,0.6,7.0,263.0
563,577,HEA,potentiodynamic,2,0.0,25.0,0.0,0.0,0.0,0.0,0.0,0.0,14.0,0.0,0.0,0.0,0.0,13.0,25.0,0.0,0.0,0.0,23.0,0.0,0.0,0.0,0.0,0.0,25.0,0.6,7.0,11.0
564,578,HEA,potentiodynamic,4,22.0,21.0,24.0,0.0,0.0,0.0,0.0,0.0,0.0,0.0,0.0,0.0,0.0,9.0,0.0,0.0,0.0,0.0,0.0,24.0,0.0,0.0,0.0,0.0,25.0,0.6,7.0,164.0
565,579,HEA,potentiodynamic,4,25.0,23.0,26.0,0.0,0.0,0.0,0.0,0.0,0.0,0.0,0.0,0.0,0.0,0.0,0.0,0.0,0.0,0.0,0.0,26.0,0.0,0.0,0.0,0.0,25.0,0.6,7.0,-8.0
566,580,HEA,potentiodynamic,1,23.0,21.0,24.0,0.0,0.0,0.0,0.0,0.0,0.0,0.0,0.0,0.0,0.0,0.0,0.0,0.0,0.0,0.0,8.0,24.0,0.0,0.0,0.0,0.0,25.0,0.6,7.0,1040.0
568,582,HEA,potentiodynamic,4,20.47,16.48,25.48,0.0,0.0,0.0,0.0,0.0,0.0,0.0,13.49,0.0,0.0,0.0,0.0,0.0,0.0,0.0,0.0,23.99,0.0,0.0,0.0,0.0,25.0,0.6128,7.0,90.0
569,583,HEA,potentiodynamic,4,18.78,16.25,21.78,0.0,0.0,0.0,0.0,0.0,0.0,0.0,21.69,0.0,0.0,0.0,0.0,0.0,0.0,0.0,0.0,21.5,0.0,0.0,0.0,0.0,25.0,0.6128,7.0,80.0
570,584,HEA,potentiodynamic,2,17.87,16.65,18.79,0.0,0.0,0.0,0.0,0.03,8.99,0.0,10.17,0.006,0.003,8.63,0.0,0.0,0.0,0.0,0.0,18.86,0.0,0.0,0.0,0.0,25.0,0.1,7.0,580.0
571,585,HEA,potentiodynamic,2,17.87,16.65,18.79,0.0,0.0,0.0,0.0,0.03,8.99,0.0,10.17,0.006,0.003,8.63,0.0,0.0,0.0,0.0,0.0,18.86,0.0,0.0,0.0,0.0,25.0,1.0,7.0,-250.0
572,586,HEA,potentiodynamic,3,23.4,21.8,24.6,0.0,0.0,0.0,0.0,0.0,0.0,0.0,0.0,0.0,0.0,5.6,0.0,0.0,0.0,0.0,0.0,24.7,0.0,0.0,0.0,0.0,25.0,0.6128,7.0,130.0
573,587,HEA,potentiodynamic,3,23.4,21.8,24.6,0.0,0.0,0.0,0.0,0.0,0.0,0.0,0.0,0.0,0.0,5.6,0.0,0.0,0.0,0.0,0.0,24.7,0.0,0.0,0.0,0.0,25.0,0.6128,7.0,180.0
574,588,HEA,potentiodynamic,3,23.4,21.8,24.6,0.0,0.0,0.0,0.0,0.0,0.0,0.0,0.0,0.0,0.0,5.6,0.0,0.0,0.0,0.0,0.0,24.7,0.0,0.0,0.0,0.0,25.0,0.6128,7.0,280.0
575,589,HEA,potentiodynamic,3,23.4,21.8,24.6,0.0,0.0,0.0,0.0,0.0,0.0,0.0,0.0,0.0,0.0,5.6,0.0,0.0,0.0,0.0,0.0,24.7,0.0,0.0,0.0,0.0,25.0,0.6128,7.0,710.0
576,590,HEA,potentiodynamic,3,23.4,21.8,24.6,0.0,0.0,0.0,0.0,0.0,0.0,0.0,0.0,0.0,0.0,5.6,0.0,0.0,0.0,0.0,0.0,24.7,0.0,0.0,0.0,0.0,25.0,0.6128,7.0,140.0
577,591,HEA,potentiodynamic,3,23.4,21.8,24.6,0.0,0.0,0.0,0.0,0.0,0.0,0.0,0.0,0.0,0.0,5.6,0.0,0.0,0.0,0.0,0.0,24.7,0.0,0.0,0.0,0.0,25.0,0.6128,7.0,180.0
578,592,HEA,potentiodynamic,1,31.0,0.0,33.0,0.0,0.0,0.0,0.0,0.0,16.0,0.0,0.0,0.0,0.0,14.0,0.0,0.0,0.0,0.0,0.0,0.0,6.0,0.0,0.0,0.0,25.0,0.0182,7.0,-602.0
579,593,HEA,potentiodynamic,1,38.03,23.63,13.33,0.0,0.0,0.0,0.0,0.0,0.0,24.99,0.0,0.0,0.0,0.0,0.0,0.0,0.0,0.0,0.0,0.0,0.0,0.0,0.0,0.0,25.0,0.0,0.0,931.0
581,595,HEA,potentiodynamic,4,25.0,23.0,26.0,0.0,0.0,0.0,0.0,0.0,0.0,0.0,0.0,0.0,0.0,0.0,0.0,0.0,0.0,0.0,0.0,26.0,0.0,0.0,0.0,0.0,25.0,0.1,7.0,805.0
582,596,HEA,potentiodynamic,4,25.0,23.0,26.0,0.0,0.0,0.0,0.0,0.0,0.0,0.0,0.0,0.0,0.0,0.0,0.0,0.0,0.0,0.0,0.0,26.0,0.0,0.0,0.0,0.0,25.0,0.1,1.0,246.0
584,598,HEA,potentiodynamic,3,23.4,21.8,24.6,0.0,0.0,0.0,0.0,0.0,0.0,0.0,0.0,0.0,0.0,5.6,0.0,0.0,0.0,0.0,0.0,24.7,0.0,0.0,0.0,0.0,25.0,0.6128,7.0,496.0
586,600,HEA,potentiodynamic,1,19.98,18.4,40.84,0.0,0.0,0.0011,0.0,0.0165,0.0,0.0,0.0,0.0,0.001,0.0,0.0,0.0,0.0,0.0,0.0,20.67,0.0,0.0,0.0,0.0,25.0,0.6128,7.0,320.0
589,603,NiCrMo Alloy,potentiostatic,3,0.0,20.53,74.55,4.92,0.0,0.0,0.0,0.0,0.0,0.0,0.0,0.0,0.0,0.0,0.0,0.0,0.0,0.0,0.0,0.0,0.0,0.0,0.0,0.0,45.0,0.5,7.0,576.8
590,606,NiCrMo Alloy,potentiostatic,4,0.0,16.75,73.56,9.69,0.0,0.0,0.0,0.0,0.0,0.0,0.0,0.0,0.0,0.0,0.0,0.0,0.0,0.0,0.0,0.0,0.0,0.0,0.0,0.0,45.0,0.5,7.0,576.8
591,607,NiCrMo Alloy,potentiostatic,3,0.0,32.02,62.82,5.16,0.0,0.0,0.0,0.0,0.0,0.0,0.0,0.0,0.0,0.0,0.0,0.0,0.0,0.0,0.0,0.0,0.0,0.0,0.0,0.0,45.0,0.5,7.0,567.8
592,609,NiCrMo Alloy,potentiostatic,1,0.0,13.98,74.36,11.66,0.0,0.0,0.0,0.0,0.0,0.0,0.0,0.0,0.0,0.0,0.0,0.0,0.0,0.0,0.0,0.0,0.0,0.0,0.0,0.0,45.0,0.5,7.0,531.8
593,610,NiCrMo Alloy,potentiostatic,2,0.0,10.53,74.44,15.03,0.0,0.0,0.0,0.0,0.0,0.0,0.0,0.0,0.0,0.0,0.0,0.0,0.0,0.0,0.0,0.0,0.0,0.0,0.0,0.0,45.0,0.5,7.0,536.3
595,621,NiCrMo Alloy,potentiostatic,3,0.0,26.34,54.35,19.3,0.0,0.0,0.0,0.0,0.0,0.0,0.0,0.0,0.0,0.0,0.0,0.0,0.0,0.0,0.0,0.0,0.0,0.0,0.0,0.0,45.0,0.5,7.0,527.3
597,626,NiCrMo Alloy,potentiostatic,3,0.0,20.53,74.55,4.92,0.0,0.0,0.0,0.0,0.0,0.0,0.0,0.0,0.0,0.0,0.0,0.0,0.0,0.0,0.0,0.0,0.0,0.0,0.0,0.0,60.0,0.5,7.0,445.3
598,627,NiCrMo Alloy,potentiostatic,4,0.0,16.95,74.64,8.41,0.0,0.0,0.0,0.0,0.0,0.0,0.0,0.0,0.0,0.0,0.0,0.0,0.0,0.0,0.0,0.0,0.0,0.0,0.0,0.0,60.0,0.5,7.0,477.5
599,628,NiCrMo Alloy,potentiostatic,1,0.0,28.67,65.94,5.38,0.0,0.0,0.0,0.0,0.0,0.0,0.0,0.0,0.0,0.0,0.0,0.0,0.0,0.0,0.0,0.0,0.0,0.0,0.0,0.0,60.0,0.5,7.0,554.7
600,629,NiCrMo Alloy,potentiostatic,4,0.0,16.75,73.56,9.69,0.0,0.0,0.0,0.0,0.0,0.0,0.0,0.0,0.0,0.0,0.0,0.0,0.0,0.0,0.0,0.0,0.0,0.0,0.0,0.0,60.0,0.5,7.0,496.8
601,630,NiCrMo Alloy,potentiostatic,3,0.0,32.02,62.82,5.16,0.0,0.0,0.0,0.0,0.0,0.0,0.0,0.0,0.0,0.0,0.0,0.0,0.0,0.0,0.0,0.0,0.0,0.0,0.0,0.0,60.0,0.5,7.0,348.9
602,631,NiCrMo Alloy,potentiostatic,4,0.0,26.63,66.5,6.87,0.0,0.0,0.0,0.0,0.0,0.0,0.0,0.0,0.0,0.0,0.0,0.0,0.0,0.0,0.0,0.0,0.0,0.0,0.0,0.0,60.0,0.5,7.0,580.4
603,632,NiCrMo Alloy,potentiostatic,1,0.0,13.98,74.36,11.66,0.0,0.0,0.0,0.0,0.0,0.0,0.0,0.0,0.0,0.0,0.0,0.0,0.0,0.0,0.0,0.0,0.0,0.0,0.0,0.0,60.0,0.5,7.0,438.9
604,633,NiCrMo Alloy,potentiostatic,2,0.0,10.53,74.44,15.03,0.0,0.0,0.0,0.0,0.0,0.0,0.0,0.0,0.0,0.0,0.0,0.0,0.0,0.0,0.0,0.0,0.0,0.0,0.0,0.0,60.0,0.5,7.0,368.2
606,637,NiCrMo Alloy,potentiostatic,2,0.0,18.3,66.67,15.03,0.0,0.0,0.0,0.0,0.0,0.0,0.0,0.0,0.0,0.0,0.0,0.0,0.0,0.0,0.0,0.0,0.0,0.0,0.0,0.0,60.0,0.5,7.0,503.2
607,641,NiCrMo Alloy,potentiostatic,5,0.0,9.52,69.41,21.07,0.0,0.0,0.0,0.0,0.0,0.0,0.0,0.0,0.0,0.0,0.0,0.0,0.0,0.0,0.0,0.0,0.0,0.0,0.0,0.0,60.0,0.5,7.0,561.1
608,646,NiCrMo Alloy,potentiostatic,1,0.0,19.04,57.97,22.98,0.0,0.0,0.0,0.0,0.0,0.0,0.0,0.0,0.0,0.0,0.0,0.0,0.0,0.0,0.0,0.0,0.0,0.0,0.0,0.0,60.0,0.5,7.0,561.1
610,649,NiCrMo Alloy,potentiostatic,3,0.0,20.53,74.55,4.92,0.0,0.0,0.0,0.0,0.0,0.0,0.0,0.0,0.0,0.0,0.0,0.0,0.0,0.0,0.0,0.0,0.0,0.0,0.0,0.0,75.0,0.5,7.0,541.8
611,650,NiCrMo Alloy,potentiostatic,4,0.0,16.95,74.64,8.41,0.0,0.0,0.0,0.0,0.0,0.0,0.0,0.0,0.0,0.0,0.0,0.0,0.0,0.0,0.0,0.0,0.0,0.0,0.0,0.0,75.0,0.5,7.0,228.3
612,651,NiCrMo Alloy,potentiostatic,1,0.0,28.67,65.94,5.38,0.0,0.0,0.0,0.0,0.0,0.0,0.0,0.0,0.0,0.0,0.0,0.0,0.0,0.0,0.0,0.0,0.0,0.0,0.0,0.0,75.0,0.5,7.0,561.1
613,652,NiCrMo Alloy,potentiostatic,4,0.0,16.75,73.56,9.69,0.0,0.0,0.0,0.0,0.0,0.0,0.0,0.0,0.0,0.0,0.0,0.0,0.0,0.0,0.0,0.0,0.0,0.0,0.0,0.0,75.0,0.5,7.0,368.2
614,653,NiCrMo Alloy,potentiostatic,3,0.0,32.02,62.82,5.16,0.0,0.0,0.0,0.0,0.0,0.0,0.0,0.0,0.0,0.0,0.0,0.0,0.0,0.0,0.0,0.0,0.0,0.0,0.0,0.0,75.0,0.5,7.0,411.6
615,655,NiCrMo Alloy,potentiostatic,1,0.0,13.98,74.36,11.66,0.0,0.0,0.0,0.0,0.0,0.0,0.0,0.0,0.0,0.0,0.0,0.0,0.0,0.0,0.0,0.0,0.0,0.0,0.0,0.0,75.0,0.5,7.0,435.7
616,656,NiCrMo Alloy,potentiostatic,2,0.0,10.53,74.44,15.03,0.0,0.0,0.0,0.0,0.0,0.0,0.0,0.0,0.0,0.0,0.0,0.0,0.0,0.0,0.0,0.0,0.0,0.0,0.0,0.0,75.0,0.5,7.0,377.8
618,658,NiCrMo Alloy,potentiostatic,1,0.0,22.59,65.14,12.27,0.0,0.0,0.0,0.0,0.0,0.0,0.0,0.0,0.0,0.0,0.0,0.0,0.0,0.0,0.0,0.0,0.0,0.0,0.0,0.0,75.0,0.5,7.0,570.7
620,660,NiCrMo Alloy,potentiostatic,2,0.0,18.3,66.67,15.03,0.0,0.0,0.0,0.0,0.0,0.0,0.0,0.0,0.0,0.0,0.0,0.0,0.0,0.0,0.0,0.0,0.0,0.0,0.0,0.0,75.0,0.5,7.0,585.2
621,664,NiCrMo Alloy,potentiostatic,5,0.0,9.52,69.41,21.07,0.0,0.0,0.0,0.0,0.0,0.0,0.0,0.0,0.0,0.0,0.0,0.0,0.0,0.0,0.0,0.0,0.0,0.0,0.0,0.0,75.0,0.5,7.0,426.0
622,669,NiCrMo Alloy,potentiostatic,1,0.0,19.04,57.97,22.98,0.0,0.0,0.0,0.0,0.0,0.0,0.0,0.0,0.0,0.0,0.0,0.0,0.0,0.0,0.0,0.0,0.0,0.0,0.0,0.0,75.0,0.5,7.0,398.7
624,672,NiCrMo Alloy,potentiostatic,3,0.0,20.53,74.55,4.92,0.0,0.0,0.0,0.0,0.0,0.0,0.0,0.0,0.0,0.0,0.0,0.0,0.0,0.0,0.0,0.0,0.0,0.0,0.0,0.0,90.0,0.5,7.0,499.0
625,673,NiCrMo Alloy,potentiostatic,4,0.0,16.95,74.64,8.41,0.0,0.0,0.0,0.0,0.0,0.0,0.0,0.0,0.0,0.0,0.0,0.0,0.0,0.0,0.0,0.0,0.0,0.0,0.0,0.0,90.0,0.5,7.0,259.8
626,674,NiCrMo Alloy,potentiostatic,1,0.0,28.67,65.94,5.38,0.0,0.0,0.0,0.0,0.0,0.0,0.0,0.0,0.0,0.0,0.0,0.0,0.0,0.0,0.0,0.0,0.0,0.0,0.0,0.0,90.0,0.5,7.0,540.8
627,675,NiCrMo Alloy,potentiostatic,4,0.0,16.75,73.56,9.69,0.0,0.0,0.0,0.0,0.0,0.0,0.0,0.0,0.0,0.0,0.0,0.0,0.0,0.0,0.0,0.0,0.0,0.0,0.0,0.0,90.0,0.5,7.0,479.7
628,676,NiCrMo Alloy,potentiostatic,3,0.0,32.02,62.82,5.16,0.0,0.0,0.0,0.0,0.0,0.0,0.0,0.0,0.0,0.0,0.0,0.0,0.0,0.0,0.0,0.0,0.0,0.0,0.0,0.0,90.0,0.5,7.0,558.8
629,678,NiCrMo Alloy,potentiostatic,1,0.0,13.98,74.36,11.66,0.0,0.0,0.0,0.0,0.0,0.0,0.0,0.0,0.0,0.0,0.0,0.0,0.0,0.0,0.0,0.0,0.0,0.0,0.0,0.0,90.0,0.5,7.0,394.9
630,679,NiCrMo Alloy,potentiostatic,2,0.0,10.53,74.44,15.03,0.0,0.0,0.0,0.0,0.0,0.0,0.0,0.0,0.0,0.0,0.0,0.0,0.0,0.0,0.0,0.0,0.0,0.0,0.0,0.0,90.0,0.5,7.0,259.2
632,681,NiCrMo Alloy,potentiostatic,1,0.0,22.59,65.14,12.27,0.0,0.0,0.0,0.0,0.0,0.0,0.0,0.0,0.0,0.0,0.0,0.0,0.0,0.0,0.0,0.0,0.0,0.0,0.0,0.0,90.0,0.5,7.0,531.8
634,683,NiCrMo Alloy,potentiostatic,2,0.0,18.3,66.67,15.03,0.0,0.0,0.0,0.0,0.0,0.0,0.0,0.0,0.0,0.0,0.0,0.0,0.0,0.0,0.0,0.0,0.0,0.0,0.0,0.0,90.0,0.5,7.0,504.8
635,686,NiCrMo Alloy,potentiostatic,2,0.0,29.27,56.08,14.64,0.0,0.0,0.0,0.0,0.0,0.0,0.0,0.0,0.0,0.0,0.0,0.0,0.0,0.0,0.0,0.0,0.0,0.0,0.0,0.0,90.0,0.5,7.0,559.0
636,687,NiCrMo Alloy,potentiostatic,5,0.0,9.52,69.41,21.07,0.0,0.0,0.0,0.0,0.0,0.0,0.0,0.0,0.0,0.0,0.0,0.0,0.0,0.0,0.0,0.0,0.0,0.0,0.0,0.0,90.0,0.5,7.0,473.3
637,690,NiCrMo Alloy,potentiostatic,3,0.0,26.34,54.35,19.3,0.0,0.0,0.0,0.0,0.0,0.0,0.0,0.0,0.0,0.0,0.0,0.0,0.0,0.0,0.0,0.0,0.0,0.0,0.0,0.0,90.0,0.5,7.0,70.7
638,692,NiCrMo Alloy,potentiostatic,1,0.0,19.04,57.97,22.98,0.0,0.0,0.0,0.0,0.0,0.0,0.0,0.0,0.0,0.0,0.0,0.0,0.0,0.0,0.0,0.0,0.0,0.0,0.0,0.0,90.0,0.5,7.0,472.0
639,694,Al Alloy,potentiodynamic,5,0.0,0.0,0.0,0.0,0.0,0.0,0.0,0.0,0.0,0.0,0.0,0.0,0.0,100.0,0.0,0.0,0.0,0.0,0.0,0.0,0.0,0.0,0.0,0.0,25.0,1.0,7.0,-530.0
640,695,Al Alloy,potentiodynamic,5,0.0,0.0,0.0,0.0,0.0,0.0,0.0,0.0,0.0,0.0,1.0,0.0,0.0,99.0,0.0,0.0,0.0,0.0,0.0,0.0,0.0,0.0,0.0,0.0,25.0,1.0,7.0,-440.0
641,696,Al Alloy,potentiodynamic,5,0.0,0.0,0.0,0.0,0.0,0.0,0.0,0.0,0.0,0.0,2.0,0.0,0.0,98.0,0.0,0.0,0.0,0.0,0.0,0.0,0.0,0.0,0.0,0.0,25.0,1.0,7.0,-410.0
642,697,Al Alloy,potentiodynamic,5,0.0,0.0,0.0,0.0,0.0,0.0,0.0,0.0,0.0,0.0,3.0,0.0,0.0,97.0,0.0,0.0,0.0,0.0,0.0,0.0,0.0,0.0,0.0,0.0,25.0,1.0,7.0,-390.0
643,698,Al Alloy,potentiodynamic,5,0.0,0.0,0.0,0.0,0.0,0.0,0.0,0.0,0.0,0.0,4.0,0.0,0.0,96.0,0.0,0.0,0.0,0.0,0.0,0.0,0.0,0.0,0.0,0.0,25.0,1.0,7.0,-360.0
644,699,Al Alloy,potentiodynamic,5,0.0,0.0,0.0,0.0,0.0,0.0,0.0,0.0,0.0,0.0,5.0,0.0,0.0,95.0,0.0,0.0,0.0,0.0,0.0,0.0,0.0,0.0,0.0,0.0,25.0,1.0,7.0,-320.0
645,700,Al Alloy,potentiodynamic,5,0.0,0.0,0.0,0.0,0.0,0.0,0.0,0.0,0.0,0.0,0.0,0.0,0.0,100.0,0.0,0.0,0.0,0.0,0.0,0.0,0.0,0.0,0.0,0.0,25.0,0.6,7.0,-650.0
646,701,Al Alloy,potentiodynamic,5,0.0,0.0,0.0,0.0,0.0,0.0,0.0,0.0,0.0,0.0,0.0,0.0,0.0,100.0,0.0,0.0,0.0,0.0,0.0,0.0,0.0,0.0,0.0,0.0,25.0,0.6,7.0,-376.0
647,702,Al Alloy,potentiodynamic,4,0.0,0.0,15.76,0.0,0.0,0.0,0.0,0.0,0.0,0.0,0.0,0.0,0.0,72.44,0.0,0.0,0.0,0.0,0.0,0.0,0.0,0.0,11.8,0.0,25.0,0.6,7.0,-237.0
649,704,Al Alloy,potentiodynamic,4,0.0,0.0,15.76,0.0,0.0,0.0,0.0,0.0,0.0,0.0,0.0,0.0,0.0,72.44,0.0,0.0,0.0,0.0,0.0,0.0,0.0,0.0,11.8,0.0,25.0,0.6,7.0,-133.0
651,706,Al Alloy,potentiodynamic,4,0.0,0.0,15.76,0.0,0.0,0.0,0.0,0.0,0.0,0.0,0.0,0.0,0.0,72.44,0.0,0.0,0.0,0.0,0.0,0.0,0.0,0.0,11.8,0.0,25.0,0.6,7.0,-143.0
653,708,Al Alloy,potentiodynamic,5,0.0,0.0,0.0,0.0,0.0,0.0,0.0,0.0,0.0,0.0,0.0,0.0,0.0,100.0,0.0,0.0,0.0,0.0,0.0,0.0,0.0,0.0,0.0,0.0,25.0,0.6,5.9,-376.0
657,712,Al Alloy,potentiostatic,5,0.0,0.0,0.0,0.0,0.0,0.0,0.0,0.0,0.0,0.0,0.0,0.0,0.0,100.0,0.0,0.0,0.0,0.0,0.0,0.0,0.0,0.0,0.0,0.0,25.0,0.1,8.0,-442.0
658,713,Al Alloy,potentiostatic,2,0.0,0.0,0.0,7.41,0.0,0.0,0.0,0.0,0.0,0.0,0.0,0.0,0.0,92.59,0.0,0.0,0.0,0.0,0.0,0.0,0.0,0.0,0.0,0.0,25.0,0.1,8.0,-325.0
659,714,Al Alloy,potentiostatic,1,0.0,0.0,0.0,23.13,0.0,0.0,0.0,0.0,0.0,0.0,0.0,0.0,0.0,76.87,0.0,0.0,0.0,0.0,0.0,0.0,0.0,0.0,0.0,0.0,25.0,0.1,8.0,-4.0
660,715,Al Alloy,potentiostatic,1,0.0,0.0,0.0,32.66,0.0,0.0,0.0,0.0,0.0,0.0,0.0,0.0,0.0,67.34,0.0,0.0,0.0,0.0,0.0,0.0,0.0,0.0,0.0,0.0,25.0,0.1,8.0,250.0
661,716,Al Alloy,potentiostatic,1,0.0,12.329999999999998,0.0,0.0,0.0,0.0,0.0,0.0,0.0,0.0,0.0,0.0,0.0,87.67,0.0,0.0,0.0,0.0,0.0,0.0,0.0,0.0,0.0,0.0,25.0,0.1,8.0,-232.0
662,717,Al Alloy,potentiostatic,3,0.0,14.349999999999994,0.0,0.0,0.0,0.0,0.0,0.0,0.0,0.0,0.0,0.0,0.0,85.65,0.0,0.0,0.0,0.0,0.0,0.0,0.0,0.0,0.0,0.0,25.0,0.1,8.0,-202.0
663,718,Al Alloy,potentiostatic,1,0.0,23.879999999999995,0.0,0.0,0.0,0.0,0.0,0.0,0.0,0.0,0.0,0.0,0.0,76.12,0.0,0.0,0.0,0.0,0.0,0.0,0.0,0.0,0.0,0.0,25.0,0.1,8.0,-247.0
664,719,Al Alloy,potentiodynamic,5,0.0,0.0,0.0,0.0,0.0,0.0,0.0,0.0,0.0,0.0,0.0,0.0,0.0,100.0,0.0,0.0,0.0,0.0,0.0,0.0,0.0,0.0,0.0,0.0,26.0,0.1,8.0,-630.0
665,720,Al Alloy,potentiodynamic,1,0.0,0.0,0.0,9.29,0.0,0.0,0.0,0.0,0.0,0.0,0.0,0.0,0.0,90.71,0.0,0.0,0.0,0.0,0.0,0.0,0.0,0.0,0.0,0.0,25.0,0.1,8.0,-485.0
668,723,Al Alloy,potentiodynamic,4,0.0,0.0,0.0,9.91,0.0,0.0,0.0,0.0,0.0,0.0,0.0,0.0,0.0,90.09,0.0,0.0,0.0,0.0,0.0,0.0,0.0,0.0,0.0,0.0,25.0,0.1,8.0,-330.0
669,724,Al Alloy,potentiodynamic,1,0.0,0.0,0.0,12.91,0.0,0.0,0.0,0.0,0.0,0.0,0.0,0.0,0.0,87.09,0.0,0.0,0.0,0.0,0.0,0.0,0.0,0.0,0.0,0.0,25.0,0.1,8.0,-330.0
670,725,Al Alloy,potentiodynamic,1,0.0,0.0,0.0,15.77,0.0,0.0,0.0,0.0,0.0,0.0,0.0,0.0,0.0,84.23,0.0,0.0,0.0,0.0,0.0,0.0,0.0,0.0,0.0,0.0,25.0,0.1,8.0,-280.0
673,728,Al Alloy,potentiostatic,5,0.0,0.0,0.0,0.0,0.0,0.0,0.0,0.0,0.0,0.0,0.0,0.0,0.0,100.0,0.0,0.0,0.0,0.0,0.0,0.0,0.0,0.0,0.0,0.0,25.0,0.01,7.0,-605.0
674,729,Al Alloy,potentiostatic,5,0.0,0.0,0.0,0.0,0.0,0.0,0.0,0.0,0.0,0.0,0.0,0.0,0.0,100.0,0.0,0.0,0.0,0.0,0.0,0.0,0.0,0.0,0.0,0.0,25.0,0.1,7.0,-685.0
675,730,Al Alloy,potentiostatic,5,0.0,0.0,0.0,0.0,0.0,0.0,0.0,0.0,0.0,0.0,0.0,0.0,0.0,100.0,0.0,0.0,0.0,0.0,0.0,0.0,0.0,0.0,0.0,0.0,25.0,0.5,7.0,-730.0
676,731,Al Alloy,potentiostatic,5,0.0,0.0,0.0,0.0,0.0,0.0,0.0,0.0,0.0,0.0,0.0,0.0,0.0,100.0,0.0,0.0,0.0,0.0,0.0,0.0,0.0,0.0,0.0,0.0,25.0,1.0,7.0,-745.0
677,732,Al Alloy,potentiostatic,5,0.0,0.0,0.0,0.0,0.0,0.0,0.0,0.0,0.0,0.0,0.0,0.0,0.0,100.0,0.0,0.0,0.0,0.0,0.0,0.0,0.0,0.0,0.0,0.0,25.0,0.1,4.0,-680.0
678,733,Al Alloy,potentiostatic,5,0.0,0.0,0.0,0.0,0.0,0.0,0.0,0.0,0.0,0.0,0.0,0.0,0.0,100.0,0.0,0.0,0.0,0.0,0.0,0.0,0.0,0.0,0.0,0.0,25.0,0.1,5.8,-685.0
679,734,Al Alloy,potentiostatic,5,0.0,0.0,0.0,0.0,0.0,0.0,0.0,0.0,0.0,0.0,0.0,0.0,0.0,100.0,0.0,0.0,0.0,0.0,0.0,0.0,0.0,0.0,0.0,0.0,25.0,0.1,8.1,-675.0
680,735,Al Alloy,potentiostatic,5,0.0,0.0,0.0,0.0,0.0,0.0,0.0,0.0,0.0,0.0,0.0,0.0,0.0,100.0,0.0,0.0,0.0,0.0,0.0,0.0,0.0,0.0,0.0,0.0,25.0,0.1,9.0,-650.0
681,736,Al Alloy,potentiostatic,5,0.0,0.0,0.0,0.0,0.0,0.0,0.0,0.0,0.0,0.0,0.0,0.0,0.0,100.0,0.0,0.0,0.0,0.0,0.0,0.0,0.0,0.0,0.0,0.0,25.0,0.1,9.4,-600.0
682,737,Al Alloy,potentiostatic,5,0.0,0.0,0.0,0.0,0.0,0.0,0.0,0.0,0.0,0.0,0.0,0.0,0.0,100.0,0.0,0.0,0.0,0.0,0.0,0.0,0.0,0.0,0.0,0.0,25.0,1.0,4.0,-770.0
683,738,Al Alloy,potentiostatic,5,0.0,0.0,0.0,0.0,0.0,0.0,0.0,0.0,0.0,0.0,0.0,0.0,0.0,100.0,0.0,0.0,0.0,0.0,0.0,0.0,0.0,0.0,0.0,0.0,25.0,1.0,5.8,-760.0
684,739,Al Alloy,potentiostatic,5,0.0,0.0,0.0,0.0,0.0,0.0,0.0,0.0,0.0,0.0,0.0,0.0,0.0,100.0,0.0,0.0,0.0,0.0,0.0,0.0,0.0,0.0,0.0,0.0,25.0,1.0,8.1,-760.0
685,740,Al Alloy,potentiostatic,5,0.0,0.0,0.0,0.0,0.0,0.0,0.0,0.0,0.0,0.0,0.0,0.0,0.0,100.0,0.0,0.0,0.0,0.0,0.0,0.0,0.0,0.0,0.0,0.0,25.0,1.0,10.2,-720.0
686,741,Al Alloy,mixed_dynamic_static,5,0.0,0.0,0.0,0.0,0.0,0.0,0.0,0.0,0.0,0.0,0.0,0.0,0.0,100.0,0.0,0.0,0.0,0.0,0.0,0.0,0.0,0.0,0.0,0.0,25.0,0.1,10.0,-500.0
687,742,Al Alloy,mixed_dynamic_static,3,0.0,0.0,0.0,0.0,0.0,0.0,15.34,0.0,0.0,0.0,0.0,0.0,0.0,84.66,0.0,0.0,0.0,0.0,0.0,0.0,0.0,0.0,0.0,0.0,25.0,0.1,10.0,-125.0
688,743,Al Alloy,mixed_dynamic_static,3,0.0,0.0,0.0,0.0,0.0,0.0,37.8,0.0,0.0,0.0,0.0,0.0,0.0,62.2,0.0,0.0,0.0,0.0,0.0,0.0,0.0,0.0,0.0,0.0,25.0,0.1,10.0,-750.0
689,744,Al Alloy,mixed_dynamic_static,4,0.0,0.0,0.0,0.0,0.0,0.0,54.75,0.0,0.0,0.0,0.0,0.0,0.0,45.25,0.0,0.0,0.0,0.0,0.0,0.0,0.0,0.0,0.0,0.0,25.0,0.1,10.0,-875.0
690,745,Al Alloy,mixed_dynamic_static,5,0.0,0.0,0.0,0.0,0.0,0.0,0.0,0.0,0.0,0.0,0.0,0.0,0.0,100.0,0.0,0.0,0.0,0.0,0.0,0.0,0.0,0.0,0.0,0.0,25.0,0.1,7.0,-690.0
691,746,Al Alloy,mixed_dynamic_static,3,0.0,0.0,0.0,0.0,0.0,0.0,15.34,0.0,0.0,0.0,0.0,0.0,0.0,84.66,0.0,0.0,0.0,0.0,0.0,0.0,0.0,0.0,0.0,0.0,25.0,0.1,7.0,-300.0
692,747,Al Alloy,mixed_dynamic_static,3,0.0,0.0,0.0,0.0,0.0,0.0,37.8,0.0,0.0,0.0,0.0,0.0,0.0,62.2,0.0,0.0,0.0,0.0,0.0,0.0,0.0,0.0,0.0,0.0,25.0,0.1,7.0,300.0
693,748,Al Alloy,mixed_dynamic_static,4,0.0,0.0,0.0,0.0,0.0,0.0,54.75,0.0,0.0,0.0,0.0,0.0,0.0,45.25,0.0,0.0,0.0,0.0,0.0,0.0,0.0,0.0,0.0,0.0,25.0,0.1,7.0,600.0
694,749,Al Alloy,mixed_dynamic_static,4,0.0,0.0,0.0,0.0,0.0,0.0,64.96,0.0,0.0,0.0,0.0,0.0,0.0,35.04,0.0,0.0,0.0,0.0,0.0,0.0,0.0,0.0,0.0,0.0,25.0,0.1,7.0,650.0
695,750,Al Alloy,mixed_dynamic_static,1,0.0,0.0,0.0,15.77,0.0,0.0,0.0,0.0,0.0,0.0,0.0,0.0,0.0,84.23,0.0,0.0,0.0,0.0,0.0,0.0,0.0,0.0,0.0,0.0,25.0,0.1,10.0,0.0
696,751,Al Alloy,mixed_dynamic_static,3,0.0,0.0,0.0,28.32,0.0,0.0,0.0,0.0,0.0,0.0,0.0,0.0,0.0,71.68,0.0,0.0,0.0,0.0,0.0,0.0,0.0,0.0,0.0,0.0,25.0,0.1,10.0,100.0
701,756,Other,mixed_dynamic_static,2,0.0,0.0,0.0,62.06,0.0,0.0,0.0,0.0,0.0,0.0,0.0,0.0,0.0,37.94,0.0,0.0,0.0,0.0,0.0,0.0,0.0,0.0,0.0,0.0,25.0,0.1,10.0,975.0
702,757,Al Alloy,mixed_dynamic_static,1,0.0,0.0,0.0,15.77,0.0,0.0,0.0,0.0,0.0,0.0,0.0,0.0,0.0,84.23,0.0,0.0,0.0,0.0,0.0,0.0,0.0,0.0,0.0,0.0,25.0,0.1,7.0,0.0
703,758,Al Alloy,mixed_dynamic_static,3,0.0,0.0,0.0,28.32,0.0,0.0,0.0,0.0,0.0,0.0,0.0,0.0,0.0,71.68,0.0,0.0,0.0,0.0,0.0,0.0,0.0,0.0,0.0,0.0,25.0,0.1,7.0,250.0
704,759,Al Alloy,mixed_dynamic_static,1,0.0,0.0,0.0,41.27,0.0,0.0,0.0,0.0,0.0,0.0,0.0,0.0,0.0,58.73,0.0,0.0,0.0,0.0,0.0,0.0,0.0,0.0,0.0,0.0,25.0,0.1,7.0,525.0
707,762,Other,mixed_dynamic_static,2,0.0,0.0,0.0,72.03,0.0,0.0,0.0,0.0,0.0,0.0,0.0,0.0,0.0,27.97,0.0,0.0,0.0,0.0,0.0,0.0,0.0,0.0,0.0,0.0,25.0,0.1,7.0,975.0
708,763,Al Alloy,mixed_dynamic_static,2,0.0,4.71,0.0,0.0,0.0,0.0,0.0,0.0,0.0,0.0,0.0,0.0,0.0,95.29,0.0,0.0,0.0,0.0,0.0,0.0,0.0,0.0,0.0,0.0,25.0,0.1,10.0,0.0
709,764,Al Alloy,mixed_dynamic_static,1,0.0,20.03,0.0,0.0,0.0,0.0,0.0,0.0,0.0,0.0,0.0,0.0,0.0,79.97,0.0,0.0,0.0,0.0,0.0,0.0,0.0,0.0,0.0,0.0,25.0,0.1,10.0,300.0
710,765,Al Alloy,mixed_dynamic_static,2,0.0,45.23,0.0,0.0,0.0,0.0,0.0,0.0,0.0,0.0,0.0,0.0,0.0,54.77,0.0,0.0,0.0,0.0,0.0,0.0,0.0,0.0,0.0,0.0,25.0,0.1,10.0,500.0
711,766,Al Alloy,mixed_dynamic_static,4,0.0,9.21,0.0,0.0,0.0,0.0,0.0,0.0,0.0,0.0,0.0,0.0,0.0,90.79,0.0,0.0,0.0,0.0,0.0,0.0,0.0,0.0,0.0,0.0,25.0,0.1,7.0,-150.0
712,767,Al Alloy,mixed_dynamic_static,2,0.0,26.12,0.0,0.0,0.0,0.0,0.0,0.0,0.0,0.0,0.0,0.0,0.0,73.88,0.0,0.0,0.0,0.0,0.0,0.0,0.0,0.0,0.0,0.0,25.0,0.1,7.0,-125.0
714,769,Al Alloy,mixed_dynamic_static,2,0.0,39.74,0.0,0.0,0.0,0.0,0.0,0.0,0.0,0.0,0.0,0.0,0.0,60.26,0.0,0.0,0.0,0.0,0.0,0.0,0.0,0.0,0.0,0.0,25.0,0.1,7.0,-100.0
715,770,Al Alloy,mixed_dynamic_static,2,0.0,50.37,0.0,0.0,0.0,0.0,0.0,0.0,0.0,0.0,0.0,0.0,0.0,49.63,0.0,0.0,0.0,0.0,0.0,0.0,0.0,0.0,0.0,0.0,25.0,0.1,7.0,0.0
716,771,Al Alloy,mixed_dynamic_static,1,0.0,54.15,0.0,0.0,0.0,0.0,0.0,0.0,0.0,0.0,0.0,0.0,0.0,45.85,0.0,0.0,0.0,0.0,0.0,0.0,0.0,0.0,0.0,0.0,25.0,0.1,7.0,425.0
717,772,Other,mixed_dynamic_static,2,0.0,60.71,0.0,0.0,0.0,0.0,0.0,0.0,0.0,0.0,0.0,0.0,0.0,39.29,0.0,0.0,0.0,0.0,0.0,0.0,0.0,0.0,0.0,0.0,25.0,0.1,7.0,1000.0
718,773,Al Alloy,mixed_dynamic_static,2,0.0,0.0,0.0,0.0,27.21,,0.0,,,,,,,72.29,0.0,0.0,0.0,0.0,0.0,0.0,0.0,0.0,0.0,0.0,25.0,0.1,7.0,-60.0
719,774,Al Alloy,potentiodynamic,5,0.0,0.0,0.0,0.0,0.0,0.0,0.0,0.0,0.0,0.0,0.0,0.0,0.0,100.0,0.0,0.0,0.0,0.0,0.0,0.0,0.0,0.0,0.0,0.0,25.0,0.6,6.0,-550.0
720,775,Al Alloy,potentiodynamic,2,0.0,0.0,0.0,0.0,0.0,0.0,0.0,0.0,0.0,0.0,0.0,0.0,0.0,74.46,0.0,0.0,0.0,12.89,0.0,12.65,0.0,0.0,0.0,0.0,25.0,0.6,6.0,-214.0
721,776,Al Alloy,potentiodynamic,2,0.0,0.0,0.0,0.0,0.0,0.0,0.0,0.0,0.0,0.0,0.0,0.0,0.0,67.79,0.0,0.0,0.0,17.4,0.0,14.81,0.0,0.0,0.0,0.0,25.0,0.6,6.0,-218.0
722,777,Al Alloy,potentiodynamic,4,0.0,0.0,0.0,0.0,0.0,0.0,0.0,0.0,0.0,0.0,0.0,0.0,0.0,65.19,0.0,0.0,0.0,23.35,0.0,11.46,0.0,0.0,0.0,0.0,25.0,0.6,6.0,-252.0
723,778,Al Alloy,potentiodynamic,4,0.0,0.0,0.0,0.0,0.0,0.0,0.0,0.0,0.0,0.0,0.0,0.0,0.0,65.19,0.0,0.0,0.0,23.35,0.0,11.46,0.0,0.0,0.0,0.0,25.0,0.6,6.0,-583.0
730,785,Al Alloy,potentiodynamic,2,0.0,0.0,0.0,0.0,0.0,0.0,0.0,0.0,0.0,0.0,0.0,0.0,0.0,67.72,0.0,0.0,0.0,27.35,0.0,4.93,0.0,0.0,0.0,0.0,25.0,0.6,7.0,-280.0
731,786,Al Alloy,potentiodynamic,2,0.0,0.0,0.0,0.0,0.0,0.0,0.0,0.0,0.0,0.0,0.0,0.0,0.0,67.72,0.0,0.0,0.0,27.35,0.0,4.93,0.0,0.0,0.0,0.0,25.0,0.6,7.0,-390.0
732,787,Al Alloy,potentiodynamic,2,0.0,0.0,0.0,0.0,0.0,0.0,0.0,0.0,0.0,0.0,0.0,0.0,0.0,67.72,0.0,0.0,0.0,27.35,0.0,4.93,0.0,0.0,0.0,0.0,25.0,0.6,7.0,-420.0
733,788,Al Alloy,potentiodynamic,2,0.0,0.0,0.0,0.0,0.0,0.0,0.0,0.0,0.0,0.0,0.0,0.0,0.0,67.72,0.0,0.0,0.0,27.35,0.0,4.93,0.0,0.0,0.0,0.0,25.0,0.6,7.0,-450.0
734,789,Al Alloy,potentiodynamic,2,0.0,0.0,0.0,0.0,0.0,0.0,0.0,0.0,0.0,0.0,0.0,0.0,0.0,67.72,0.0,0.0,0.0,27.35,0.0,4.93,0.0,0.0,0.0,0.0,25.0,0.6,7.0,-690.0
735,790,Al Alloy,potentiodynamic,3,0.0,0.0,11.1,0.0,0.0,0.0,0.0,0.0,0.0,0.0,0.0,0.0,0.0,63.41,0.0,0.0,0.0,0.0,0.0,0.0,0.0,0.0,0.0,25.49,25.0,0.6,7.0,-290.0
736,791,Al Alloy,potentiodynamic,3,0.0,0.0,11.1,0.0,0.0,0.0,0.0,0.0,0.0,0.0,0.0,0.0,0.0,63.41,0.0,0.0,0.0,0.0,0.0,0.0,0.0,0.0,0.0,25.49,25.0,0.6,7.0,-240.0
737,792,Al Alloy,potentiodynamic,3,0.0,0.0,11.1,0.0,0.0,0.0,0.0,0.0,0.0,0.0,0.0,0.0,0.0,63.41,0.0,0.0,0.0,0.0,0.0,0.0,0.0,0.0,0.0,25.49,25.0,0.6,7.0,-195.0
738,793,Al Alloy,potentiodynamic,3,9.78,0.0,0.0,0.0,0.0,0.0,0.0,0.0,0.0,0.0,0.0,0.0,0.0,58.74,0.0,0.0,0.0,0.0,0.0,0.0,0.0,0.0,0.0,31.48,25.0,0.6,7.0,-200.0
739,794,Al Alloy,potentiodynamic,3,9.78,0.0,0.0,0.0,0.0,0.0,0.0,0.0,0.0,0.0,0.0,0.0,0.0,58.74,0.0,0.0,0.0,0.0,0.0,0.0,0.0,0.0,0.0,31.48,25.0,0.6,7.0,300.0
740,795,Al Alloy,potentiostatic,5,0.0,0.0,0.0,0.0,0.0,0.0,0.0,0.0,0.0,0.0,4.0,0.0,0.0,96.0,0.0,0.0,0.0,0.0,0.0,0.0,0.0,0.0,0.0,0.0,25.0,0.01,7.0,-541.0
741,796,Al Alloy,potentiostatic,5,0.0,0.0,0.0,0.0,0.0,0.0,0.0,0.0,0.0,0.0,4.0,0.0,0.0,96.0,0.0,0.0,0.0,0.0,0.0,0.0,0.0,0.0,0.0,0.0,25.0,0.1,7.0,-591.0
742,797,Al Alloy,potentiostatic,5,0.0,0.0,0.0,0.0,0.0,0.0,0.0,0.0,0.0,0.0,4.0,0.0,0.0,96.0,0.0,0.0,0.0,0.0,0.0,0.0,0.0,0.0,0.0,0.0,25.0,1.0,7.0,-631.0
743,798,Al Alloy,potentiostatic,5,0.0,0.0,0.0,0.0,0.0,0.0,0.0,0.0,0.0,0.0,4.0,0.0,0.0,96.0,0.0,0.0,0.0,0.0,0.0,0.0,0.0,0.0,0.0,0.0,25.0,5.0,7.0,-671.0
744,799,Al Alloy,potentiostatic,5,0.0,0.0,0.0,0.0,0.0,0.0,0.0,0.0,0.0,0.0,0.2,0.0,0.0,99.8,0.0,0.0,0.0,0.0,0.0,0.0,0.0,0.0,0.0,0.0,25.0,0.01,7.0,-631.0
745,800,Al Alloy,potentiostatic,5,0.0,0.0,0.0,0.0,0.0,0.0,0.0,0.0,0.0,0.0,0.2,0.0,0.0,99.8,0.0,0.0,0.0,0.0,0.0,0.0,0.0,0.0,0.0,0.0,25.0,0.1,7.0,-701.0
746,801,Al Alloy,potentiostatic,5,0.0,0.0,0.0,0.0,0.0,0.0,0.0,0.0,0.0,0.0,0.2,0.0,0.0,99.8,0.0,0.0,0.0,0.0,0.0,0.0,0.0,0.0,0.0,0.0,25.0,1.0,7.0,-761.0
748,803,Al Alloy,potentiostatic,5,0.0007,0.0,0.0,0.0,0.0,0.0,0.0,0.0,0.0016,0.0,0.0039,0.0,0.0,99.99,0.0,0.0,0.0,0.0,0.0,0.0,0.0,0.0,0.0,0.0,0.0,0.1,7.0,-646.418077620128
749,804,Al Alloy,potentiostatic,5,0.0007,0.0,0.0,0.0,0.0,0.0,0.0,0.0,0.0016,0.0,0.0039,0.0,0.0,99.99,0.0,0.0,0.0,0.0,0.0,0.0,0.0,0.0,0.0,0.0,15.0,0.1,7.0,-644.58288569236
750,805,Al Alloy,potentiostatic,5,0.0007,0.0,0.0,0.0,0.0,0.0,0.0,0.0,0.0016,0.0,0.0039,0.0,0.0,99.99,0.0,0.0,0.0,0.0,0.0,0.0,0.0,0.0,0.0,0.0,25.0,0.1,7.0,-649.399448136235
751,806,Al Alloy,potentiostatic,5,0.0007,0.0,0.0,0.0,0.0,0.0,0.0,0.0,0.0016,0.0,0.0039,0.0,0.0,99.99,0.0,0.0,0.0,0.0,0.0,0.0,0.0,0.0,0.0,0.0,32.0,0.1,7.0,-653.007788136561
752,807,Al Alloy,potentiostatic,5,0.0007,0.0,0.0,0.0,0.0,0.0,0.0,0.0,0.0016,0.0,0.0039,0.0,0.0,99.99,0.0,0.0,0.0,0.0,0.0,0.0,0.0,0.0,0.0,0.0,40.0,0.1,7.0,-666.86969157673
753,808,Al Alloy,potentiostatic,5,0.0007,0.0,0.0,0.0,0.0,0.0,0.0,0.0,0.0016,0.0,0.0039,0.0,0.0,99.99,0.0,0.0,0.0,0.0,0.0,0.0,0.0,0.0,0.0,0.0,25.0,0.0,7.0,-534.0
754,809,Al Alloy,potentiostatic,5,0.0007,0.0,0.0,0.0,0.0,0.0,0.0,0.0,0.0016,0.0,0.0039,0.0,0.0,99.99,0.0,0.0,0.0,0.0,0.0,0.0,0.0,0.0,0.0,0.0,0.0,0.0,7.0,-564.0
755,810,Al Alloy,potentiostatic,5,0.0007,0.0,0.0,0.0,0.0,0.0,0.0,0.0,0.0016,0.0,0.0039,0.0,0.0,99.99,0.0,0.0,0.0,0.0,0.0,0.0,0.0,0.0,0.0,0.0,25.0,0.1,7.0,-244.0
756,811,Al Alloy,potentiostatic,5,0.0007,0.0,0.0,0.0,0.0,0.0,0.0,0.0,0.0016,0.0,0.0039,0.0,0.0,99.99,0.0,0.0,0.0,0.0,0.0,0.0,0.0,0.0,0.0,0.0,25.0,0.5,7.0,-744.0
757,812,Al Alloy,potentiostatic,5,0.48,0.002,0.0,0.0,0.0,0.0,0.0,0.0,0.08,0.004,0.1,0.0,0.0,99.4,0.0,0.0,0.0,0.0,0.0,0.0,0.0,0.0,0.0,0.0,25.0,0.1,7.0,-654.0
758,813,Al Alloy,potentiostatic,5,0.002,0.0,0.0,0.0,0.0,0.0,0.0,0.0,0.002,1.3,0.006,0.0,0.0,98.689,0.0,0.0,0.0,0.0,0.0,0.0,0.0,0.0,0.0,0.0,25.0,0.1,7.0,-694.0
759,814,Al Alloy,potentiostatic,3,0.16,0.23,0.0,0.0,0.0,0.0,0.0,0.0,0.08,0.02,0.04,0.0,0.0,97.04,0.0,0.0,0.0,0.0,0.0,0.0,0.0,2.43,0.0,0.0,25.0,0.1,7.0,-684.0
