family,scm_type,scm_status,variation,tables,draws,rejection_rate,fallback_rate,rule_pearson_count,rule_pearson_p10,rule_pearson_median,rule_pearson_p90,rule_spearman_count,rule_spearman_p10,rule_spearman_median,rule_spearman_p90,rule_mae_count,rule_mae_p10,rule_mae_median,rule_mae_p90,rule_rmse_count,rule_rmse_p10,rule_rmse_median,rule_rmse_p90,mixed_pearson_count,mixed_pearson_p10,mixed_pearson_median,mixed_pearson_p90,mixed_spearman_count,mixed_spearman_p10,mixed_spearman_median,mixed_spearman_p90,mixed_mae_count,mixed_mae_p10,mixed_mae_median,mixed_mae_p90,mixed_rmse_count,mixed_rmse_p10,mixed_rmse_median,mixed_rmse_p90
coupled_breakdown,mlp_scm,ok,0.0,8,8,0.0,0.0,8,1.0,1.0,1.0,8,1.0,1.0,1.0,8,0.0,0.0,0.0,8,0.0,0.0,0.0,8,1.0,1.0,1.0,8,1.0,1.0,1.0,8,0.0,0.0,0.0,8,0.0,0.0,0.0
coupled_breakdown,mlp_scm,ok,0.1,8,80,0.0,0.0,80,0.9993685923260136,0.9998938596275295,0.9999841878817755,80,0.9993123893587725,0.999860994385237,0.9999760925541806,80,0.00413500047012576,0.0115393769731984,0.02634704224109186,80,0.005622644208844166,0.014567859353385879,0.03553486570445487,80,0.9999646714704337,0.9999938664068277,0.9999991136186436,80,0.9999356772137185,0.9999821227804446,0.9999964438344895,80,0.0010073377692965124,0.002849679065915822,0.0060643172018387806,80,0.001331400852421868,0.003497500219249879,0.008404852309148877
coupled_breakdown,mlp_scm,ok,0.2,8,80,0.0,0.0,80,0.9972768563889416,0.9996235250346475,0.999920188840894,80,0.9973552332182963,0.9995892304734997,0.999879575405908,80,0.010388894400071536,0.02075181634310752,0.053144421527700596,80,0.012634155227641407,0.027439902379942233,0.07379019535719553,80,0.9998505327729732,0.9999770395892909,0.9999951831944676,80,0.9997133621075028,0.9999602809169587,0.9999899707638937,80,0.0024019040691429794,0.005103469727863796,0.01267738152280239,80,0.0031031511804204227,0.006776407446883669,0.01727591935703708
coupled_breakdown,mlp_scm,ok,0.3,8,80,0.0,0.0,80,0.9959583164845665,0.9989856241000412,0.9999237698391851,80,0.9962461532615693,0.9989253663453972,0.9998678217312782,80,0.01075117881703136,0.03338827164992608,0.06557514737403666,80,0.012347410621460992,0.045041468820593594,0.08990373906117059,80,0.9997630889894402,0.9999410841984575,0.9999951416279614,80,0.9996470083840465,0.9998952316983765,0.9999865517822956,80,0.0026791496171597374,0.008228435320717153,0.01606543744988756,80,0.0031170264388471476,0.010846837942086402,0.02176695032270564
coupled_breakdown,mlp_scm,ok,0.5,8,80,0.0,0.0,80,0.9818049539184841,0.9980400578937024,0.9996792924339252,80,0.9829331883448966,0.9978679882519133,0.9996353935698447,80,0.01867154916320999,0.04840002152516831,0.14142589005662035,80,0.025291079847780198,0.06260896407042427,0.190722795669563,80,0.9989304685725074,0.9998822567982268,0.9999825735353756,80,0.9984360706047491,0.9997658317538087,0.9999671283795865,80,0.0044708976011108344,0.011736720038300064,0.03418506478170827,80,0.005901109741967558,0.015344866466686004,0.046242886238522796
coupled_breakdown,mlp_scm,ok,0.8,8,80,0.09090909090909091,0.0,80,0.9628633197956449,0.9926686408605119,0.9991383083961444,80,0.9654314694943136,0.9929514106197697,0.999082500357628,80,0.03204272962783818,0.09055983480250518,0.2028491253448579,80,0.041513621221445196,0.12104791311543274,0.27252053095232703,80,0.9978528767306986,0.9995659921459774,0.9999497529011735,80,0.9970829496280665,0.9993923114405263,0.9998818552857449,80,0.007882140332054633,0.02248750054789639,0.04800374340013749,80,0.010024672119277801,0.029424185149911446,0.06552503815161488
coupled_breakdown,tree_scm,ok,0.0,8,8,0.0,0.0,8,1.0,1.0,1.0,8,1.0,1.0,1.0,8,0.0,0.0,0.0,8,0.0,0.0,0.0,8,1.0,1.0,1.0,8,1.0,1.0,1.0,8,0.0,0.0,0.0,8,0.0,0.0,0.0
coupled_breakdown,tree_scm,ok,0.1,8,80,0.0,0.0,80,0.9994720460096541,0.9999021871980924,0.9999901578901877,80,0.9994549556093983,0.9998721646788498,0.9999778661665831,80,0.0036970822781881908,0.01041398434475127,0.023906831297438206,80,0.00443663397028848,0.013986566371304632,0.03249446795243809,80,0.9999678596811139,0.9999940353950256,0.9999993899839974,80,0.9998689348490809,0.9999773073725056,0.9999963767792003,80,0.000917219334850472,0.0025538094234889286,0.00580410144734458,80,0.0011045205441502942,0.003453644312019239,0.008017516840018985
coupled_breakdown,tree_scm,ok,0.2,8,80,0.0,0.0,80,0.9979142517772407,0.9995727049521743,0.9999338534688782,80,0.9978209310850441,0.999528567788427,0.9998998965113367,80,0.00932065957157704,0.0214432345744342,0.04679658815541644,80,0.011501721694086668,0.02921215752742056,0.06458709641043159,80,0.9998757031098588,0.9999728126704557,0.9999961933397249,80,0.9996050085830771,0.9999191257331379,0.9999823421071454,80,0.002243305440914245,0.0054656984622099,0.011381055387860073,80,0.002759019877067383,0.007363113337621055,0.015766656781693582
coupled_breakdown,tree_scm,ok,0.3,8,80,0.0,0.0,80,0.995594313353132,0.9986425047349275,0.9998103280207601,80,0.995658537702954,0.9986233549102352,0.9997584087332808,80,0.014604529810662825,0.03800285771055201,0.06921465973974536,80,0.019465661300651273,0.05210545091540082,0.09386821085947286,80,0.9997215882509968,0.9999157389579416,0.9999899992045461,80,0.9989039198286959,0.999792760040412,0.9999636672090694,80,0.0035665168594895213,0.00939485353781322,0.01726204071154314,80,0.004472304037965812,0.012981569761039558,0.023597092434355902
coupled_breakdown,tree_scm,ok,0.5,8,80,0.0,0.0,80,0.9872540478667015,0.9961194193804909,0.9994845984586558,80,0.9872426887382875,0.9959769843895285,0.9993878388527286,80,0.026128268033306767,0.06577613272321514,0.11541316492484474,80,0.032105097288543966,0.08809658977498078,0.15966172697976594,80,0.9992012593206094,0.9997609723269685,0.9999678156782638,80,0.9962773596756311,0.9994785110149489,0.9998823760818254,80,0.0064582292506997875,0.01636804612522802,0.028754732263616495,80,0.008022977179805036,0.021864408164096558,0.03996833224077477
coupled_breakdown,tree_scm,ok,0.8,8,80,0.058823529411764705,0.0,80,0.9665068807999495,0.9908671303150978,0.9991069386220872,80,0.9671674895840783,0.9916487666297116,0.9988523598991488,80,0.033913089598880224,0.10038667921597266,0.19036052053793356,80,0.04202554518880638,0.13514161142613063,0.2588144761630257,80,0.9980034640982159,0.9994158196306905,0.9999486468819512,80,0.9910086244277949,0.9986075857413632,0.9998780532508403,80,0.007746081499599545,0.02534617496482383,0.047168785867128804,80,0.010082113419975176,0.03417770271443086,0.06318239954829397
cr_mow_synergy,mlp_scm,failure_sentinel,0.0,1,1,0.0,0.0,1,1.0,1.0,1.0,1,1.0,1.0,1.0,1,0.0,0.0,0.0,1,0.0,0.0,0.0,1,1.0,1.0,1.0,1,1.0,1.0,1.0,1,0.0,0.0,0.0,1,0.0,0.0,0.0
cr_mow_synergy,mlp_scm,failure_sentinel,0.1,1,10,0.0,0.0,10,0.9992247906385507,0.9996304584427149,0.999952996594059,10,0.9990964210356912,0.9995702147110364,0.9999365053465417,10,0.008100112465308484,0.021895716876118243,0.03257969862569787,10,0.009590828389650632,0.027179261637004,0.039288739641850194,10,0.9992247906947559,0.9996304584168556,0.9999529966057779,10,0.9990964210356912,0.9995702147110364,0.9999365053465417,10,0.008100112012300542,0.02189571906538479,0.032579697443956945,10,0.009590827188337519,0.027179262091334803,0.0392887382143285
cr_mow_synergy,mlp_scm,failure_sentinel,0.2,1,10,0.0,0.0,10,0.9966298460439553,0.9980614782344621,0.9993030211109253,10,0.9965018454087289,0.9981620648111722,0.9993610960857592,10,0.028361136278749654,0.0475559988457519,0.06683120028366715,10,0.03725412162923673,0.062260130714844444,0.08209583104467197,10,0.9966298460536852,0.9980614781331225,0.9993030211444951,10,0.9965018454087289,0.9981620648111722,0.9993610960857592,10,0.028361136249350237,0.04755599898686569,0.06683119856710391,10,0.037254120753339816,0.06226013235311547,0.0820958309475678
cr_mow_synergy,mlp_scm,failure_sentinel,0.3,1,10,0.0,0.0,10,0.9841363755655033,0.9927425774976049,0.9944472165398712,10,0.9821926196713396,0.9929649781399756,0.9948590207245547,10,0.08142550530056099,0.09534330950617687,0.14657596698918027,10,0.10316996630725372,0.12046068374616775,0.17804982632872085,10,0.9841363758055243,0.9927425774538046,0.994447216633505,10,0.9821926196713396,0.9929649781399756,0.9948590207245547,10,0.08142550561323106,0.09534330863829155,0.146575964579052,10,0.10316996510089538,0.12046068417826011,0.17804982430948424
cr_mow_synergy,mlp_scm,failure_sentinel,0.5,1,10,0.0,0.0,10,0.9697826836480313,0.9951344272794693,0.998806586222476,10,0.971173818485802,0.9957155414044059,0.9989368249767542,10,0.03337793425039308,0.06475313719613496,0.19296650599925438,10,0.04730807941600836,0.09857864738319777,0.24364428080600672,10,0.9697826838858098,0.9951344273491358,0.9988065862204752,10,0.971173818485802,0.9957155414044059,0.9989368249767542,10,0.03337793471351915,0.06475313771579749,0.1929665054554334,10,0.04730807937526682,0.09857864673555186,0.24364427977580336
cr_mow_synergy,mlp_scm,failure_sentinel,0.8,1,10,0.0,0.0,10,0.9430208643928008,0.9830301851401869,0.9978930841196842,10,0.9363558613028394,0.983672400266433,0.9982948175202059,10,0.04729574923778159,0.13600727136599744,0.273838706348809,10,0.06479222116269434,0.18415387221983553,0.33530861297577264,10,0.9430208643732224,0.9830301850829606,0.9978930842649885,10,0.9363558613028394,0.983672400266433,0.9982948175202059,10,0.04729574665372525,0.13600727149926684,0.27383870629995355,10,0.06479221898286097,0.1841538726602249,0.3353086127932994
cr_mow_synergy,mlp_scm,ok,0.0,7,7,0.0,0.0,7,1.0,1.0,1.0,7,1.0,1.0,1.0,7,0.0,0.0,0.0,7,0.0,0.0,0.0,7,1.0,1.0,1.0,7,1.0,1.0,1.0,7,0.0,0.0,0.0,7,0.0,0.0,0.0
cr_mow_synergy,mlp_scm,ok,0.1,7,70,0.0,0.0,70,0.9990975480955386,0.9997724682172642,0.9999776215183311,70,0.99913336067699,0.9997823944102711,0.9999728381374721,70,0.005219755771884493,0.016871041988223645,0.03303826131571555,70,0.006688513209945812,0.021331446958322828,0.042448216236139154,70,0.9999433684893373,0.9999869872413096,0.9999987342943154,70,0.9999193380748872,0.9999750442564909,0.9999957084614833,70,0.0013180345596481404,0.004081928360932352,0.008189439187740179,70,0.0015910376620591514,0.005101151643751061,0.01063298702916459
cr_mow_synergy,mlp_scm,ok,0.2,7,70,0.0,0.0,70,0.9960573042726732,0.999120079666922,0.9997939507223464,70,0.9957360994385235,0.999122000393391,0.9997909584883055,70,0.015987563140396333,0.033438615387581194,0.0730738987338242,70,0.020300210268703194,0.04194629262554386,0.08879700553720868,70,0.9997561637234339,0.999946331845778,0.9999875429470848,70,0.9996385351101493,0.9999210759244688,0.9999756444013302,70,0.0039303941878774395,0.008273567016914285,0.01790922720222632,70,0.0049913877229426935,0.01035988960754481,0.022083213697048323
cr_mow_synergy,mlp_scm,ok,0.3,7,70,0.0,0.0,70,0.9884845654883537,0.9975842969396146,0.9995664072108,70,0.9884426386703382,0.9978583490540733,0.9995529557971533,70,0.02345810908140891,0.051947199891845486,0.12142507437976634,70,0.02942089998907009,0.06944843291684269,0.1517590379478497,70,0.9993030780586437,0.9998567332333599,0.9999734266370615,70,0.9991074896287818,0.9997963530863313,0.9999556205743507,70,0.005807249742314369,0.01286130834779442,0.030001766182135726,70,0.007284495965648202,0.016913813675278503,0.037333077398383985
cr_mow_synergy,mlp_scm,ok,0.5,7,70,0.0,0.0,70,0.9718378305808169,0.9935670544664461,0.9992888968449087,70,0.973145410512481,0.9939479583899578,0.9993400519007938,70,0.029461886050771113,0.09010286487082908,0.1897190483956223,70,0.037711987715281114,0.1134269949172322,0.23730989853512083,70,0.9982471221800578,0.9996096305201445,0.9999556601495249,70,0.9979882250911949,0.999530149175667,0.9999317094961978,70,0.007368428522461912,0.02218678152542708,0.04695411964988523,70,0.009416382166676842,0.027940136643293482,0.059209351458190125
cr_mow_synergy,mlp_scm,ok,0.8,7,70,0.0,0.0,70,0.9259409960940269,0.983806903225343,0.9969185797272972,70,0.9289898534171376,0.9837101356304985,0.9968896716973034,70,0.06326771637727156,0.14833729214942082,0.3106416334170092,70,0.07849656374469731,0.17995253454854354,0.3848571211707543,70,0.9955828299146142,0.9990466197658434,0.9998065802994021,70,0.9943012436520992,0.9986926006723409,0.9997477748819827,70,0.0159826670589041,0.0360981825573532,0.0765150101499085,70,0.01966705314649756,0.04366595929848528,0.09399079419027204
cr_mow_synergy,tree_scm,ok,0.0,8,8,0.0,0.0,8,1.0,1.0,1.0,8,1.0,1.0,1.0,8,0.0,0.0,0.0,8,0.0,0.0,0.0,8,1.0,1.0,1.0,8,1.0,1.0,1.0,8,0.0,0.0,0.0,8,0.0,0.0,0.0
cr_mow_synergy,tree_scm,ok,0.1,8,80,0.0,0.0,80,0.9991724843427061,0.9998516463390066,0.9999770297788253,80,0.9991332176257063,0.9998429285727057,0.9999656866908493,80,0.005252278992654169,0.012864326201791343,0.033185387322174624,80,0.006777431341401997,0.01722491969640836,0.04068207568685377,80,0.999950062381319,0.9999911363156595,0.999998583426617,80,0.9998070696391531,0.9999547935591159,0.99999082124848,80,0.0013128710958298484,0.0033007231507617973,0.008131223807256305,80,0.0016831802994658226,0.004210333136965543,0.009993736617769651
cr_mow_synergy,tree_scm,ok,0.2,8,80,0.0,0.0,80,0.995678451699429,0.9986518348013467,0.9998450935166232,80,0.9953170005246024,0.9986423036174092,0.9998534461948357,80,0.012783727691949309,0.04069178318195554,0.0774704630035899,80,0.017601188590198734,0.0519261483535093,0.09296581436712575,80,0.9997329801758679,0.9999132946923577,0.9999907659946417,80,0.9987757123506901,0.999754661460196,0.9999661650185966,80,0.003148017149725746,0.010290350265851345,0.019055005958686883,80,0.004297438244140542,0.013168065697950771,0.023108208780522995
cr_mow_synergy,tree_scm,ok,0.3,8,80,0.0,0.0,80,0.9919150827626614,0.9974992384706814,0.9996952006808899,80,0.9911718850533451,0.9978067332451184,0.9997565390082968,80,0.016536538468812978,0.05243327868987535,0.10536044972621142,80,0.024687028355793648,0.07070803977053812,0.12714701678016238,80,0.9994853037103194,0.99984987883871,0.9999817380441112,80,0.9979607894195693,0.9995423644142049,0.9999361041323939,80,0.004032527427844457,0.01271610427548353,0.02598435419496142,80,0.006042976192625134,0.01732368209288283,0.032082408194035406
cr_mow_synergy,tree_scm,ok,0.5,8,80,0.0,0.0,80,0.9781060415204115,0.9919445973739396,0.99871258062466,80,0.9753595012874614,0.9921591523764393,0.9987393471497031,80,0.04078417939191468,0.10205909932520996,0.174369405478639,80,0.050741053068216635,0.12692531926444944,0.20908763617906637,80,0.9986191222864453,0.999500714309346,0.9999184911570963,80,0.9932487728882055,0.9986655438630998,0.9997655143587726,80,0.010172339589406932,0.025031952569438687,0.04377791270907283,80,0.012767836248338289,0.031599176264326456,0.05253573755956553
cr_mow_synergy,tree_scm,ok,0.8,8,80,0.0,0.0,80,0.9502853061451574,0.9825638126524889,0.9959539208446759,80,0.9499896633973747,0.9839091669050853,0.9959401531334698,80,0.06865212227221314,0.14794962057707295,0.2500920257025655,80,0.08993570620165445,0.1867364265121059,0.3153133792157429,80,0.9969273552179274,0.9989537781620019,0.9997479129142236,80,0.9806167086134753,0.9968839742328874,0.9994534368070952,80,0.016940030629267966,0.03637175003691695,0.0627043575456881,80,0.022441884694682085,0.04573494944154903,0.07839099983942294
fe_ni_cr_threshold,mlp_scm,ok,0.0,8,8,0.0,0.0,8,1.0,1.0,1.0,8,1.0,1.0,1.0,8,0.0,0.0,0.0,8,0.0,0.0,0.0,8,1.0,1.0,1.0,8,1.0,1.0,1.0,8,0.0,0.0,0.0,8,0.0,0.0,0.0
fe_ni_cr_threshold,mlp_scm,ok,0.1,8,80,0.0,0.0,80,0.9980522480351587,0.9994733469254122,0.9999590854903917,80,0.9982799390594821,0.9994916873778599,0.9999473873023836,80,0.007690879879736734,0.026626127977579017,0.04736239221197138,80,0.009045888000736694,0.032443627789705456,0.06241387674482287,80,0.9998784229726367,0.9999681607745741,0.9999975016889363,80,0.9997466952918246,0.9999356045704884,0.999991453803376,80,0.0019129551590239657,0.006658735495427948,0.01148830438641966,80,0.0022352817155995514,0.00797972161471405,0.015593388182695568
fe_ni_cr_threshold,mlp_scm,ok,0.2,8,80,0.0,0.0,80,0.993235161521314,0.9985409188217915,0.9995984329844205,80,0.9940175584275086,0.9985775840833365,0.9995774399182258,80,0.021882638776072837,0.04292829995078762,0.08487228153853153,80,0.028339463950091053,0.05401836708602538,0.11631353047740146,80,0.9995790625797625,0.999909454597375,0.9999753831588885,80,0.9990305716239896,0.9998151676829268,0.9999539486624706,80,0.005486290008043326,0.010679850795442647,0.021207881043403636,80,0.007016624384628972,0.0134555867339441,0.029014149056366872
fe_ni_cr_threshold,mlp_scm,ok,0.3,8,80,0.0,0.0,80,0.9848554567923813,0.9945756508528729,0.9992682378209935,80,0.9851444370931979,0.9952097223956947,0.9992297392400274,80,0.03155790193306984,0.07655960120705174,0.1377153481721152,80,0.038247911258520464,0.1041562712160114,0.17402433868533285,80,0.9990432491893356,0.9996650881643111,0.9999572989237575,80,0.9964886520098705,0.9995230133752949,0.9999062522351764,80,0.007896850088957663,0.019244507836096325,0.03411530149979321,80,0.009240612310310477,0.025880948143459377,0.043742552926397345
fe_ni_cr_threshold,mlp_scm,ok,0.5,8,80,0.0,0.0,80,0.9617790767376414,0.990712573580004,0.998947538336128,80,0.9650540979526557,0.9915364434077354,0.9989574657065697,80,0.03917801176135072,0.09951433778962837,0.20953629240611352,80,0.045879104146075406,0.13628959151490716,0.2764703598307625,80,0.9976157586108281,0.9994258502471407,0.9999357831039324,80,0.9943241407982262,0.999065528663901,0.9998566659663114,80,0.009594632464018104,0.025061938262240346,0.05185696147590131,80,0.011332778451021455,0.03388632495991947,0.06905034912324791
fe_ni_cr_threshold,mlp_scm,ok,0.8,8,80,0.0,0.0,80,0.8962638918093784,0.9604203490694683,0.9937814391312707,80,0.9162545731036812,0.9704705771714206,0.9946096733934707,80,0.08345490076367242,0.206866312995853,0.3738257390735413,80,0.11150702153608276,0.28133021654761875,0.4554910117081088,80,0.9932591757651441,0.997510395736684,0.9995918097805525,80,0.9780536833470423,0.9964993674451039,0.9994619640047205,80,0.02100740826474201,0.05155277986614237,0.09627769400058597,80,0.028563769197175126,0.07055841469747426,0.11610985828212377
fe_ni_cr_threshold,tree_scm,ok,0.0,8,8,0.0,0.0,8,1.0,1.0,1.0,8,1.0,1.0,1.0,8,0.0,0.0,0.0,8,0.0,0.0,0.0,8,1.0,1.0,1.0,8,1.0,1.0,1.0,8,0.0,0.0,0.0,8,0.0,0.0,0.0
fe_ni_cr_threshold,tree_scm,ok,0.1,8,80,0.0,0.0,80,0.9982819954790159,0.9996171149030844,0.9999331670817277,80,0.9982937781632213,0.9995799768435734,0.9999196767040206,80,0.008788414560891055,0.02122373614123063,0.04261456857095141,80,0.0115518822591135,0.027665430124016767,0.05861697775635029,80,0.999893746499718,0.9999764509219877,0.9999957979717663,80,0.9996100679046562,0.9999396670034332,0.9999873265503182,80,0.0021975216913798336,0.005318578883622749,0.010635927961566339,80,0.002895897966364576,0.006860794732384354,0.014577517855538586
fe_ni_cr_threshold,tree_scm,ok,0.2,8,80,0.0,0.0,80,0.9939988651782988,0.9978592963536275,0.9996152506750121,80,0.9944998703597739,0.9978854729186037,0.9995239309151704,80,0.021381730639834017,0.05170170988697009,0.08056293471245657,80,0.027733244500012993,0.06541875588621462,0.10954225726746214,80,0.9996382350254946,0.999868165514519,0.999976927528098,80,0.99898490808955,0.9996861309545096,0.9999510697553823,80,0.005294111743705798,0.012784283282698539,0.019776723131884937,80,0.006791769171522736,0.016235289924726108,0.026890875654678195
fe_ni_cr_threshold,tree_scm,ok,0.3,8,80,0.0,0.0,80,0.9853690010983851,0.994762206410069,0.999499476566388,80,0.987355692547028,0.9953235194192118,0.9994582234317048,80,0.02713663750829909,0.07670229701196174,0.12829059168504955,80,0.031639246946593653,0.10234145485462597,0.17105741000358363,80,0.9990812381249314,0.999681697499406,0.9999698926905433,80,0.9978210104338031,0.9991252693387453,0.9999161048923538,80,0.006674628164824448,0.01922891399797444,0.03265006550834642,80,0.007759807775309996,0.025225669861874057,0.042865501378118114
fe_ni_cr_threshold,tree_scm,ok,0.5,8,80,0.0,0.0,80,0.9615815872966417,0.98747822136573,0.9981547669584171,80,0.9692051455993848,0.9883485301236921,0.9980984282240183,80,0.050664915793407775,0.11656827108429724,0.20742898938193588,80,0.06074592885206352,0.15825087478641875,0.27716996709946395,80,0.9975782859186798,0.9992414770409628,0.9998855019379315,80,0.9924290208586651,0.998527465846506,0.9997096036585364,80,0.01279276311269939,0.028724818679156883,0.05067494654194624,80,0.015132389910043838,0.03894927028358633,0.06959172017617565
fe_ni_cr_threshold,tree_scm,ok,0.8,8,80,0.012345679012345678,0.0,80,0.8369557589416623,0.9588606629454173,0.9933484421382238,80,0.8346086787425792,0.9649242666386524,0.9937064632358199,80,0.09416390007873048,0.20912730975862814,0.4769308788742054,80,0.11533905953699575,0.28683425114234873,0.571011087340422,80,0.9898752923943169,0.9974198150461242,0.9995879866546512,80,0.9780064227791287,0.995727477245905,0.999055717357485,80,0.023482636866970098,0.052275407752418346,0.11903821157494757,80,0.02870585854127778,0.071832419948515,0.14228814467963427
improved_environment,mlp_scm,ok,0.0,8,8,0.0,0.0,8,1.0,1.0,1.0,8,1.0,1.0,1.0,8,0.0,0.0,0.0,8,0.0,0.0,0.0,8,1.0,1.0,1.0,8,1.0,1.0,1.0,8,0.0,0.0,0.0,8,0.0,0.0,0.0
improved_environment,mlp_scm,ok,0.1,8,80,0.0,0.0,80,0.9984975408530302,0.9996229949932064,0.9999557248836736,80,0.9987001723248301,0.9996728931210811,0.9999479025102804,80,0.007336712944746183,0.02069432903178381,0.04022396337973186,80,0.00940988738852438,0.02745856101511438,0.0548166865886111,80,0.9999080148045806,0.9999761281538645,0.9999971058185235,80,0.9998229740361918,0.9999514743222944,0.9999897405407338,80,0.0018508794554463748,0.005173249853751116,0.010055691494108036,80,0.0024057371166635883,0.006909680061125099,0.01356348052390372
improved_environment,mlp_scm,ok,0.2,8,80,0.0,0.0,80,0.994474154380541,0.9983494352074074,0.9997368283146989,80,0.9947078803080289,0.9983999657883078,0.9997725786335026,80,0.016473191479242644,0.04459157391296742,0.0822371601944724,80,0.02293367697976183,0.057455454451748045,0.10510829369909852,80,0.9996428550224664,0.9998970772791775,0.9999837122916888,80,0.9992863752592803,0.9997940005632643,0.9999749459087331,80,0.0039996324147608675,0.011015355823696282,0.02069431412176002,80,0.005705901759945356,0.014347285913261636,0.02672406103383758
improved_environment,mlp_scm,ok,0.3,8,80,0.0,0.0,80,0.9827590905199269,0.9956453146617671,0.9994598201580768,80,0.9865872065213503,0.9963453693648152,0.9995675894959813,80,0.022496086069099874,0.07102193378204902,0.13981743543592276,80,0.03286793403056544,0.09332394577892345,0.185668870378249,80,0.9989948134651804,0.9997346213279207,0.9999648457679522,80,0.9977805794471066,0.999605541672627,0.9999261240701666,80,0.005536701430132495,0.017624991504135323,0.03496160535133726,80,0.008384467947969054,0.023037770339373424,0.044826777098068225
improved_environment,mlp_scm,ok,0.5,8,80,0.0,0.0,80,0.9734964683981634,0.9902749796509093,0.9988451835010396,80,0.9778734295663247,0.9918073020517091,0.9990261470924825,80,0.03714120539142272,0.10308481339271225,0.17420315686830748,80,0.048055394506587884,0.1394634005151911,0.23023257211233666,80,0.9983193178476968,0.9994221940155996,0.9999259106899422,80,0.9959149079554394,0.9991214695390171,0.9998864262213003,80,0.00935470147458517,0.02585048546707469,0.04354726536352338,80,0.012172041149578396,0.0339916171343492,0.05797679508388738
improved_environment,mlp_scm,ok,0.8,8,80,0.0,0.0,80,0.8661692677380599,0.9725709691893976,0.9946668562950097,80,0.8856421616837135,0.9741077341652562,0.9965533793456051,80,0.07205126665551517,0.1837959462837091,0.411954047835685,80,0.10326673038006645,0.2342104609490326,0.5173545453946079,80,0.9915284633118053,0.998286427448561,0.999669699851799,80,0.9871890366837135,0.9974163429386309,0.999597793433946,80,0.01793265496216918,0.04583266502902461,0.10204958057047409,80,0.025699808126821117,0.05854063663920477,0.1301597520865504
improved_environment,tree_scm,ok,0.0,8,8,0.0,0.0,8,1.0,1.0,1.0,8,1.0,1.0,1.0,8,0.0,0.0,0.0,8,0.0,0.0,0.0,8,1.0,1.0,1.0,8,1.0,1.0,1.0,8,0.0,0.0,0.0,8,0.0,0.0,0.0
improved_environment,tree_scm,ok,0.1,8,80,0.0,0.0,80,0.9985377068862638,0.9995118516817718,0.9998970121654375,80,0.9986572636524568,0.9995697956154781,0.9998865357443601,80,0.011434979395426126,0.024287210016410654,0.04059005506365311,80,0.014351544421480313,0.031245391774250425,0.05407768034513727,80,0.9999053820236535,0.9999705250236227,0.9999936281763245,80,0.9994704174415278,0.9999101626761318,0.9999787881768113,80,0.0028504134435706876,0.005924154441402152,0.009757478081860428,80,0.0035698141335992876,0.007676912326883653,0.01375630572468607
improved_environment,tree_scm,ok,0.2,8,80,0.0,0.0,80,0.9935246587009527,0.9980379656206297,0.9992444276266175,80,0.9945665557274156,0.9982079362069948,0.9993458566536729,80,0.028770257394347354,0.04859458323226562,0.08503361031691274,80,0.038873054606800087,0.06264004688321498,0.11377696835606022,80,0.9996033836045481,0.9998814196182735,0.9999549590525205,80,0.9982514003379583,0.9996338278288391,0.9999194386578213,80,0.007330226597268919,0.012168320444175151,0.02096185615583784,80,0.009491141925375755,0.015400019761946632,0.02816230142796968
improved_environment,tree_scm,ok,0.3,8,80,0.0,0.0,80,0.9873982986007072,0.996221579205327,0.9990922182704859,80,0.9881392470071426,0.9964625652473813,0.9991897631160145,80,0.03601843595652099,0.06952426278832036,0.1289009702659602,80,0.04260509794998624,0.08692931744215676,0.15875492517599024,80,0.9992236918659116,0.9997704347385171,0.9999466960721103,80,0.9970417195658392,0.9992689744117014,0.9998382235265716,80,0.00867699309864065,0.017228784599630842,0.03200775767588198,80,0.010323118802702896,0.021426143728823947,0.03940304063077744
improved_environment,tree_scm,ok,0.5,8,80,0.0,0.0,80,0.9654174084522118,0.9925734532080042,0.998390558324081,80,0.9709937245804222,0.9932274772459051,0.9985932459670143,80,0.043327977071692204,0.09484192172735106,0.20411689172279637,80,0.05670954535337833,0.12187307169866762,0.2629927477338987,80,0.9979165507593662,0.9995607118338035,0.9999028099061941,80,0.993798134521851,0.9985481859309061,0.9997896754971032,80,0.010961597552773128,0.02331370482610362,0.05003485843263321,80,0.013937761624152554,0.029640153562568293,0.06455135370030819
improved_environment,tree_scm,ok,0.8,8,80,0.0,0.0,80,0.8967677218525991,0.973320505354667,0.9971636420881708,80,0.9069816302505603,0.977729714657392,0.9971525451807927,80,0.06256859003522096,0.17027882759134627,0.35617982789508473,80,0.0752427120277638,0.23099216595306357,0.4543119726816161,80,0.9936532469071264,0.9983465767709105,0.9998201237614167,80,0.9807503922734424,0.9952031160592947,0.9995324044685644,80,0.015759665943718915,0.04221970941039466,0.0884017978504929,80,0.01894844618797761,0.05750455426939688,0.1126478410263725
method_aware,mlp_scm,ok,0.0,8,8,0.0,0.0,8,1.0,1.0,1.0,8,1.0,1.0,1.0,8,0.0,0.0,0.0,8,0.0,0.0,0.0,8,1.0,1.0,1.0,8,1.0,1.0,1.0,8,0.0,0.0,0.0,8,0.0,0.0,0.0
method_aware,mlp_scm,ok,0.1,8,80,0.0,0.0,80,0.9991639809196332,0.9996538454392371,0.9999047029543544,80,0.9990698470245333,0.9996153038051641,0.9998892146037478,80,0.010932924200272965,0.02184234584772282,0.03354067748761907,80,0.013805497801096852,0.026305495881576865,0.040890555618920334,80,0.9999508006534753,0.9999790889025977,0.9999938449611425,80,0.9999135020295399,0.9999564517804811,0.9999865095933766,80,0.0027044470104641504,0.005328531612324383,0.008086165434308871,80,0.0035085550915924923,0.006467001139506913,0.009918527950112704
method_aware,mlp_scm,ok,0.2,8,80,0.0,0.0,80,0.9970168004397251,0.9986115801273376,0.9997055102619499,80,0.9969979335795007,0.998584462842429,0.9996346548440739,80,0.02021929434948291,0.04225203007636935,0.06286478889595629,80,0.024268791167769557,0.05269533307627006,0.07724246727168775,80,0.9998095955349724,0.9999168517420243,0.9999818074673805,80,0.9997023125134109,0.9998684654620555,0.9999655671089335,80,0.004945475788606046,0.010417778547946455,0.01587179379449708,80,0.006031954645296923,0.012895580474888056,0.019514210421774612
method_aware,mlp_scm,ok,0.3,8,80,0.0,0.0,80,0.9906636223781444,0.9965280586843488,0.9991153503446633,80,0.9905545863526362,0.9964676558811958,0.9990517555074743,80,0.03463973090824126,0.06665633117862058,0.1115524888152777,80,0.042063035031321486,0.08332989556156618,0.1366480869005372,80,0.9994176551288496,0.9997832237838344,0.99994562167905,80,0.999163753486875,0.9996726863690006,0.9999021953901722,80,0.008607788289722862,0.016451173341692993,0.02702643350421568,80,0.010428584916419514,0.020821903361385306,0.034127530375671795
method_aware,mlp_scm,ok,0.5,8,80,0.08045977011494253,0.0,80,0.9842011935970572,0.9926377471080241,0.9979756115147006,80,0.9826238846470208,0.9929941918943566,0.9979464082951862,80,0.05250744349053207,0.09680925481424651,0.1485536410835877,80,0.06362972398035864,0.12134431426188655,0.17775270008405503,80,0.9990370484905564,0.999571507664617,0.9998684072891776,80,0.9983706995207782,0.9993238144624847,0.9998273628048779,80,0.012959127904724,0.02343186760275273,0.03613932892968706,80,0.016222990366155488,0.02927376679738398,0.04388134106713019
method_aware,mlp_scm,ok,0.8,8,80,0.1919191919191919,0.0,80,0.9521402867980983,0.9805424582001432,0.9953495845856042,80,0.9528141294435305,0.9816191896591803,0.9957451340211715,80,0.07430441543210975,0.158887149732152,0.24784834379196644,80,0.09642645537210072,0.19726492381156494,0.3093349546179203,80,0.9970005221614614,0.9988676092076678,0.9997397383265431,80,0.9956590573814462,0.9983052334418138,0.999587492623918,80,0.018678108367036116,0.038599545495088705,0.06223325361496564,80,0.022812331551078036,0.04758972101660682,0.07744796350958093
method_aware,tree_scm,ok,0.0,8,8,0.0,0.0,8,1.0,1.0,1.0,8,1.0,1.0,1.0,8,0.0,0.0,0.0,8,0.0,0.0,0.0,8,1.0,1.0,1.0,8,1.0,1.0,1.0,8,0.0,0.0,0.0,8,0.0,0.0,0.0
method_aware,tree_scm,ok,0.1,8,80,0.0,0.0,80,0.9991332184091911,0.9996291515200323,0.9998978804460024,80,0.9991376432748014,0.9996125824780058,0.999871857342107,80,0.011811435980541773,0.022063149600342058,0.03256795881747224,80,0.014291148252562967,0.02722323281123165,0.04163607880143759,80,0.999948120998498,0.9999768725994833,0.9999933294029228,80,0.9997001477451539,0.999877288820542,0.9999578814551892,80,0.002912771904536271,0.005416857530867958,0.008168984983828408,80,0.0036524533309149534,0.006800134772542269,0.01018612723198516
method_aware,tree_scm,ok,0.2,8,80,0.0,0.0,80,0.9970313254907741,0.9988359526704107,0.9996849959317391,80,0.9968996126439453,0.9988452520384807,0.9996712223252034,80,0.02027836998180135,0.038324775251140863,0.06171253009374454,80,0.025097003918239602,0.04825030980686189,0.07704623599329866,80,0.9998177782807397,0.9999300909872512,0.999980271205788,80,0.9989038885362277,0.9996116884074814,0.9999020724554751,80,0.004998964385456973,0.009445356407535854,0.01528383155986859,80,0.00628073828292589,0.011824414118757709,0.019089673976741408
method_aware,tree_scm,ok,0.3,8,80,0.0,0.0,80,0.9917047419980332,0.9970520094805191,0.9991866682376854,80,0.991699132975109,0.9968931496141975,0.9991780843197912,80,0.030315655336640646,0.06246762209216428,0.10243929946223325,80,0.04031689470588332,0.07678510135717873,0.1287866090440487,80,0.9994708305790349,0.9998125773818853,0.9999488275627111,80,0.9970944451398326,0.9991364563961804,0.9997286747408554,80,0.007525069851473632,0.015764679706665508,0.025887769491964377,80,0.010114946591700886,0.01936091919817313,0.03252933106874571
method_aware,tree_scm,ok,0.5,8,80,0.058823529411764705,0.0,80,0.9772394698650992,0.9895000830029663,0.9964683680222242,80,0.977930020878243,0.9897696483173593,0.9966386535744939,80,0.06749153762566493,0.11878082234130005,0.1683955186909671,80,0.0840408669507499,0.14491308661376676,0.2133505609733962,80,0.9985120526454884,0.9993480627804432,0.9997902359164251,80,0.9916812448590944,0.9973284111025678,0.9990886445755656,80,0.016449500544478114,0.02914665837124586,0.04116897564452274,80,0.020482384076510766,0.03610911714703545,0.054551633792414275
method_aware,tree_scm,ok,0.8,8,80,0.12087912087912088,0.0,80,0.9596716540854878,0.982712781141327,0.9959422875335562,80,0.9604816580989946,0.9825800528395678,0.9966828273639224,80,0.06492387178541748,0.14992302469144647,0.22749885012336796,80,0.09007966859702023,0.18593503879821494,0.28399939110606515,80,0.9975120870881351,0.9988838535219573,0.9997565506317401,80,0.9795513677043844,0.9959057716722693,0.9991990874313668,80,0.01624606801520372,0.037224041010068376,0.05670306728003142,80,0.022064616967935442,0.04724630308815611,0.0705380424653039
pren_linear,mlp_scm,ok,0.0,8,8,0.0,0.0,8,1.0,1.0,1.0,8,1.0,1.0,1.0,8,0.0,0.0,0.0,8,0.0,0.0,0.0,8,1.0,1.0,1.0,8,1.0,1.0,1.0,8,0.0,0.0,0.0,8,0.0,0.0,0.0
pren_linear,mlp_scm,ok,0.1,8,80,0.0,0.0,80,0.9979287637658288,0.9996519169217963,0.9999732909696857,80,0.9988662537550962,0.9997837075763536,0.9999734014019024,80,0.005189965007511433,0.018755168822707446,0.04598423480685909,80,0.0073073750777842795,0.02638487959553334,0.06436163738067148,80,0.9998705153291075,0.9999778388094945,0.9999983354198995,80,0.9997206834275085,0.9999523236892925,0.9999939583184322,80,0.0012938214464487175,0.004752281949492954,0.011560782143732242,80,0.001824477142717432,0.006657481027523712,0.01609174674185244
pren_linear,mlp_scm,ok,0.2,8,80,0.0,0.0,80,0.9923202661900026,0.9990991313970314,0.9999760855908439,80,0.9957106664848724,0.9994971915009655,0.9999755561118661,80,0.004864890279242218,0.03009680313662244,0.08681608572865258,80,0.006899866723006608,0.04228168304322806,0.12393320775733725,80,0.9995261414838229,0.9999424373022296,0.9999985484203824,80,0.9992256823993276,0.9998944382107859,0.999993992963665,80,0.0011946517039291395,0.007610457608958399,0.021703678011760992,80,0.0017011787981301978,0.010701163593697847,0.030784891499300457
pren_linear,mlp_scm,ok,0.3,8,80,0.0,0.0,80,0.9905398600255247,0.9982585379462328,0.999815222205262,80,0.9951446226128315,0.9990287320738859,0.9998618448698233,80,0.012721562489474536,0.04156704370296893,0.10128716094021968,80,0.019205323393295157,0.05901623834185618,0.13755066096494076,80,0.9994078649220148,0.9998925106725396,0.9999885080237577,80,0.9990685975609755,0.999832585294328,0.9999762043129962,80,0.003162678119563367,0.010316793456993878,0.025195032481786946,80,0.004790725795507804,0.014662054326120092,0.03441235834016795
pren_linear,mlp_scm,ok,0.5,8,80,0.0,0.0,80,0.9609703370710678,0.9903159780721156,0.9997734627386964,80,0.9787786001984836,0.9944389204545454,0.9998628395232815,80,0.015070596229141132,0.09691554690419402,0.20551600679481796,80,0.021285257277867297,0.13916242462141432,0.27938932048575293,80,0.9974653021376592,0.9993965344303413,0.9999859162941369,80,0.9956080350118015,0.9991216371772405,0.999967872693298,80,0.0037581223911729465,0.02453324462020845,0.05268681837477729,80,0.005307164367523373,0.03473703513542714,0.07119874404121472
pren_linear,mlp_scm,ok,0.8,8,80,0.0,0.0,80,0.8880783148576181,0.9763570812487632,0.9994387965917293,80,0.9278684352871754,0.9870514895214935,0.9996430088155353,80,0.023430722982284283,0.15524214913034484,0.3541073285611064,80,0.033289150550671956,0.21698128103315067,0.47311917602296055,80,0.9929037382789935,0.9985361354863187,0.9999633281850928,80,0.9861641580537871,0.9980170353962521,0.9999106901777413,80,0.006008497796838697,0.03852912282290757,0.09042483433455858,80,0.008503215701388227,0.05397959209474938,0.1191317621604704
pren_linear,tree_scm,ok,0.0,8,8,0.0,0.0,8,1.0,1.0,1.0,8,1.0,1.0,1.0,8,0.0,0.0,0.0,8,0.0,0.0,0.0,8,1.0,1.0,1.0,8,1.0,1.0,1.0,8,0.0,0.0,0.0,8,0.0,0.0,0.0
pren_linear,tree_scm,ok,0.1,8,80,0.0,0.0,80,0.9983618049775718,0.9995074507507201,0.9999469639020716,80,0.9990167347650383,0.9996778216865745,0.9999580960321149,80,0.007415701443141742,0.022661692032528435,0.041129850398250414,80,0.010292079023840689,0.03138544064625269,0.057239164877227536,80,0.999900652615662,0.9999694496984908,0.9999968387136438,80,0.9996023174307989,0.9998906314259848,0.9999898612402546,80,0.001810575502025813,0.005645265416376333,0.010175022754634,80,0.002513138108126446,0.007816632089869793,0.014095902901411347
pren_linear,tree_scm,ok,0.2,8,80,0.0,0.0,80,0.9947600871728276,0.9989764645475208,0.9999840652375432,80,0.9967344252914668,0.9993664280988483,0.9999817587261283,80,0.004093638414559564,0.03224239448979915,0.07217419220749549,80,0.005645306237326443,0.04524454627238139,0.10236868941017367,80,0.9996792212291961,0.9999365706489602,0.999999009393039,80,0.9991634975591873,0.9998326914652027,0.9999934140530005,80,0.001017205885051453,0.008046242394662784,0.017739198848641637,80,0.001407554544977166,0.01126301556702633,0.025328984189522993
pren_linear,tree_scm,ok,0.3,8,80,0.0,0.0,80,0.9823737808340877,0.9962684004838406,0.9998782473475526,80,0.989946155720263,0.9978605115871539,0.9998983039481871,80,0.01103300997584711,0.061510712245222976,0.1339023510543342,80,0.015541515825716227,0.08638953278736271,0.18775514418056982,80,0.9989482596156644,0.9997682303711399,0.9999923959008572,80,0.996692313452185,0.9994942354802946,0.9999763708336313,80,0.002750912795330152,0.015361861533335741,0.033015525105845,80,0.0038815295320306243,0.021529960971301755,0.045861868310167496
pren_linear,tree_scm,ok,0.5,8,80,0.0,0.0,80,0.9608901557382628,0.9921245995563639,0.9997165360815464,80,0.9767171339675272,0.9955309884721945,0.9997932081932621,80,0.01717975366502742,0.09152429095003356,0.20138854504218245,80,0.0237896584315776,0.12550201488299811,0.2796776877384719,80,0.9976727719402099,0.9995046196861994,0.9999830409936066,80,0.9947684636739146,0.9986724393820183,0.9999519738841999,80,0.0042029708547431715,0.023167778191279353,0.04916423721300092,80,0.005821148965377487,0.03147516135645797,0.06822354816820728
pren_linear,tree_scm,ok,0.8,8,80,0.0,0.0,80,0.897136108547917,0.9568633030857326,0.9989977730357831,80,0.9333966194116323,0.9745158719869822,0.9993680418961447,80,0.031345071094398234,0.21492393739023896,0.3419447894511572,80,0.04477087083250669,0.293721953136138,0.45353421699374774,80,0.9935849077612047,0.9973238023386763,0.9999369855926014,80,0.9815643384325156,0.9947601823456833,0.9998345734836565,80,0.007986163243074884,0.05293803801609087,0.08615060302544393,80,0.011226171059847464,0.07316005077550852,0.11326959506469317
threshold_saturation,mlp_scm,ok,0.0,8,8,0.0,0.0,8,1.0,1.0,1.0,8,1.0,1.0,1.0,8,0.0,0.0,0.0,8,0.0,0.0,0.0,8,1.0,1.0,1.0,8,1.0,1.0,1.0,8,0.0,0.0,0.0,8,0.0,0.0,0.0
threshold_saturation,mlp_scm,ok,0.1,8,80,0.0,0.0,80,0.9988086670843892,0.9997820411285616,0.9999455183650897,80,0.9989050628416626,0.9997652953114942,0.9999337907249123,80,0.00841810453962637,0.01644215797407611,0.03916354913448004,80,0.010438350030262547,0.020878439959517825,0.04881177374793337,80,0.9999273496588853,0.9999861473496513,0.9999965465245715,80,0.9998783561172304,0.9999700989289034,0.9999881345665546,80,0.0021015374946188104,0.004079219693618796,0.009698748155193473,80,0.0026280675149490318,0.005263580043702924,0.012053927527091413
threshold_saturation,mlp_scm,ok,0.2,8,80,0.0,0.0,80,0.9957827443071551,0.9988231386523395,0.9997779155577748,80,0.9958602802464057,0.9987912166511694,0.9997563210786066,80,0.01587431273037083,0.039182608802825314,0.07383405165142849,80,0.021073534352322718,0.048514181600073425,0.09183870418287304,80,0.9997339713825011,0.999925479843338,0.9999863805854298,80,0.9995332437772692,0.9998329149828338,0.9999717652528431,80,0.003985245868998533,0.009820120082334682,0.01838694420405887,80,0.005218721561489806,0.012207769715493168,0.023066055677324688
threshold_saturation,mlp_scm,ok,0.3,8,80,0.0,0.0,80,0.9921080412771852,0.9979482265802713,0.9997310713830155,80,0.9923719176918674,0.9979704878495814,0.9997389247013805,80,0.017157906577088513,0.05212347908992143,0.09640978978186687,80,0.023189519044351018,0.06405890224668719,0.1256295472383231,80,0.9995042080976656,0.9998726422943836,0.9999833438439785,80,0.9989688606412273,0.9997475927151134,0.9999701503379586,80,0.0042581296703140484,0.013079796057695603,0.02413682990522831,80,0.005771257935830973,0.015959687865848476,0.031488397379517204
threshold_saturation,mlp_scm,ok,0.5,8,80,0.0,0.0,80,0.9785765685615859,0.9944699159160895,0.9988938717942171,80,0.982283926623632,0.9949146665563979,0.9987652684893782,80,0.036825850789450956,0.0831031618846012,0.15912492450482085,80,0.047033689796262754,0.10516669126007161,0.20685659572047255,80,0.9987011514567739,0.9996492173965986,0.9999317077300982,80,0.9976260326514554,0.9993894280630855,0.9998845363797296,80,0.009101924447134025,0.020651441306014817,0.03975567093726443,80,0.01168671543263788,0.026486714104084725,0.0509200821691648
threshold_saturation,mlp_scm,ok,0.8,8,80,0.0,0.0,80,0.9328638003299199,0.985239440609446,0.9973105889618096,80,0.9331832006383662,0.9867205157892853,0.9974965745923037,80,0.05787651522403792,0.14040458683587786,0.29849920757474857,80,0.07327959641764592,0.17181479895617735,0.36632191721268476,80,0.9958508121843879,0.9990895186732871,0.9998365850067783,80,0.9927699098329875,0.9982818926131891,0.9997077375649754,80,0.014336960443481673,0.034604797037388835,0.07420347139150396,80,0.018064364806678418,0.04267160089027769,0.09107050937052694
threshold_saturation,tree_scm,ok,0.0,8,8,0.0,0.0,8,1.0,1.0,1.0,8,1.0,1.0,1.0,8,0.0,0.0,0.0,8,0.0,0.0,0.0,8,1.0,1.0,1.0,8,1.0,1.0,1.0,8,0.0,0.0,0.0,8,0.0,0.0,0.0
threshold_saturation,tree_scm,ok,0.1,8,80,0.0,0.0,80,0.9988277186764504,0.9997219031948372,0.9999231873923871,80,0.9989053670992405,0.9996914059706028,0.9999063014090046,80,0.009836079148368527,0.018894077548448962,0.039268510843112385,80,0.012394507168525146,0.02358374212316778,0.048420148981912686,80,0.9999312114696997,0.9999820730721544,0.9999951047027876,80,0.9996569060242472,0.9999286699359845,0.9999854361499128,80,0.002399328895700137,0.004744840146604368,0.009573782794122822,80,0.0031289907389190894,0.005987768548786255,0.011729076485358654
threshold_saturation,tree_scm,ok,0.2,8,80,0.0,0.0,80,0.9948125042234135,0.9988128759157164,0.9998403675995069,80,0.9953820050397593,0.9987865563051486,0.9998236021207351,80,0.013970082652110704,0.03971293307358792,0.08248469492844208,80,0.017867971668113977,0.048720115312966175,0.10185565893450216,80,0.9996889308304265,0.9999247372808617,0.9999900947044087,80,0.9984087891602889,0.9997634736428009,0.9999511949252555,80,0.003446469606425495,0.009975965629183792,0.02030156768935427,80,0.004450403730753412,0.012263466338734614,0.02494255236454149
threshold_saturation,tree_scm,ok,0.3,8,80,0.0,0.0,80,0.9914428670316767,0.9978371814633651,0.9995421822707256,80,0.9924511871021385,0.9978637917083899,0.9994835815124096,80,0.022747231017234526,0.052837569504333715,0.10627975729469208,80,0.0302577478656437,0.06576435344856293,0.1307631770669447,80,0.9995056494659874,0.9998648756441262,0.99997212547863,80,0.9972232337636792,0.9995591380148523,0.9999199974518989,80,0.005435214125921561,0.01306843584356443,0.025474597268835487,80,0.007466288406447926,0.016439209883226953,0.03140710190766661
threshold_saturation,tree_scm,ok,0.5,8,80,0.0,0.0,80,0.9721323150113242,0.9933360828092734,0.9987879169296429,80,0.9717702650853884,0.993732800318289,0.9990147521581451,80,0.03737668162607406,0.09799802366518406,0.19503118373107214,80,0.04922436717863446,0.11543718632110844,0.23607069236548708,80,0.9982760865013988,0.9995945095484833,0.9999323214163249,80,0.9923480775616965,0.9983155166474613,0.9998064669792528,80,0.008708931639823447,0.023050887601680614,0.04725053646196786,80,0.011634012044304304,0.02847632465131932,0.05871118379312887
threshold_saturation,tree_scm,ok,0.8,8,80,0.0,0.0,80,0.9284517715250205,0.9868625323328766,0.9982375564079026,80,0.9254622981635791,0.9887031450856248,0.9985268075862762,80,0.04261089040880393,0.12504932267140134,0.3095691140268059,80,0.05935954914969663,0.16206184551194125,0.3782803043213427,80,0.995693627074697,0.9991793638858273,0.9998922261776376,80,0.9785926983495457,0.9972342151848937,0.9996468753902469,80,0.010578078132330405,0.03139100329763522,0.07555150912070303,80,0.014678967603209093,0.04049388046584915,0.09280465339866358
