rule,status,fold,spearman,standardized_mae,standardized_rmse
old_current_pren,historical_reference,1,0.5098075524691803,0.7751145671305113,0.9981962162864595
old_current_pren,historical_reference,2,0.5115307391523041,0.8330453237550494,1.0816579198854241
old_current_pren,historical_reference,3,0.5163652431576269,0.7445003032180003,1.0127375497134898
old_current_pren,historical_reference,4,0.31972527723519834,0.8986924646346596,1.0923541002714519
old_current_pren,historical_reference,5,0.3166139992843214,0.9234550815343688,1.1386234240669046
old_pren_n_linear,existing_promoted_rule,1,0.48182701142226636,0.7807204847124016,1.0104510591993718
old_pren_n_linear,existing_promoted_rule,2,0.5900815350738029,0.7911897496097372,1.0498661783524659
old_pren_n_linear,existing_promoted_rule,3,0.47776303978677376,0.7713375921397411,1.0420626179918255
old_pren_n_linear,existing_promoted_rule,4,0.3214370155212116,0.9082358817775832,1.0992089659632933
old_pren_n_linear,existing_promoted_rule,5,0.44546783112853516,0.8225554906153751,1.035847906030764
old_cr_mo_n_synergy,existing_promoted_rule,1,0.4463568579746925,0.796180608227417,1.0778081173546175
old_cr_mo_n_synergy,existing_promoted_rule,2,0.5537895183268099,0.7782975343235178,1.0503712561593823
old_cr_mo_n_synergy,existing_promoted_rule,3,0.5164582932233949,0.79896660446644,1.0050975704258438
old_cr_mo_n_synergy,existing_promoted_rule,4,0.3187212995839864,0.8905049399175955,1.1102877637007729
old_cr_mo_n_synergy,existing_promoted_rule,5,0.6382604428393412,0.6491285596743016,0.8680932436329635
old_threshold_saturation,existing_promoted_rule,1,0.39829257026408693,0.8370891822830262,1.1412690033904822
old_threshold_saturation,existing_promoted_rule,2,0.47073260656567145,0.8395787920855907,1.1186956347806056
old_threshold_saturation,existing_promoted_rule,3,0.48326286089987036,0.798129113575618,1.0104037449012724
old_threshold_saturation,existing_promoted_rule,4,0.3007295729015801,0.8911696738291733,1.1202268092524683
old_threshold_saturation,existing_promoted_rule,5,0.6451374783756356,0.6962680912860209,0.9033849680753735
old_improved_environment,historical_reference,1,0.4041169167254774,0.8316283583444026,1.141653665634368
old_improved_environment,historical_reference,2,0.5793045999879903,0.7404823486894399,1.0279151698646276
old_improved_environment,historical_reference,3,0.3322498873799234,0.9356227279007082,1.1465278989274326
old_improved_environment,historical_reference,4,0.31577726915572657,0.873228457438551,1.0873101396956324
old_improved_environment,historical_reference,5,0.6104471585000494,0.6772509074079153,0.905061048033425
old_pren_n_improved_environment,existing_promoted_rule,1,0.40701362291589194,0.834739831058624,1.1436094530459784
old_pren_n_improved_environment,existing_promoted_rule,2,0.5960126059700288,0.7244516139198773,1.0098491761538584
old_pren_n_improved_environment,existing_promoted_rule,3,0.321876304343299,0.9360496975378765,1.1523430961443313
old_pren_n_improved_environment,existing_promoted_rule,4,0.3226367043772952,0.8682668646999494,1.0797395148476894
old_pren_n_improved_environment,existing_promoted_rule,5,0.6508435450951601,0.659890473125902,0.8858551549529001
old_mns_inclusion_penalty,existing_promoted_rule,1,0.44459346056387233,0.8150143151241999,1.1227707616058367
old_mns_inclusion_penalty,existing_promoted_rule,2,0.5639090645961695,0.7562973325017279,1.0435038135038974
old_mns_inclusion_penalty,existing_promoted_rule,3,0.3959035522939232,0.8896697836768456,1.0991624580743866
old_mns_inclusion_penalty,existing_promoted_rule,4,0.36748890205488,0.8353396978706443,1.0422805988690784
old_mns_inclusion_penalty,existing_promoted_rule,5,0.7182541906236067,0.6285590671457751,0.8355920087013431
old_mo_n_acid_repassivation,existing_promoted_rule,1,0.4070040905810889,0.8381075600515466,1.1341390787116055
old_mo_n_acid_repassivation,existing_promoted_rule,2,0.6058577200248735,0.7177414084965488,1.0002100861218868
old_mo_n_acid_repassivation,existing_promoted_rule,3,0.3258295825495985,0.9309614026213141,1.1464573976692694
old_mo_n_acid_repassivation,existing_promoted_rule,4,0.3143879690993801,0.8829758042362611,1.1043744365064478
old_mo_n_acid_repassivation,existing_promoted_rule,5,0.6465381425118444,0.655381725015646,0.8755043649491866
old_coupled_breakdown,existing_promoted_rule,1,0.5097440321057528,0.7772621757092626,0.9747740573397856
old_coupled_breakdown,existing_promoted_rule,2,0.6124244838667707,0.7083929938343826,0.9549544311731986
old_coupled_breakdown,existing_promoted_rule,3,0.3753819230706033,0.9135422181101321,1.1735216788074228
old_coupled_breakdown,existing_promoted_rule,4,0.2738497332770341,0.9648622478318115,1.16802604043338
old_coupled_breakdown,existing_promoted_rule,5,0.7425667039543822,0.5789223044175916,0.7946899146103532
old_fe_ni_cr_threshold,existing_promoted_rule,1,0.3549756465121457,0.8747516084117052,1.2087931480906438
old_fe_ni_cr_threshold,existing_promoted_rule,2,0.5058274624720521,0.8124811751240144,1.0979612560343521
old_fe_ni_cr_threshold,existing_promoted_rule,3,0.2777704819729083,0.9439272917606469,1.1573215591361303
old_fe_ni_cr_threshold,existing_promoted_rule,4,0.29988663600578036,0.8848689293804222,1.0969606773161658
old_fe_ni_cr_threshold,existing_promoted_rule,5,0.6500159259766296,0.6920623788244091,0.9158152794351144
new_specimen_area,new_candidate,1,0.40657204757551046,0.8355540862663453,1.1449362377761745
new_specimen_area,new_candidate,2,0.5954603380142941,0.7238019421483403,1.0095672171154046
new_specimen_area,new_candidate,3,0.32265668641824075,0.9358718743671947,1.152050479255568
new_specimen_area,new_candidate,4,0.3246093495758329,0.8719689310220303,1.0856747735184409
new_specimen_area,new_candidate,5,0.6508416313427438,0.6601832917613789,0.8861830124977085
new_surface_and_area,new_candidate,1,0.41206317002141724,0.8348559077699644,1.1428215063176461
new_surface_and_area,new_candidate,2,0.5730399300465796,0.739039741169043,1.0288653394307066
new_surface_and_area,new_candidate,3,0.25300368852811433,0.9885678052949001,1.1769903252196752
new_surface_and_area,new_candidate,4,0.3581931728573668,0.8495597868209672,1.0757674441726301
new_surface_and_area,new_candidate,5,0.6640224772797796,0.6527349231867956,0.8730138146720584
new_effective_halide,new_candidate,1,0.3953929907470997,0.84730162482633,1.1350839575494014
new_effective_halide,new_candidate,2,0.6270709533137212,0.656655161173214,0.8804656003742584
new_effective_halide,new_candidate,3,0.4498059115058416,0.8371052578399012,1.049829558669277
new_effective_halide,new_candidate,4,0.32185679153952634,0.8721934165856726,1.0986117871453822
new_effective_halide,new_candidate,5,0.5449363737969503,0.756223177761984,0.9967302968961907
new_anion_competition,new_candidate,1,0.39751298620118175,0.8439748714645137,1.134060716516162
new_anion_competition,new_candidate,2,0.6477706089845007,0.6210024453009192,0.879146932125182
new_anion_competition,new_candidate,3,0.4548502292719704,0.8394186169000217,1.0466645850138991
new_anion_competition,new_candidate,4,0.3249831424741723,0.8711932585533959,1.0962827139768887
new_anion_competition,new_candidate,5,0.5450952134831138,0.7518765052044517,0.9960515006234211
new_scan_rate_positive,new_candidate,1,0.3197404084083578,0.9057054599488717,1.2188722563203251
new_scan_rate_positive,new_candidate,2,0.6253000933085692,0.7133213758127448,0.9917581068492175
new_scan_rate_positive,new_candidate,3,0.38870138623368605,0.9001047591351198,1.1043194192188615
new_scan_rate_positive,new_candidate,4,0.3093560735586376,0.8919627444251645,1.128786085619641
new_scan_rate_positive,new_candidate,5,0.6898698784010954,0.645353220180536,0.8412331949846872
new_scan_rate_negative,new_candidate,1,0.40633758794155295,0.8351465387061078,1.1442725849564472
new_scan_rate_negative,new_candidate,2,0.5952563940986817,0.7241271991515827,1.009707680058568
new_scan_rate_negative,new_candidate,3,0.32193360441790814,0.9359610428278035,1.1521965201087057
new_scan_rate_negative,new_candidate,4,0.3226606909336285,0.868074382080667,1.079306853575772
new_scan_rate_negative,new_candidate,5,0.6508881017543612,0.66010206168663,0.8861503390191899
new_full_without_scan,new_candidate,1,0.4583365076154187,0.8031695394119678,1.103066483515779
new_full_without_scan,new_candidate,2,0.5597791878983617,0.7168482996993549,0.9443240380383744
new_full_without_scan,new_candidate,3,0.5389627985501549,0.796352699571984,0.9734237732896771
new_full_without_scan,new_candidate,4,0.37618240923502877,0.8511523899045483,1.0762268863706084
new_full_without_scan,new_candidate,5,0.5807212146922642,0.7442938798214588,0.9551859603414499
new_mns_specimen_area,new_candidate,1,0.444097443514078,0.8156469732361448,1.1236311446015648
new_mns_specimen_area,new_candidate,2,0.5641719683891185,0.7561917022171083,1.0434736024672702
new_mns_specimen_area,new_candidate,3,0.3947648340588252,0.8896661859275958,1.0990852407157996
new_mns_specimen_area,new_candidate,4,0.3682846329321499,0.8345372795857373,1.0410402630992865
new_mns_specimen_area,new_candidate,5,0.7163843194243611,0.6289799713599895,0.8361968864467332
new_mns_surface_and_area,new_candidate,1,0.4586046485832501,0.8124200669618562,1.1217871750142878
new_mns_surface_and_area,new_candidate,2,0.5318616830471788,0.7681442317227376,1.0574832002106263
new_mns_surface_and_area,new_candidate,3,0.339071475786147,0.9451440419026057,1.1246331039842354
new_mns_surface_and_area,new_candidate,4,0.38193366294597714,0.8328009864259275,1.049909387411658
new_mns_surface_and_area,new_candidate,5,0.7193548234103899,0.6260953926509459,0.8312489886885897
new_mns_effective_halide,new_candidate,1,0.44285076629513787,0.8034527337183038,1.1025349809856282
new_mns_effective_halide,new_candidate,2,0.5876997886063311,0.7016407405880432,0.9306865943710521
new_mns_effective_halide,new_candidate,3,0.5760186170971744,0.7513121591330388,0.9560227727204196
new_mns_effective_halide,new_candidate,4,0.3517623183513688,0.8518795373171297,1.0748508199953482
new_mns_effective_halide,new_candidate,5,0.57549755894414,0.7479008062174265,0.9553660206782802
new_mns_anion_competition,new_candidate,1,0.4460956499316919,0.8029049751192788,1.1026857605859517
new_mns_anion_competition,new_candidate,2,0.5966102087706542,0.6894228860964134,0.921538810093567
new_mns_anion_competition,new_candidate,3,0.5772767482496223,0.7531882529993728,0.9543396033711827
new_mns_anion_competition,new_candidate,4,0.3527573870693859,0.8511353565640402,1.0733232627386422
new_mns_anion_competition,new_candidate,5,0.5797801886423984,0.7455200921260569,0.9554821121987058
new_mns_scan_rate_positive,new_candidate,1,0.3565030625549211,0.8969518336693948,1.1887425983137831
new_mns_scan_rate_positive,new_candidate,2,0.5898361313276698,0.7438915824085793,1.0307965162636274
new_mns_scan_rate_positive,new_candidate,3,0.4369113401361566,0.8639543493734494,1.0644895876031404
new_mns_scan_rate_positive,new_candidate,4,0.33297298813787635,0.8675231663894084,1.1028563146504116
new_mns_scan_rate_positive,new_candidate,5,0.7517455911825616,0.628440334687146,0.8097693889383127
new_mns_full_with_scan,new_candidate,1,0.4041419669023523,0.8310834416153134,1.1484724706310576
new_mns_full_with_scan,new_candidate,2,0.5877306750323907,0.7019176504971477,0.9279476550197314
new_mns_full_with_scan,new_candidate,3,0.5690043767909543,0.7709612799891682,0.9492634661094632
new_mns_full_with_scan,new_candidate,4,0.34529580053598646,0.8703123530702935,1.1117166172926953
new_mns_full_with_scan,new_candidate,5,0.5830789643595627,0.7410456407561844,0.9486956229311598
new_mns_halide_activation,new_candidate,1,0.45126933942528424,0.8116126316357944,1.1032114845886707
new_mns_halide_activation,new_candidate,2,0.5874762744789528,0.7130729374335414,0.9419167304924994
new_mns_halide_activation,new_candidate,3,0.5304522483015404,0.7899215307696276,0.986279617644748
new_mns_halide_activation,new_candidate,4,0.34490566080940355,0.8529785622319702,1.078388089208611
new_mns_halide_activation,new_candidate,5,0.5372935896320115,0.7823340743635002,0.9903621994453994
new_mns_acid_halide_activation,new_candidate,1,0.4402078034305455,0.8066629429360994,1.0962200417482402
new_mns_acid_halide_activation,new_candidate,2,0.5632588349249892,0.7247738488335175,0.9601243052567531
new_mns_acid_halide_activation,new_candidate,3,0.5352935759751597,0.7844944049306084,0.9870852082130492
new_mns_acid_halide_activation,new_candidate,4,0.35010074725484625,0.8504699667067868,1.0661937870950495
new_mns_acid_halide_activation,new_candidate,5,0.5366596872874911,0.7856755675372366,0.996770350200739
new_pren_n_coupled_breakdown,new_candidate,1,0.5121437519610588,0.7738107745963008,0.9800271695474432
new_pren_n_coupled_breakdown,new_candidate,2,0.6342225654743476,0.6901070010507299,0.9347650771040454
new_pren_n_coupled_breakdown,new_candidate,3,0.35668102130880863,0.9201545359896517,1.1855974020756102
new_pren_n_coupled_breakdown,new_candidate,4,0.3592331490732776,0.9564859605872046,1.157596324466568
new_pren_n_coupled_breakdown,new_candidate,5,0.7757563267292169,0.5448103428978412,0.7671046704481429
new_coupled_mns,new_candidate,1,0.4736779786809446,0.8120205668490981,1.0428581688907286
new_coupled_mns,new_candidate,2,0.6214557906717344,0.6962843024357711,0.9657175708980533
new_coupled_mns,new_candidate,3,0.497896312835362,0.8244689364462353,1.111848807466728
new_coupled_mns,new_candidate,4,0.40519519189217573,0.913911290291025,1.1190351695307845
new_coupled_mns,new_candidate,5,0.7643636235058782,0.5654735959295055,0.8371409098804704
new_pren_n_coupled_mns,new_candidate,1,0.46682599776774936,0.8148773439280229,1.0429341112866704
new_pren_n_coupled_mns,new_candidate,2,0.6465199272953791,0.6802097710701094,0.9477292904398478
new_pren_n_coupled_mns,new_candidate,3,0.4814875214862663,0.8335228033965898,1.1226152494496093
new_pren_n_coupled_mns,new_candidate,4,0.4138195335842073,0.9021988487806446,1.107004365615247
new_pren_n_coupled_mns,new_candidate,5,0.7623111352966376,0.5587919835873228,0.8129235359236241
new_coupled_mns_anion_competition,new_candidate,1,0.5252584774214036,0.7475766302528193,1.0061196635309941
new_coupled_mns_anion_competition,new_candidate,2,0.677790313384349,0.5950875281945364,0.8981382635417833
new_coupled_mns_anion_competition,new_candidate,3,0.6576192613848223,0.6405833999901275,0.8727109154617142
new_coupled_mns_anion_competition,new_candidate,4,0.3171257152938718,0.9020170162929504,1.1055993915410824
new_coupled_mns_anion_competition,new_candidate,5,0.6788639614871713,0.6813858997327287,0.9000902168925217
new_pren_n_coupled_mns_area,new_candidate,1,0.46622461037972784,0.8141802767144439,1.0466242332363187
new_pren_n_coupled_mns_area,new_candidate,2,0.6493618643601352,0.6785344905322704,0.9463512384060071
new_pren_n_coupled_mns_area,new_candidate,3,0.44855277610963246,0.8588907672852524,1.1357233674155758
new_pren_n_coupled_mns_area,new_candidate,4,0.2894417953082001,0.9443664499168725,1.1553666841076682
new_pren_n_coupled_mns_area,new_candidate,5,0.7321661124984487,0.5945680314582923,0.8496132049657645
new_pren_n_coupled_mns_surface,new_candidate,1,0.5309566551182893,0.7675611245916643,0.9917601417450119
new_pren_n_coupled_mns_surface,new_candidate,2,0.5927094746671566,0.7214684137662473,0.9879269329732504
new_pren_n_coupled_mns_surface,new_candidate,3,0.36199926759832957,0.9247462014104751,1.1669481850169057
new_pren_n_coupled_mns_surface,new_candidate,4,0.2950249781638497,0.9324516586631513,1.1571124672482807
new_pren_n_coupled_mns_surface,new_candidate,5,0.768009794668574,0.5763441240987976,0.8094257855762612
new_pren_n_coupled_mns_anions,new_candidate,1,0.5262405573033421,0.7475277157000991,1.0039333477544894
new_pren_n_coupled_mns_anions,new_candidate,2,0.7065004619292905,0.5768897061274411,0.873391324997305
new_pren_n_coupled_mns_anions,new_candidate,3,0.6475940221675253,0.6447757939538256,0.8777400161747637
new_pren_n_coupled_mns_anions,new_candidate,4,0.3304748867407508,0.891401774787876,1.095660265897097
new_pren_n_coupled_mns_anions,new_candidate,5,0.719627390572309,0.663756931665495,0.8721468546086554
new_pren_n_coupled_mns_effective_halide,new_candidate,1,0.5218424940057561,0.7542231091822442,1.0062869556017426
new_pren_n_coupled_mns_effective_halide,new_candidate,2,0.6832571665689011,0.594100756479154,0.8112060621529699
new_pren_n_coupled_mns_effective_halide,new_candidate,3,0.6248559582925344,0.647224926015304,0.8912221911603296
new_pren_n_coupled_mns_effective_halide,new_candidate,4,0.33266906463998,0.8901765552729788,1.093380453163948
new_pren_n_coupled_mns_effective_halide,new_candidate,5,0.7150853543430342,0.6656365969378364,0.8738410183907729
new_pren_n_coupled_mns_weak_anions,new_candidate,1,0.5262794996136062,0.7473034662345012,1.0037902636422649
new_pren_n_coupled_mns_weak_anions,new_candidate,2,0.708394814728003,0.5740104550692189,0.8745232021481322
new_pren_n_coupled_mns_weak_anions,new_candidate,3,0.6483980248312848,0.6426194761478973,0.8708974865693213
new_pren_n_coupled_mns_weak_anions,new_candidate,4,0.3296964633142359,0.8915551403392709,1.0953941032937913
new_pren_n_coupled_mns_weak_anions,new_candidate,5,0.7203216819865514,0.663152640385229,0.8712578763715293
new_pren_n_coupled_mns_strong_anions,new_candidate,1,0.5200605535273811,0.7525705441142942,1.0079070664654022
new_pren_n_coupled_mns_strong_anions,new_candidate,2,0.6765327395856996,0.6079200346517518,0.8241311761682589
new_pren_n_coupled_mns_strong_anions,new_candidate,3,0.6269586562388068,0.6494720394848901,0.9077112681555113
new_pren_n_coupled_mns_strong_anions,new_candidate,4,0.33249682606134506,0.889884438865046,1.0944474340785146
new_pren_n_coupled_mns_strong_anions,new_candidate,5,0.7142378096846389,0.670183531710351,0.8774206291143825
new_pren_n_coupled_mns_scan,new_candidate,1,0.3816306811078345,0.9086018881476197,1.1318009431717588
new_pren_n_coupled_mns_scan,new_candidate,2,0.6717971402960753,0.6746588000011192,0.9344296748568188
new_pren_n_coupled_mns_scan,new_candidate,3,0.5097010785950599,0.797277777725087,1.0461628306200754
new_pren_n_coupled_mns_scan,new_candidate,4,0.30185317963885777,0.9344827675216844,1.1462316868397633
new_pren_n_coupled_mns_scan,new_candidate,5,0.7551333819929577,0.6274827480841186,0.7945387099017759
