checkpoint_name,checkpoint_step,model,model_kind,model_source,n_success,n_tasks,n_errors,mean_test_mae,median_test_mae,weighted_mean_test_mae,wins_test_mae,mean_delta_test_mae_vs_pretrained_tabicl_v2,mean_test_rmse,median_test_rmse,weighted_mean_test_rmse,wins_test_rmse,mean_delta_test_rmse_vs_pretrained_tabicl_v2,mean_test_r2,median_test_r2,weighted_mean_test_r2,wins_test_r2,mean_delta_test_r2_vs_pretrained_tabicl_v2,mean_test_spearman,median_test_spearman,weighted_mean_test_spearman,wins_test_spearman,mean_delta_test_spearman_vs_pretrained_tabicl_v2,mean_test_pearson,median_test_pearson,weighted_mean_test_pearson,wins_test_pearson,mean_delta_test_pearson_vs_pretrained_tabicl_v2,mean_test_nmae_iqr,median_test_nmae_iqr,weighted_mean_test_nmae_iqr,wins_test_nmae_iqr,mean_delta_test_nmae_iqr_vs_pretrained_tabicl_v2,mean_test_nrmse_iqr,median_test_nrmse_iqr,weighted_mean_test_nrmse_iqr,wins_test_nrmse_iqr,mean_delta_test_nrmse_iqr_vs_pretrained_tabicl_v2,mean_test_pinball_loss,median_test_pinball_loss,weighted_mean_test_pinball_loss,wins_test_pinball_loss,mean_delta_test_pinball_loss_vs_pretrained_tabicl_v2,mean_test_npinball_iqr,median_test_npinball_iqr,weighted_mean_test_npinball_iqr,wins_test_npinball_iqr,mean_delta_test_npinball_iqr_vs_pretrained_tabicl_v2,mean_test_quantile_calibration_mae,median_test_quantile_calibration_mae,weighted_mean_test_quantile_calibration_mae,wins_test_quantile_calibration_mae,mean_delta_test_quantile_calibration_mae_vs_pretrained_tabicl_v2,mean_test_quantile_calibration_max_error,median_test_quantile_calibration_max_error,weighted_mean_test_quantile_calibration_max_error,wins_test_quantile_calibration_max_error,mean_delta_test_quantile_calibration_max_error_vs_pretrained_tabicl_v2,mean_test_interval_50_coverage_error,median_test_interval_50_coverage_error,weighted_mean_test_interval_50_coverage_error,wins_test_interval_50_coverage_error,mean_delta_test_interval_50_coverage_error_vs_pretrained_tabicl_v2,mean_test_interval_50_nwidth_iqr,median_test_interval_50_nwidth_iqr,weighted_mean_test_interval_50_nwidth_iqr,wins_test_interval_50_nwidth_iqr,mean_delta_test_interval_50_nwidth_iqr_vs_pretrained_tabicl_v2,mean_test_interval_50_nwinkler_iqr,median_test_interval_50_nwinkler_iqr,weighted_mean_test_interval_50_nwinkler_iqr,wins_test_interval_50_nwinkler_iqr,mean_delta_test_interval_50_nwinkler_iqr_vs_pretrained_tabicl_v2,mean_test_interval_80_coverage_error,median_test_interval_80_coverage_error,weighted_mean_test_interval_80_coverage_error,wins_test_interval_80_coverage_error,mean_delta_test_interval_80_coverage_error_vs_pretrained_tabicl_v2,mean_test_interval_80_nwidth_iqr,median_test_interval_80_nwidth_iqr,weighted_mean_test_interval_80_nwidth_iqr,wins_test_interval_80_nwidth_iqr,mean_delta_test_interval_80_nwidth_iqr_vs_pretrained_tabicl_v2,mean_test_interval_80_nwinkler_iqr,median_test_interval_80_nwinkler_iqr,weighted_mean_test_interval_80_nwinkler_iqr,wins_test_interval_80_nwinkler_iqr,mean_delta_test_interval_80_nwinkler_iqr_vs_pretrained_tabicl_v2,mean_test_interval_90_coverage_error,median_test_interval_90_coverage_error,weighted_mean_test_interval_90_coverage_error,wins_test_interval_90_coverage_error,mean_delta_test_interval_90_coverage_error_vs_pretrained_tabicl_v2,mean_test_interval_90_nwidth_iqr,median_test_interval_90_nwidth_iqr,weighted_mean_test_interval_90_nwidth_iqr,wins_test_interval_90_nwidth_iqr,mean_delta_test_interval_90_nwidth_iqr_vs_pretrained_tabicl_v2,mean_test_interval_90_nwinkler_iqr,median_test_interval_90_nwinkler_iqr,weighted_mean_test_interval_90_nwinkler_iqr,wins_test_interval_90_nwinkler_iqr,mean_delta_test_interval_90_nwinkler_iqr_vs_pretrained_tabicl_v2,mean_test_accuracy,median_test_accuracy,weighted_mean_test_accuracy,wins_test_accuracy,mean_delta_test_accuracy_vs_pretrained_tabicl_v2,mean_test_balanced_accuracy,median_test_balanced_accuracy,weighted_mean_test_balanced_accuracy,wins_test_balanced_accuracy,mean_delta_test_balanced_accuracy_vs_pretrained_tabicl_v2,mean_test_f1_macro,median_test_f1_macro,weighted_mean_test_f1_macro,wins_test_f1_macro,mean_delta_test_f1_macro_vs_pretrained_tabicl_v2,mean_test_mcc,median_test_mcc,weighted_mean_test_mcc,wins_test_mcc,mean_delta_test_mcc_vs_pretrained_tabicl_v2,mean_test_auroc,median_test_auroc,weighted_mean_test_auroc,wins_test_auroc,mean_delta_test_auroc_vs_pretrained_tabicl_v2,mean_test_roc_auc_ovr_macro,median_test_roc_auc_ovr_macro,weighted_mean_test_roc_auc_ovr_macro,wins_test_roc_auc_ovr_macro,mean_delta_test_roc_auc_ovr_macro_vs_pretrained_tabicl_v2,mean_test_ordinal_mae,median_test_ordinal_mae,weighted_mean_test_ordinal_mae,wins_test_ordinal_mae,mean_delta_test_ordinal_mae_vs_pretrained_tabicl_v2,mean_test_ordinal_rmse,median_test_ordinal_rmse,weighted_mean_test_ordinal_rmse,wins_test_ordinal_rmse,mean_delta_test_ordinal_rmse_vs_pretrained_tabicl_v2,mean_test_adjacent_accuracy,median_test_adjacent_accuracy,weighted_mean_test_adjacent_accuracy,wins_test_adjacent_accuracy,mean_delta_test_adjacent_accuracy_vs_pretrained_tabicl_v2,mean_test_quadratic_weighted_kappa,median_test_quadratic_weighted_kappa,weighted_mean_test_quadratic_weighted_kappa,wins_test_quadratic_weighted_kappa,mean_delta_test_quadratic_weighted_kappa_vs_pretrained_tabicl_v2,mean_test_spearman_pred_class,median_test_spearman_pred_class,weighted_mean_test_spearman_pred_class,wins_test_spearman_pred_class,mean_delta_test_spearman_pred_class_vs_pretrained_tabicl_v2,mean_test_expected_class_mae,median_test_expected_class_mae,weighted_mean_test_expected_class_mae,wins_test_expected_class_mae,mean_delta_test_expected_class_mae_vs_pretrained_tabicl_v2,mean_test_expected_class_spearman,median_test_expected_class_spearman,weighted_mean_test_expected_class_spearman,wins_test_expected_class_spearman,mean_delta_test_expected_class_spearman_vs_pretrained_tabicl_v2
step-500,500,catboost,catboost_regressor,catboost==1.2.10;iterations=1000;depth=6;learning_rate=0.03;l2_leaf_reg=3;thread_count=8,1,1,0,150.36678957921768,150.36678957921768,150.36678957921768,0,2.627762116930711,197.1535948556598,197.1535948556598,197.1535948556598,1,-8.358874040619355,0.7171816047883497,0.7171816047883497,0.7171816047883497,1,0.024490128463286465,0.8101561604970628,0.8101561604970628,0.8101561604970628,1,0.025515631980028708,0.8491104201638314,0.8491104201638314,0.8491104201638314,1,0.01559896541311645,0.2898832491430124,0.2898832491430124,0.2898832491430124,0,0.0050659073227701246,0.38008076661685086,0.38008076661685086,0.38008076661685086,1,-0.016114579375224092,,,,0,,,,,0,,,,,0,,,,,0,,,,,0,,,,,0,,,,,0,,,,,0,,,,,0,,,,,0,,,,,0,,,,,0,,,,,0,,,,,0,,,,,0,,,,,0,,,,,0,,,,,0,,,,,0,,,,,0,,,,,0,,,,,0,,,,,0,,,,,0,,,,,0,,,,,0,
step-500,500,pretrained_tabicl_v2,pretrained_tabicl_regressor,/home/fcolanto/.cache/huggingface/hub/models--jingang--TabICL/snapshots/4dcd344ece2c00be9e831fdd35bed57b5ad83e19/tabicl-regressor-v2-20260212.ckpt,1,1,0,147.73902746228697,147.73902746228697,147.73902746228697,1,0.0,205.51246889627916,205.51246889627916,205.51246889627916,0,0.0,0.6926914763250632,0.6926914763250632,0.6926914763250632,0,0.0,0.7846405285170341,0.7846405285170341,0.7846405285170341,0,0.0,0.833511454750715,0.833511454750715,0.833511454750715,0,0.0,0.28481734182024226,0.28481734182024226,0.28481734182024226,1,0.0,0.39619534599207495,0.39619534599207495,0.39619534599207495,0,0.0,,,,0,,,,,0,,,,,0,,,,,0,,,,,0,,,,,0,,,,,0,,,,,0,,,,,0,,,,,0,,,,,0,,,,,0,,,,,0,,,,,0,,,,,0,,,,,0,,,,,0,,,,,0,,,,,0,,,,,0,,,,,0,,,,,0,,,,,0,,,,,0,,,,,0,,,,,0,
step-500,500,trial_0025,local_tabicl_regressor,/home/fcolanto/projects/tabicl/checkpoints/epit_pipeline_final_v1/final_epit_pipeline_optuna_fe_ni_v4_trial_0025/step-500.ckpt,1,1,0,238.2755004153507,238.2755004153507,238.2755004153507,0,90.53647295306374,311.606837757368,311.606837757368,311.606837757368,0,106.09436886108884,0.2934999268684808,0.2934999268684808,0.2934999268684808,0,-0.3991915494565824,0.5849052556342226,0.5849052556342226,0.5849052556342226,0,-0.19973527288281157,0.571694946875206,0.571694946875206,0.571694946875206,0,-0.26181650787550903,0.4593572586398132,0.4593572586398132,0.4593572586398132,0,0.17453991681957093,0.6007284110877225,0.6007284110877225,0.6007284110877225,0,0.2045330650956475,,,,0,,,,,0,,,,,0,,,,,0,,,,,0,,,,,0,,,,,0,,,,,0,,,,,0,,,,,0,,,,,0,,,,,0,,,,,0,,,,,0,,,,,0,,,,,0,,,,,0,,,,,0,,,,,0,,,,,0,,,,,0,,,,,0,,,,,0,,,,,0,,,,,0,,,,,0,
step-500,500,generic_baseline,local_tabicl_regressor,/home/fcolanto/projects/tabicl/checkpoints/tabicl_s1_regression_baseline/step-500.ckpt,1,1,0,242.88519686138147,242.88519686138147,242.88519686138147,0,95.1461693990945,320.6524627419316,320.6524627419316,320.6524627419316,0,115.13999384565241,0.2518866363697161,0.2518866363697161,0.2518866363697161,0,-0.44080483995534714,0.581749018592722,0.581749018592722,0.581749018592722,0,-0.20289150992431215,0.5877027628153139,0.5877027628153139,0.5877027628153139,0,-0.2458086919354011,0.4682440200522087,0.4682440200522087,0.4682440200522087,0,0.18342667823196646,0.6181669370308003,0.6181669370308003,0.6181669370308003,0,0.22197159103872532,,,,0,,,,,0,,,,,0,,,,,0,,,,,0,,,,,0,,,,,0,,,,,0,,,,,0,,,,,0,,,,,0,,,,,0,,,,,0,,,,,0,,,,,0,,,,,0,,,,,0,,,,,0,,,,,0,,,,,0,,,,,0,,,,,0,,,,,0,,,,,0,,,,,0,,,,,0,
step-1000,1000,catboost,catboost_regressor,catboost==1.2.10;iterations=1000;depth=6;learning_rate=0.03;l2_leaf_reg=3;thread_count=8,1,1,0,150.36678957921768,150.36678957921768,150.36678957921768,0,2.627762116930711,197.1535948556598,197.1535948556598,197.1535948556598,1,-8.358874040619355,0.7171816047883497,0.7171816047883497,0.7171816047883497,1,0.024490128463286465,0.8101561604970628,0.8101561604970628,0.8101561604970628,1,0.025515631980028708,0.8491104201638314,0.8491104201638314,0.8491104201638314,1,0.01559896541311645,0.2898832491430124,0.2898832491430124,0.2898832491430124,0,0.0050659073227701246,0.38008076661685086,0.38008076661685086,0.38008076661685086,1,-0.016114579375224092,,,,0,,,,,0,,,,,0,,,,,0,,,,,0,,,,,0,,,,,0,,,,,0,,,,,0,,,,,0,,,,,0,,,,,0,,,,,0,,,,,0,,,,,0,,,,,0,,,,,0,,,,,0,,,,,0,,,,,0,,,,,0,,,,,0,,,,,0,,,,,0,,,,,0,,,,,0,
step-1000,1000,pretrained_tabicl_v2,pretrained_tabicl_regressor,/home/fcolanto/.cache/huggingface/hub/models--jingang--TabICL/snapshots/4dcd344ece2c00be9e831fdd35bed57b5ad83e19/tabicl-regressor-v2-20260212.ckpt,1,1,0,147.73902746228697,147.73902746228697,147.73902746228697,1,0.0,205.51246889627916,205.51246889627916,205.51246889627916,0,0.0,0.6926914763250632,0.6926914763250632,0.6926914763250632,0,0.0,0.7846405285170341,0.7846405285170341,0.7846405285170341,0,0.0,0.833511454750715,0.833511454750715,0.833511454750715,0,0.0,0.28481734182024226,0.28481734182024226,0.28481734182024226,1,0.0,0.39619534599207495,0.39619534599207495,0.39619534599207495,0,0.0,,,,0,,,,,0,,,,,0,,,,,0,,,,,0,,,,,0,,,,,0,,,,,0,,,,,0,,,,,0,,,,,0,,,,,0,,,,,0,,,,,0,,,,,0,,,,,0,,,,,0,,,,,0,,,,,0,,,,,0,,,,,0,,,,,0,,,,,0,,,,,0,,,,,0,,,,,0,
step-1000,1000,generic_baseline,local_tabicl_regressor,/home/fcolanto/projects/tabicl/checkpoints/tabicl_s1_regression_baseline/step-1000.ckpt,1,1,0,186.31815646023253,186.31815646023253,186.31815646023253,0,38.57912899794556,256.46278740592714,256.46278740592714,256.46278740592714,0,50.950318509647985,0.5214283485052724,0.5214283485052724,0.5214283485052724,0,-0.1712631278197908,0.6901451049666851,0.6901451049666851,0.6901451049666851,0,-0.09449542355034901,0.7226449782245723,0.7226449782245723,0.7226449782245723,0,-0.11086647652614268,0.35919176515086804,0.35919176515086804,0.35919176515086804,0,0.07437442333062577,0.49441945462523185,0.49441945462523185,0.49441945462523185,0,0.09822410863315689,,,,0,,,,,0,,,,,0,,,,,0,,,,,0,,,,,0,,,,,0,,,,,0,,,,,0,,,,,0,,,,,0,,,,,0,,,,,0,,,,,0,,,,,0,,,,,0,,,,,0,,,,,0,,,,,0,,,,,0,,,,,0,,,,,0,,,,,0,,,,,0,,,,,0,,,,,0,
step-1000,1000,trial_0025,local_tabicl_regressor,/home/fcolanto/projects/tabicl/checkpoints/epit_pipeline_final_v1/final_epit_pipeline_optuna_fe_ni_v4_trial_0025/step-1000.ckpt,1,1,0,221.3280224183817,221.3280224183817,221.32802241838172,0,73.58899495609472,293.3643737814525,293.3643737814525,293.3643737814525,0,87.85190488517335,0.3738000957969675,0.3738000957969675,0.3738000957969675,0,-0.31889138052809574,0.6249250193363483,0.6249250193363483,0.6249250193363483,0,-0.1597155091806859,0.6337081217301067,0.6337081217301067,0.6337081217301067,0,-0.19980333302060826,0.42668521715852,0.42668521715852,0.42668521715852,0,0.14186787533827772,0.5655598426524248,0.5655598426524248,0.5655598426524248,0,0.1693644966603498,,,,0,,,,,0,,,,,0,,,,,0,,,,,0,,,,,0,,,,,0,,,,,0,,,,,0,,,,,0,,,,,0,,,,,0,,,,,0,,,,,0,,,,,0,,,,,0,,,,,0,,,,,0,,,,,0,,,,,0,,,,,0,,,,,0,,,,,0,,,,,0,,,,,0,,,,,0,
step-1500,1500,catboost,catboost_regressor,catboost==1.2.10;iterations=1000;depth=6;learning_rate=0.03;l2_leaf_reg=3;thread_count=8,1,1,0,150.36678957921768,150.36678957921768,150.36678957921768,0,2.627762116930711,197.1535948556598,197.1535948556598,197.1535948556598,1,-8.358874040619355,0.7171816047883497,0.7171816047883497,0.7171816047883497,1,0.024490128463286465,0.8101561604970628,0.8101561604970628,0.8101561604970628,1,0.025515631980028708,0.8491104201638314,0.8491104201638314,0.8491104201638314,1,0.01559896541311645,0.2898832491430124,0.2898832491430124,0.2898832491430124,0,0.0050659073227701246,0.38008076661685086,0.38008076661685086,0.38008076661685086,1,-0.016114579375224092,,,,0,,,,,0,,,,,0,,,,,0,,,,,0,,,,,0,,,,,0,,,,,0,,,,,0,,,,,0,,,,,0,,,,,0,,,,,0,,,,,0,,,,,0,,,,,0,,,,,0,,,,,0,,,,,0,,,,,0,,,,,0,,,,,0,,,,,0,,,,,0,,,,,0,,,,,0,
step-1500,1500,pretrained_tabicl_v2,pretrained_tabicl_regressor,/home/fcolanto/.cache/huggingface/hub/models--jingang--TabICL/snapshots/4dcd344ece2c00be9e831fdd35bed57b5ad83e19/tabicl-regressor-v2-20260212.ckpt,1,1,0,147.73902746228697,147.73902746228697,147.73902746228697,1,0.0,205.51246889627916,205.51246889627916,205.51246889627916,0,0.0,0.6926914763250632,0.6926914763250632,0.6926914763250632,0,0.0,0.7846405285170341,0.7846405285170341,0.7846405285170341,0,0.0,0.833511454750715,0.833511454750715,0.833511454750715,0,0.0,0.28481734182024226,0.28481734182024226,0.28481734182024226,1,0.0,0.39619534599207495,0.39619534599207495,0.39619534599207495,0,0.0,,,,0,,,,,0,,,,,0,,,,,0,,,,,0,,,,,0,,,,,0,,,,,0,,,,,0,,,,,0,,,,,0,,,,,0,,,,,0,,,,,0,,,,,0,,,,,0,,,,,0,,,,,0,,,,,0,,,,,0,,,,,0,,,,,0,,,,,0,,,,,0,,,,,0,,,,,0,
step-1500,1500,trial_0025,local_tabicl_regressor,/home/fcolanto/projects/tabicl/checkpoints/epit_pipeline_final_v1/final_epit_pipeline_optuna_fe_ni_v4_trial_0025/step-1500.ckpt,1,1,0,200.85113057868202,200.85113057868202,200.85113057868202,0,53.11210311639505,280.0681934708804,280.0681934708804,280.0681934708804,0,74.55572457460121,0.4292763977620526,0.4292763977620526,0.42927639776205256,0,-0.2634150785630106,0.7008597861065226,0.7008597861065226,0.7008597861065226,0,-0.08378074241051159,0.6845340460536274,0.6845340460536274,0.6845340460536274,0,-0.14897740869708753,0.38720902726676887,0.38720902726676887,0.38720902726676887,0,0.1023916854465266,0.5399269222422339,0.5399269222422339,0.5399269222422339,0,0.14373157625015898,,,,0,,,,,0,,,,,0,,,,,0,,,,,0,,,,,0,,,,,0,,,,,0,,,,,0,,,,,0,,,,,0,,,,,0,,,,,0,,,,,0,,,,,0,,,,,0,,,,,0,,,,,0,,,,,0,,,,,0,,,,,0,,,,,0,,,,,0,,,,,0,,,,,0,,,,,0,
step-1500,1500,generic_baseline,local_tabicl_regressor,/home/fcolanto/projects/tabicl/checkpoints/tabicl_s1_regression_baseline/step-1500.ckpt,1,1,0,197.19804809066892,197.19804809066892,197.19804809066892,0,49.45902062838195,269.03597842360466,269.03597842360466,269.03597842360466,0,63.5235095273255,0.47335377201817785,0.47335377201817785,0.4733537720181779,0,-0.21933770430688537,0.6251861111963257,0.6251861111963257,0.6251861111963257,0,-0.15945441732070842,0.7105694587961757,0.7105694587961757,0.7105694587961757,0,-0.12294199595453925,0.3801664653820863,0.3801664653820863,0.3801664653820863,0,0.09534912356184405,0.518658566695786,0.518658566695786,0.518658566695786,0,0.12246322070371107,,,,0,,,,,0,,,,,0,,,,,0,,,,,0,,,,,0,,,,,0,,,,,0,,,,,0,,,,,0,,,,,0,,,,,0,,,,,0,,,,,0,,,,,0,,,,,0,,,,,0,,,,,0,,,,,0,,,,,0,,,,,0,,,,,0,,,,,0,,,,,0,,,,,0,,,,,0,
step-2000,2000,catboost,catboost_regressor,catboost==1.2.10;iterations=1000;depth=6;learning_rate=0.03;l2_leaf_reg=3;thread_count=8,1,1,0,150.36678957921768,150.36678957921768,150.36678957921768,0,2.627762116930711,197.1535948556598,197.1535948556598,197.1535948556598,1,-8.358874040619355,0.7171816047883497,0.7171816047883497,0.7171816047883497,1,0.024490128463286465,0.8101561604970628,0.8101561604970628,0.8101561604970628,1,0.025515631980028708,0.8491104201638314,0.8491104201638314,0.8491104201638314,1,0.01559896541311645,0.2898832491430124,0.2898832491430124,0.2898832491430124,0,0.0050659073227701246,0.38008076661685086,0.38008076661685086,0.38008076661685086,1,-0.016114579375224092,,,,0,,,,,0,,,,,0,,,,,0,,,,,0,,,,,0,,,,,0,,,,,0,,,,,0,,,,,0,,,,,0,,,,,0,,,,,0,,,,,0,,,,,0,,,,,0,,,,,0,,,,,0,,,,,0,,,,,0,,,,,0,,,,,0,,,,,0,,,,,0,,,,,0,,,,,0,
step-2000,2000,pretrained_tabicl_v2,pretrained_tabicl_regressor,/home/fcolanto/.cache/huggingface/hub/models--jingang--TabICL/snapshots/4dcd344ece2c00be9e831fdd35bed57b5ad83e19/tabicl-regressor-v2-20260212.ckpt,1,1,0,147.73902746228697,147.73902746228697,147.73902746228697,1,0.0,205.51246889627916,205.51246889627916,205.51246889627916,0,0.0,0.6926914763250632,0.6926914763250632,0.6926914763250632,0,0.0,0.7846405285170341,0.7846405285170341,0.7846405285170341,0,0.0,0.833511454750715,0.833511454750715,0.833511454750715,0,0.0,0.28481734182024226,0.28481734182024226,0.28481734182024226,1,0.0,0.39619534599207495,0.39619534599207495,0.39619534599207495,0,0.0,,,,0,,,,,0,,,,,0,,,,,0,,,,,0,,,,,0,,,,,0,,,,,0,,,,,0,,,,,0,,,,,0,,,,,0,,,,,0,,,,,0,,,,,0,,,,,0,,,,,0,,,,,0,,,,,0,,,,,0,,,,,0,,,,,0,,,,,0,,,,,0,,,,,0,,,,,0,
step-2000,2000,trial_0025,local_tabicl_regressor,/home/fcolanto/projects/tabicl/checkpoints/epit_pipeline_final_v1/final_epit_pipeline_optuna_fe_ni_v4_trial_0025/step-2000.ckpt,1,1,0,192.81722985186337,192.81722985186337,192.81722985186337,0,45.078202389576404,262.5043878548197,262.5043878548197,262.5043878548197,0,56.99191895854054,0.4986149417905892,0.4986149417905892,0.4986149417905892,0,-0.19407653453447404,0.6723280642434082,0.6723280642434082,0.6723280642434082,0,-0.11231246427362596,0.7220339888445471,0.7220339888445471,0.7220339888445471,0,-0.11147746590616792,0.37172094474203243,0.37172094474203243,0.37172094474203243,0,0.08690360292179017,0.5060666991600776,0.5060666991600776,0.5060666991600776,0,0.10987135316800267,,,,0,,,,,0,,,,,0,,,,,0,,,,,0,,,,,0,,,,,0,,,,,0,,,,,0,,,,,0,,,,,0,,,,,0,,,,,0,,,,,0,,,,,0,,,,,0,,,,,0,,,,,0,,,,,0,,,,,0,,,,,0,,,,,0,,,,,0,,,,,0,,,,,0,,,,,0,
step-2000,2000,generic_baseline,local_tabicl_regressor,/home/fcolanto/projects/tabicl/checkpoints/tabicl_s1_regression_baseline/step-2000.ckpt,1,1,0,208.12745624226423,208.12745624226423,208.12745624226423,0,60.38842877997726,271.67767319937514,271.67767319937514,271.67767319937514,0,66.16520430309598,0.46296059737994366,0.46296059737994366,0.46296059737994366,0,-0.22973087894511957,0.6118671213772188,0.6118671213772188,0.6118671213772188,0,-0.17277340713981537,0.7088079829816495,0.7088079829816495,0.7088079829816495,0,-0.12470347176906549,0.40123662558874185,0.40123662558874185,0.40123662558874185,0,0.11641928376849958,0.5237513339683162,0.5237513339683162,0.5237513339683162,0,0.12755598797624124,,,,0,,,,,0,,,,,0,,,,,0,,,,,0,,,,,0,,,,,0,,,,,0,,,,,0,,,,,0,,,,,0,,,,,0,,,,,0,,,,,0,,,,,0,,,,,0,,,,,0,,,,,0,,,,,0,,,,,0,,,,,0,,,,,0,,,,,0,,,,,0,,,,,0,,,,,0,
step-2500,2500,catboost,catboost_regressor,catboost==1.2.10;iterations=1000;depth=6;learning_rate=0.03;l2_leaf_reg=3;thread_count=8,1,1,0,150.36678957921768,150.36678957921768,150.36678957921768,0,2.627762116930711,197.1535948556598,197.1535948556598,197.1535948556598,1,-8.358874040619355,0.7171816047883497,0.7171816047883497,0.7171816047883497,1,0.024490128463286465,0.8101561604970628,0.8101561604970628,0.8101561604970628,1,0.025515631980028708,0.8491104201638314,0.8491104201638314,0.8491104201638314,1,0.01559896541311645,0.2898832491430124,0.2898832491430124,0.2898832491430124,0,0.0050659073227701246,0.38008076661685086,0.38008076661685086,0.38008076661685086,1,-0.016114579375224092,,,,0,,,,,0,,,,,0,,,,,0,,,,,0,,,,,0,,,,,0,,,,,0,,,,,0,,,,,0,,,,,0,,,,,0,,,,,0,,,,,0,,,,,0,,,,,0,,,,,0,,,,,0,,,,,0,,,,,0,,,,,0,,,,,0,,,,,0,,,,,0,,,,,0,,,,,0,
step-2500,2500,pretrained_tabicl_v2,pretrained_tabicl_regressor,/home/fcolanto/.cache/huggingface/hub/models--jingang--TabICL/snapshots/4dcd344ece2c00be9e831fdd35bed57b5ad83e19/tabicl-regressor-v2-20260212.ckpt,1,1,0,147.73902746228697,147.73902746228697,147.73902746228697,1,0.0,205.51246889627916,205.51246889627916,205.51246889627916,0,0.0,0.6926914763250632,0.6926914763250632,0.6926914763250632,0,0.0,0.7846405285170341,0.7846405285170341,0.7846405285170341,0,0.0,0.833511454750715,0.833511454750715,0.833511454750715,0,0.0,0.28481734182024226,0.28481734182024226,0.28481734182024226,1,0.0,0.39619534599207495,0.39619534599207495,0.39619534599207495,0,0.0,,,,0,,,,,0,,,,,0,,,,,0,,,,,0,,,,,0,,,,,0,,,,,0,,,,,0,,,,,0,,,,,0,,,,,0,,,,,0,,,,,0,,,,,0,,,,,0,,,,,0,,,,,0,,,,,0,,,,,0,,,,,0,,,,,0,,,,,0,,,,,0,,,,,0,,,,,0,
step-2500,2500,trial_0025,local_tabicl_regressor,/home/fcolanto/projects/tabicl/checkpoints/epit_pipeline_final_v1/final_epit_pipeline_optuna_fe_ni_v4_trial_0025/step-2500.ckpt,1,1,0,206.19404133079584,206.19404133079584,206.19404133079584,0,58.45501386850887,262.9512414012792,262.9512414012792,262.9512414012792,0,57.43877250500006,0.49690650265590686,0.49690650265590686,0.4969065026559068,0,-0.19578497366915637,0.6591875422779566,0.6591875422779566,0.6591875422779566,0,-0.12545298623907752,0.7119865135363559,0.7119865135363559,0.7119865135363559,0,-0.12152494121435908,0.3975093092175777,0.3975093092175777,0.3975093092175777,0,0.11269196739733545,0.506928161709762,0.506928161709762,0.506928161709762,0,0.110732815717687,,,,0,,,,,0,,,,,0,,,,,0,,,,,0,,,,,0,,,,,0,,,,,0,,,,,0,,,,,0,,,,,0,,,,,0,,,,,0,,,,,0,,,,,0,,,,,0,,,,,0,,,,,0,,,,,0,,,,,0,,,,,0,,,,,0,,,,,0,,,,,0,,,,,0,,,,,0,
step-2500,2500,generic_baseline,local_tabicl_regressor,/home/fcolanto/projects/tabicl/checkpoints/tabicl_s1_regression_baseline/step-2500.ckpt,1,1,0,185.7651764065789,185.7651764065789,185.7651764065789,0,38.02614894429192,258.26395071325913,258.26395071325913,258.26395071325913,0,52.751481816979975,0.5146826321976612,0.5146826321976612,0.5146826321976612,0,-0.17800884412740203,0.6515299493720335,0.6515299493720335,0.6515299493720335,0,-0.13311057914500068,0.7299690959748637,0.7299690959748637,0.7299690959748637,0,-0.10354235877585127,0.3581257075784947,0.3581257075784947,0.3581257075784947,0,0.07330836575825245,0.49789181094292456,0.49789181094292456,0.49789181094292456,0,0.10169646495084961,,,,0,,,,,0,,,,,0,,,,,0,,,,,0,,,,,0,,,,,0,,,,,0,,,,,0,,,,,0,,,,,0,,,,,0,,,,,0,,,,,0,,,,,0,,,,,0,,,,,0,,,,,0,,,,,0,,,,,0,,,,,0,,,,,0,,,,,0,,,,,0,,,,,0,,,,,0,
step-3000,3000,catboost,catboost_regressor,catboost==1.2.10;iterations=1000;depth=6;learning_rate=0.03;l2_leaf_reg=3;thread_count=8,1,1,0,150.36678957921768,150.36678957921768,150.36678957921768,0,2.627762116930711,197.1535948556598,197.1535948556598,197.1535948556598,1,-8.358874040619355,0.7171816047883497,0.7171816047883497,0.7171816047883497,1,0.024490128463286465,0.8101561604970628,0.8101561604970628,0.8101561604970628,1,0.025515631980028708,0.8491104201638314,0.8491104201638314,0.8491104201638314,1,0.01559896541311645,0.2898832491430124,0.2898832491430124,0.2898832491430124,0,0.0050659073227701246,0.38008076661685086,0.38008076661685086,0.38008076661685086,1,-0.016114579375224092,,,,0,,,,,0,,,,,0,,,,,0,,,,,0,,,,,0,,,,,0,,,,,0,,,,,0,,,,,0,,,,,0,,,,,0,,,,,0,,,,,0,,,,,0,,,,,0,,,,,0,,,,,0,,,,,0,,,,,0,,,,,0,,,,,0,,,,,0,,,,,0,,,,,0,,,,,0,
step-3000,3000,pretrained_tabicl_v2,pretrained_tabicl_regressor,/home/fcolanto/.cache/huggingface/hub/models--jingang--TabICL/snapshots/4dcd344ece2c00be9e831fdd35bed57b5ad83e19/tabicl-regressor-v2-20260212.ckpt,1,1,0,147.73902746228697,147.73902746228697,147.73902746228697,1,0.0,205.51246889627916,205.51246889627916,205.51246889627916,0,0.0,0.6926914763250632,0.6926914763250632,0.6926914763250632,0,0.0,0.7846405285170341,0.7846405285170341,0.7846405285170341,0,0.0,0.833511454750715,0.833511454750715,0.833511454750715,0,0.0,0.28481734182024226,0.28481734182024226,0.28481734182024226,1,0.0,0.39619534599207495,0.39619534599207495,0.39619534599207495,0,0.0,,,,0,,,,,0,,,,,0,,,,,0,,,,,0,,,,,0,,,,,0,,,,,0,,,,,0,,,,,0,,,,,0,,,,,0,,,,,0,,,,,0,,,,,0,,,,,0,,,,,0,,,,,0,,,,,0,,,,,0,,,,,0,,,,,0,,,,,0,,,,,0,,,,,0,,,,,0,
step-3000,3000,generic_baseline,local_tabicl_regressor,/home/fcolanto/projects/tabicl/checkpoints/tabicl_s1_regression_baseline/step-3000.ckpt,1,1,0,174.15350694747048,174.15350694747048,174.15350694747048,0,26.414479485183506,243.64560119878578,243.64560119878578,243.64560119878578,0,38.133132302506624,0.568067977390268,0.568067977390268,0.568067977390268,0,-0.12462349893479518,0.6928981368573341,0.6928981368573341,0.6928981368573341,0,-0.0917423916597,0.7575696191974126,0.7575696191974126,0.7575696191974126,0,-0.07594183555330236,0.33574025610878894,0.33574025610878894,0.33574025610878894,0,0.05092291428854667,0.46970995864547155,0.46970995864547155,0.46970995864547155,0,0.0735146126533966,,,,0,,,,,0,,,,,0,,,,,0,,,,,0,,,,,0,,,,,0,,,,,0,,,,,0,,,,,0,,,,,0,,,,,0,,,,,0,,,,,0,,,,,0,,,,,0,,,,,0,,,,,0,,,,,0,,,,,0,,,,,0,,,,,0,,,,,0,,,,,0,,,,,0,,,,,0,
step-3000,3000,trial_0025,local_tabicl_regressor,/home/fcolanto/projects/tabicl/checkpoints/epit_pipeline_final_v1/final_epit_pipeline_optuna_fe_ni_v4_trial_0025/step-3000.ckpt,1,1,0,209.45558842139943,209.45558842139943,209.45558842139943,0,61.716560959112456,282.17234426889144,282.17234426889144,282.17234426889144,0,76.65987537261228,0.42066849664632355,0.42066849664632355,0.42066849664632355,0,-0.2720229796787397,0.6314159612730048,0.6314159612730048,0.6314159612730048,0,-0.15322456724402933,0.6686656402752461,0.6686656402752461,0.6686656402752461,0,-0.16484581447546887,0.4037970531436327,0.4037970531436327,0.4037970531436327,0,0.11897971132339041,0.54398339024106,0.54398339024106,0.54398339024106,0,0.14778804424898506,,,,0,,,,,0,,,,,0,,,,,0,,,,,0,,,,,0,,,,,0,,,,,0,,,,,0,,,,,0,,,,,0,,,,,0,,,,,0,,,,,0,,,,,0,,,,,0,,,,,0,,,,,0,,,,,0,,,,,0,,,,,0,,,,,0,,,,,0,,,,,0,,,,,0,,,,,0,
step-3500,3500,catboost,catboost_regressor,catboost==1.2.10;iterations=1000;depth=6;learning_rate=0.03;l2_leaf_reg=3;thread_count=8,1,1,0,150.36678957921768,150.36678957921768,150.36678957921768,0,2.627762116930711,197.1535948556598,197.1535948556598,197.1535948556598,1,-8.358874040619355,0.7171816047883497,0.7171816047883497,0.7171816047883497,1,0.024490128463286465,0.8101561604970628,0.8101561604970628,0.8101561604970628,1,0.025515631980028708,0.8491104201638314,0.8491104201638314,0.8491104201638314,1,0.01559896541311645,0.2898832491430124,0.2898832491430124,0.2898832491430124,0,0.0050659073227701246,0.38008076661685086,0.38008076661685086,0.38008076661685086,1,-0.016114579375224092,,,,0,,,,,0,,,,,0,,,,,0,,,,,0,,,,,0,,,,,0,,,,,0,,,,,0,,,,,0,,,,,0,,,,,0,,,,,0,,,,,0,,,,,0,,,,,0,,,,,0,,,,,0,,,,,0,,,,,0,,,,,0,,,,,0,,,,,0,,,,,0,,,,,0,,,,,0,
step-3500,3500,pretrained_tabicl_v2,pretrained_tabicl_regressor,/home/fcolanto/.cache/huggingface/hub/models--jingang--TabICL/snapshots/4dcd344ece2c00be9e831fdd35bed57b5ad83e19/tabicl-regressor-v2-20260212.ckpt,1,1,0,147.73902746228697,147.73902746228697,147.73902746228697,1,0.0,205.51246889627916,205.51246889627916,205.51246889627916,0,0.0,0.6926914763250632,0.6926914763250632,0.6926914763250632,0,0.0,0.7846405285170341,0.7846405285170341,0.7846405285170341,0,0.0,0.833511454750715,0.833511454750715,0.833511454750715,0,0.0,0.28481734182024226,0.28481734182024226,0.28481734182024226,1,0.0,0.39619534599207495,0.39619534599207495,0.39619534599207495,0,0.0,,,,0,,,,,0,,,,,0,,,,,0,,,,,0,,,,,0,,,,,0,,,,,0,,,,,0,,,,,0,,,,,0,,,,,0,,,,,0,,,,,0,,,,,0,,,,,0,,,,,0,,,,,0,,,,,0,,,,,0,,,,,0,,,,,0,,,,,0,,,,,0,,,,,0,,,,,0,
step-3500,3500,generic_baseline,local_tabicl_regressor,/home/fcolanto/projects/tabicl/checkpoints/tabicl_s1_regression_baseline/step-3500.ckpt,1,1,0,194.14560285208438,194.14560285208438,194.14560285208438,0,46.40657538979741,249.07228564207895,249.07228564207895,249.07228564207895,0,43.55981674579979,0.5486129812045552,0.5486129812045552,0.5486129812045552,0,-0.14407849512050808,0.6986652924986101,0.6986652924986101,0.6986652924986101,0,-0.08597523601842405,0.7581342191809655,0.7581342191809655,0.7581342191809655,0,-0.07537723556974951,0.3742818365616656,0.3742818365616656,0.3742818365616656,0,0.08946449474142332,0.4801717429457003,0.4801717429457003,0.48017174294570036,0,0.08397639695362535,,,,0,,,,,0,,,,,0,,,,,0,,,,,0,,,,,0,,,,,0,,,,,0,,,,,0,,,,,0,,,,,0,,,,,0,,,,,0,,,,,0,,,,,0,,,,,0,,,,,0,,,,,0,,,,,0,,,,,0,,,,,0,,,,,0,,,,,0,,,,,0,,,,,0,,,,,0,
step-3500,3500,trial_0025,local_tabicl_regressor,/home/fcolanto/projects/tabicl/checkpoints/epit_pipeline_final_v1/final_epit_pipeline_optuna_fe_ni_v4_trial_0025/step-3500.ckpt,1,1,0,198.51848939473294,198.51848939473294,198.51848939473294,0,50.77946193244597,261.874576670344,261.874576670344,261.874576670344,0,56.36210777406487,0.5010179424136803,0.5010179424136803,0.5010179424136803,0,-0.19167353391138298,0.6912423517706412,0.6912423517706412,0.6912423517706412,0,-0.09339817674639295,0.7197119173879856,0.7197119173879856,0.7197119173879856,0,-0.11379953736272941,0.38271206615334613,0.38271206615334613,0.38271206615334613,0,0.09789472433310387,0.504852523390193,0.504852523390193,0.504852523390193,0,0.10865717739811809,,,,0,,,,,0,,,,,0,,,,,0,,,,,0,,,,,0,,,,,0,,,,,0,,,,,0,,,,,0,,,,,0,,,,,0,,,,,0,,,,,0,,,,,0,,,,,0,,,,,0,,,,,0,,,,,0,,,,,0,,,,,0,,,,,0,,,,,0,,,,,0,,,,,0,,,,,0,
step-4000,4000,catboost,catboost_regressor,catboost==1.2.10;iterations=1000;depth=6;learning_rate=0.03;l2_leaf_reg=3;thread_count=8,1,1,0,150.36678957921768,150.36678957921768,150.36678957921768,0,2.627762116930711,197.1535948556598,197.1535948556598,197.1535948556598,1,-8.358874040619355,0.7171816047883497,0.7171816047883497,0.7171816047883497,1,0.024490128463286465,0.8101561604970628,0.8101561604970628,0.8101561604970628,1,0.025515631980028708,0.8491104201638314,0.8491104201638314,0.8491104201638314,1,0.01559896541311645,0.2898832491430124,0.2898832491430124,0.2898832491430124,0,0.0050659073227701246,0.38008076661685086,0.38008076661685086,0.38008076661685086,1,-0.016114579375224092,,,,0,,,,,0,,,,,0,,,,,0,,,,,0,,,,,0,,,,,0,,,,,0,,,,,0,,,,,0,,,,,0,,,,,0,,,,,0,,,,,0,,,,,0,,,,,0,,,,,0,,,,,0,,,,,0,,,,,0,,,,,0,,,,,0,,,,,0,,,,,0,,,,,0,,,,,0,
step-4000,4000,pretrained_tabicl_v2,pretrained_tabicl_regressor,/home/fcolanto/.cache/huggingface/hub/models--jingang--TabICL/snapshots/4dcd344ece2c00be9e831fdd35bed57b5ad83e19/tabicl-regressor-v2-20260212.ckpt,1,1,0,147.73902746228697,147.73902746228697,147.73902746228697,1,0.0,205.51246889627916,205.51246889627916,205.51246889627916,0,0.0,0.6926914763250632,0.6926914763250632,0.6926914763250632,0,0.0,0.7846405285170341,0.7846405285170341,0.7846405285170341,0,0.0,0.833511454750715,0.833511454750715,0.833511454750715,0,0.0,0.28481734182024226,0.28481734182024226,0.28481734182024226,1,0.0,0.39619534599207495,0.39619534599207495,0.39619534599207495,0,0.0,,,,0,,,,,0,,,,,0,,,,,0,,,,,0,,,,,0,,,,,0,,,,,0,,,,,0,,,,,0,,,,,0,,,,,0,,,,,0,,,,,0,,,,,0,,,,,0,,,,,0,,,,,0,,,,,0,,,,,0,,,,,0,,,,,0,,,,,0,,,,,0,,,,,0,,,,,0,
step-4000,4000,generic_baseline,local_tabicl_regressor,/home/fcolanto/projects/tabicl/checkpoints/tabicl_s1_regression_baseline/step-4000.ckpt,1,1,0,179.15598381164426,179.15598381164426,179.15598381164426,0,31.416956349357292,242.41229817293106,242.41229817293106,242.4122981729311,0,36.8998292766519,0.5724296800457604,0.5724296800457604,0.5724296800457604,0,-0.12026179627930278,0.690614409322594,0.690614409322594,0.690614409322594,0,-0.09402611919444015,0.7662737422582899,0.7662737422582899,0.7662737422582899,0,-0.06723771249242505,0.34538423568172166,0.34538423568172166,0.34538423568172166,0,0.0605668938614794,0.4673323466121686,0.4673323466121686,0.4673323466121686,0,0.07113700062009365,,,,0,,,,,0,,,,,0,,,,,0,,,,,0,,,,,0,,,,,0,,,,,0,,,,,0,,,,,0,,,,,0,,,,,0,,,,,0,,,,,0,,,,,0,,,,,0,,,,,0,,,,,0,,,,,0,,,,,0,,,,,0,,,,,0,,,,,0,,,,,0,,,,,0,,,,,0,
step-4000,4000,trial_0025,local_tabicl_regressor,/home/fcolanto/projects/tabicl/checkpoints/epit_pipeline_final_v1/final_epit_pipeline_optuna_fe_ni_v4_trial_0025/step-4000.ckpt,1,1,0,195.04685468879003,195.04685468879003,195.04685468879003,0,47.307827226503065,256.586697671887,256.586697671887,256.586697671887,0,51.07422877560785,0.5209657919945839,0.5209657919945839,0.5209657919945839,0,-0.1717256843304793,0.6730452406182832,0.6730452406182832,0.6730452406182832,0,-0.11159528789875095,0.7297177919404301,0.7297177919404301,0.7297177919404301,0,-0.1037936628102849,0.37601930672679607,0.37601930672679607,0.37601930672679607,0,0.0912019649065538,0.4946583339056842,0.4946583339056842,0.49465833390568426,0,0.09846298791360925,,,,0,,,,,0,,,,,0,,,,,0,,,,,0,,,,,0,,,,,0,,,,,0,,,,,0,,,,,0,,,,,0,,,,,0,,,,,0,,,,,0,,,,,0,,,,,0,,,,,0,,,,,0,,,,,0,,,,,0,,,,,0,,,,,0,,,,,0,,,,,0,,,,,0,,,,,0,
step-4500,4500,catboost,catboost_regressor,catboost==1.2.10;iterations=1000;depth=6;learning_rate=0.03;l2_leaf_reg=3;thread_count=8,1,1,0,150.36678957921768,150.36678957921768,150.36678957921768,0,2.627762116930711,197.1535948556598,197.1535948556598,197.1535948556598,1,-8.358874040619355,0.7171816047883497,0.7171816047883497,0.7171816047883497,1,0.024490128463286465,0.8101561604970628,0.8101561604970628,0.8101561604970628,1,0.025515631980028708,0.8491104201638314,0.8491104201638314,0.8491104201638314,1,0.01559896541311645,0.2898832491430124,0.2898832491430124,0.2898832491430124,0,0.0050659073227701246,0.38008076661685086,0.38008076661685086,0.38008076661685086,1,-0.016114579375224092,,,,0,,,,,0,,,,,0,,,,,0,,,,,0,,,,,0,,,,,0,,,,,0,,,,,0,,,,,0,,,,,0,,,,,0,,,,,0,,,,,0,,,,,0,,,,,0,,,,,0,,,,,0,,,,,0,,,,,0,,,,,0,,,,,0,,,,,0,,,,,0,,,,,0,,,,,0,
step-4500,4500,pretrained_tabicl_v2,pretrained_tabicl_regressor,/home/fcolanto/.cache/huggingface/hub/models--jingang--TabICL/snapshots/4dcd344ece2c00be9e831fdd35bed57b5ad83e19/tabicl-regressor-v2-20260212.ckpt,1,1,0,147.73902746228697,147.73902746228697,147.73902746228697,1,0.0,205.51246889627916,205.51246889627916,205.51246889627916,0,0.0,0.6926914763250632,0.6926914763250632,0.6926914763250632,0,0.0,0.7846405285170341,0.7846405285170341,0.7846405285170341,0,0.0,0.833511454750715,0.833511454750715,0.833511454750715,0,0.0,0.28481734182024226,0.28481734182024226,0.28481734182024226,1,0.0,0.39619534599207495,0.39619534599207495,0.39619534599207495,0,0.0,,,,0,,,,,0,,,,,0,,,,,0,,,,,0,,,,,0,,,,,0,,,,,0,,,,,0,,,,,0,,,,,0,,,,,0,,,,,0,,,,,0,,,,,0,,,,,0,,,,,0,,,,,0,,,,,0,,,,,0,,,,,0,,,,,0,,,,,0,,,,,0,,,,,0,,,,,0,
step-4500,4500,generic_baseline,local_tabicl_regressor,/home/fcolanto/projects/tabicl/checkpoints/tabicl_s1_regression_baseline/step-4500.ckpt,1,1,0,191.06708285719446,191.06708285719446,191.06708285719446,0,43.328055394907494,246.40637051291694,246.40637051291694,246.40637051291694,0,40.89390161663778,0.5582240021415679,0.5582240021415679,0.5582240021415679,0,-0.13446747418349536,0.6896691906902704,0.6896691906902704,0.6896691906902704,0,-0.0949713378267637,0.7518734286885377,0.7518734286885377,0.7518734286885377,0,-0.0816380260621773,0.36834693975920196,0.36834693975920196,0.36834693975920196,0,0.0835295979389597,0.4750322826849367,0.4750322826849367,0.4750322826849367,0,0.07883693669286174,,,,0,,,,,0,,,,,0,,,,,0,,,,,0,,,,,0,,,,,0,,,,,0,,,,,0,,,,,0,,,,,0,,,,,0,,,,,0,,,,,0,,,,,0,,,,,0,,,,,0,,,,,0,,,,,0,,,,,0,,,,,0,,,,,0,,,,,0,,,,,0,,,,,0,,,,,0,
step-4500,4500,trial_0025,local_tabicl_regressor,/home/fcolanto/projects/tabicl/checkpoints/epit_pipeline_final_v1/final_epit_pipeline_optuna_fe_ni_v4_trial_0025/step-4500.ckpt,1,1,0,208.68766416709153,208.68766416709153,208.68766416709153,0,60.94863670480456,266.99526488514965,266.99526488514965,266.99526488514965,0,61.48279598887049,0.4813129900646238,0.4813129900646238,0.4813129900646238,0,-0.21137848626043942,0.6657247536581536,0.6657247536581536,0.6657247536581536,0,-0.1189157748588805,0.6992478066981457,0.6992478066981457,0.6992478066981457,0,-0.1342636480525693,0.40231661734688895,0.40231661734688895,0.40231661734688895,0,0.11749927552664668,0.5147243956414401,0.5147243956414401,0.5147243956414401,0,0.11852904964936517,,,,0,,,,,0,,,,,0,,,,,0,,,,,0,,,,,0,,,,,0,,,,,0,,,,,0,,,,,0,,,,,0,,,,,0,,,,,0,,,,,0,,,,,0,,,,,0,,,,,0,,,,,0,,,,,0,,,,,0,,,,,0,,,,,0,,,,,0,,,,,0,,,,,0,,,,,0,
step-5000,5000,catboost,catboost_regressor,catboost==1.2.10;iterations=1000;depth=6;learning_rate=0.03;l2_leaf_reg=3;thread_count=8,1,1,0,150.36678957921768,150.36678957921768,150.36678957921768,0,2.627762116930711,197.1535948556598,197.1535948556598,197.1535948556598,1,-8.358874040619355,0.7171816047883497,0.7171816047883497,0.7171816047883497,1,0.024490128463286465,0.8101561604970628,0.8101561604970628,0.8101561604970628,1,0.025515631980028708,0.8491104201638314,0.8491104201638314,0.8491104201638314,1,0.01559896541311645,0.2898832491430124,0.2898832491430124,0.2898832491430124,0,0.0050659073227701246,0.38008076661685086,0.38008076661685086,0.38008076661685086,1,-0.016114579375224092,,,,0,,,,,0,,,,,0,,,,,0,,,,,0,,,,,0,,,,,0,,,,,0,,,,,0,,,,,0,,,,,0,,,,,0,,,,,0,,,,,0,,,,,0,,,,,0,,,,,0,,,,,0,,,,,0,,,,,0,,,,,0,,,,,0,,,,,0,,,,,0,,,,,0,,,,,0,
step-5000,5000,pretrained_tabicl_v2,pretrained_tabicl_regressor,/home/fcolanto/.cache/huggingface/hub/models--jingang--TabICL/snapshots/4dcd344ece2c00be9e831fdd35bed57b5ad83e19/tabicl-regressor-v2-20260212.ckpt,1,1,0,147.73902746228697,147.73902746228697,147.73902746228697,1,0.0,205.51246889627916,205.51246889627916,205.51246889627916,0,0.0,0.6926914763250632,0.6926914763250632,0.6926914763250632,0,0.0,0.7846405285170341,0.7846405285170341,0.7846405285170341,0,0.0,0.833511454750715,0.833511454750715,0.833511454750715,0,0.0,0.28481734182024226,0.28481734182024226,0.28481734182024226,1,0.0,0.39619534599207495,0.39619534599207495,0.39619534599207495,0,0.0,,,,0,,,,,0,,,,,0,,,,,0,,,,,0,,,,,0,,,,,0,,,,,0,,,,,0,,,,,0,,,,,0,,,,,0,,,,,0,,,,,0,,,,,0,,,,,0,,,,,0,,,,,0,,,,,0,,,,,0,,,,,0,,,,,0,,,,,0,,,,,0,,,,,0,,,,,0,
step-5000,5000,generic_baseline,local_tabicl_regressor,/home/fcolanto/projects/tabicl/checkpoints/tabicl_s1_regression_baseline/step-5000.ckpt,1,1,0,191.00028940153686,191.00028940153686,191.00028940153686,0,43.26126193924989,236.03265231626747,236.03265231626747,236.03265231626747,0,30.520183419988314,0.5946385673061174,0.5946385673061174,0.5946385673061174,0,-0.09805290901894581,0.7256569028838822,0.7256569028838822,0.7256569028838822,0,-0.05898362563315196,0.7890874150525853,0.7890874150525853,0.7890874150525853,0,-0.04442403969812969,0.3682181726025599,0.3682181726025599,0.3682181726025599,0,0.08340083078231764,0.45503340430924005,0.45503340430924005,0.4550334043092401,0,0.0588380583171651,,,,0,,,,,0,,,,,0,,,,,0,,,,,0,,,,,0,,,,,0,,,,,0,,,,,0,,,,,0,,,,,0,,,,,0,,,,,0,,,,,0,,,,,0,,,,,0,,,,,0,,,,,0,,,,,0,,,,,0,,,,,0,,,,,0,,,,,0,,,,,0,,,,,0,,,,,0,
step-5000,5000,trial_0025,local_tabicl_regressor,/home/fcolanto/projects/tabicl/checkpoints/epit_pipeline_final_v1/final_epit_pipeline_optuna_fe_ni_v4_trial_0025/step-5000.ckpt,1,1,0,198.13312144093928,198.13312144093928,198.13312144093928,0,50.39409397865231,260.3937247490689,260.3937247490689,260.3937247490689,0,54.881255852789735,0.5066452875704426,0.5066452875704426,0.5066452875704426,0,-0.18604618875462064,0.6945539219440271,0.6945539219440271,0.6945539219440271,0,-0.09008660657300704,0.7242409213830024,0.7242409213830024,0.7242409213830024,0,-0.10927053336771253,0.38196913804485944,0.38196913804485944,0.38196913804485944,0,0.09715179622461717,0.5019976764679427,0.5019976764679427,0.5019976764679427,0,0.10580233047586773,,,,0,,,,,0,,,,,0,,,,,0,,,,,0,,,,,0,,,,,0,,,,,0,,,,,0,,,,,0,,,,,0,,,,,0,,,,,0,,,,,0,,,,,0,,,,,0,,,,,0,,,,,0,,,,,0,,,,,0,,,,,0,,,,,0,,,,,0,,,,,0,,,,,0,,,,,0,
step-5500,5500,catboost,catboost_regressor,catboost==1.2.10;iterations=1000;depth=6;learning_rate=0.03;l2_leaf_reg=3;thread_count=8,1,1,0,150.36678957921768,150.36678957921768,150.36678957921768,0,2.627762116930711,197.1535948556598,197.1535948556598,197.1535948556598,1,-8.358874040619355,0.7171816047883497,0.7171816047883497,0.7171816047883497,1,0.024490128463286465,0.8101561604970628,0.8101561604970628,0.8101561604970628,1,0.025515631980028708,0.8491104201638314,0.8491104201638314,0.8491104201638314,1,0.01559896541311645,0.2898832491430124,0.2898832491430124,0.2898832491430124,0,0.0050659073227701246,0.38008076661685086,0.38008076661685086,0.38008076661685086,1,-0.016114579375224092,,,,0,,,,,0,,,,,0,,,,,0,,,,,0,,,,,0,,,,,0,,,,,0,,,,,0,,,,,0,,,,,0,,,,,0,,,,,0,,,,,0,,,,,0,,,,,0,,,,,0,,,,,0,,,,,0,,,,,0,,,,,0,,,,,0,,,,,0,,,,,0,,,,,0,,,,,0,
step-5500,5500,pretrained_tabicl_v2,pretrained_tabicl_regressor,/home/fcolanto/.cache/huggingface/hub/models--jingang--TabICL/snapshots/4dcd344ece2c00be9e831fdd35bed57b5ad83e19/tabicl-regressor-v2-20260212.ckpt,1,1,0,147.73902746228697,147.73902746228697,147.73902746228697,1,0.0,205.51246889627916,205.51246889627916,205.51246889627916,0,0.0,0.6926914763250632,0.6926914763250632,0.6926914763250632,0,0.0,0.7846405285170341,0.7846405285170341,0.7846405285170341,0,0.0,0.833511454750715,0.833511454750715,0.833511454750715,0,0.0,0.28481734182024226,0.28481734182024226,0.28481734182024226,1,0.0,0.39619534599207495,0.39619534599207495,0.39619534599207495,0,0.0,,,,0,,,,,0,,,,,0,,,,,0,,,,,0,,,,,0,,,,,0,,,,,0,,,,,0,,,,,0,,,,,0,,,,,0,,,,,0,,,,,0,,,,,0,,,,,0,,,,,0,,,,,0,,,,,0,,,,,0,,,,,0,,,,,0,,,,,0,,,,,0,,,,,0,,,,,0,
step-5500,5500,generic_baseline,local_tabicl_regressor,/home/fcolanto/projects/tabicl/checkpoints/tabicl_s1_regression_baseline/step-5500.ckpt,1,1,0,178.67315456449788,178.67315456449788,178.67315456449788,0,30.93412710221091,238.398260723893,238.398260723893,238.398260723893,0,32.88579182761384,0.586472478714269,0.586472478714269,0.586472478714269,0,-0.10621899761079423,0.7021751602871689,0.7021751602871689,0.7021751602871689,0,-0.08246536822986528,0.7750948500275057,0.7750948500275057,0.7750948500275057,0,-0.05841660472320931,0.3444534177043229,0.3444534177043229,0.3444534177043229,0,0.05963607588408065,0.459593920985306,0.459593920985306,0.459593920985306,0,0.06339857499323104,,,,0,,,,,0,,,,,0,,,,,0,,,,,0,,,,,0,,,,,0,,,,,0,,,,,0,,,,,0,,,,,0,,,,,0,,,,,0,,,,,0,,,,,0,,,,,0,,,,,0,,,,,0,,,,,0,,,,,0,,,,,0,,,,,0,,,,,0,,,,,0,,,,,0,,,,,0,
step-5500,5500,trial_0025,local_tabicl_regressor,/home/fcolanto/projects/tabicl/checkpoints/epit_pipeline_final_v1/final_epit_pipeline_optuna_fe_ni_v4_trial_0025/step-5500.ckpt,1,1,0,207.03607741562269,207.03607741562269,207.03607741562269,0,59.297049953335716,266.3256565021962,266.3256565021962,266.3256565021962,0,60.81318760591702,0.48391140052436243,0.48391140052436243,0.48391140052436243,0,-0.2087800758007008,0.6647266556617839,0.6647266556617839,0.6647266556617839,0,-0.11991387285525024,0.6969743714253848,0.6969743714253848,0.6969743714253848,0,-0.1365370833253302,0.39913262083344936,0.39913262083344936,0.39913262083344936,0,0.1143152790132071,0.513433497204045,0.513433497204045,0.513433497204045,0,0.11723815121197001,,,,0,,,,,0,,,,,0,,,,,0,,,,,0,,,,,0,,,,,0,,,,,0,,,,,0,,,,,0,,,,,0,,,,,0,,,,,0,,,,,0,,,,,0,,,,,0,,,,,0,,,,,0,,,,,0,,,,,0,,,,,0,,,,,0,,,,,0,,,,,0,,,,,0,,,,,0,
step-6000,6000,catboost,catboost_regressor,catboost==1.2.10;iterations=1000;depth=6;learning_rate=0.03;l2_leaf_reg=3;thread_count=8,1,1,0,150.36678957921768,150.36678957921768,150.36678957921768,0,2.627762116930711,197.1535948556598,197.1535948556598,197.1535948556598,1,-8.358874040619355,0.7171816047883497,0.7171816047883497,0.7171816047883497,1,0.024490128463286465,0.8101561604970628,0.8101561604970628,0.8101561604970628,1,0.025515631980028708,0.8491104201638314,0.8491104201638314,0.8491104201638314,1,0.01559896541311645,0.2898832491430124,0.2898832491430124,0.2898832491430124,0,0.0050659073227701246,0.38008076661685086,0.38008076661685086,0.38008076661685086,1,-0.016114579375224092,,,,0,,,,,0,,,,,0,,,,,0,,,,,0,,,,,0,,,,,0,,,,,0,,,,,0,,,,,0,,,,,0,,,,,0,,,,,0,,,,,0,,,,,0,,,,,0,,,,,0,,,,,0,,,,,0,,,,,0,,,,,0,,,,,0,,,,,0,,,,,0,,,,,0,,,,,0,
step-6000,6000,pretrained_tabicl_v2,pretrained_tabicl_regressor,/home/fcolanto/.cache/huggingface/hub/models--jingang--TabICL/snapshots/4dcd344ece2c00be9e831fdd35bed57b5ad83e19/tabicl-regressor-v2-20260212.ckpt,1,1,0,147.73902746228697,147.73902746228697,147.73902746228697,1,0.0,205.51246889627916,205.51246889627916,205.51246889627916,0,0.0,0.6926914763250632,0.6926914763250632,0.6926914763250632,0,0.0,0.7846405285170341,0.7846405285170341,0.7846405285170341,0,0.0,0.833511454750715,0.833511454750715,0.833511454750715,0,0.0,0.28481734182024226,0.28481734182024226,0.28481734182024226,1,0.0,0.39619534599207495,0.39619534599207495,0.39619534599207495,0,0.0,,,,0,,,,,0,,,,,0,,,,,0,,,,,0,,,,,0,,,,,0,,,,,0,,,,,0,,,,,0,,,,,0,,,,,0,,,,,0,,,,,0,,,,,0,,,,,0,,,,,0,,,,,0,,,,,0,,,,,0,,,,,0,,,,,0,,,,,0,,,,,0,,,,,0,,,,,0,
step-6000,6000,generic_baseline,local_tabicl_regressor,/home/fcolanto/projects/tabicl/checkpoints/tabicl_s1_regression_baseline/step-6000.ckpt,1,1,0,177.10859040053944,177.10859040053944,177.10859040053944,0,29.36956293825247,241.232235506011,241.232235506011,241.232235506011,0,35.719766609731835,0.5765823709594342,0.5765823709594342,0.5765823709594342,0,-0.11610910536562902,0.7024395571073991,0.7024395571073991,0.7024395571073991,0,-0.082200971409635,0.7680281793260689,0.7680281793260689,0.7680281793260689,0,-0.06548327542464605,0.3414371868955774,0.3414371868955774,0.3414371868955774,0,0.05661984507533513,0.4650573735211262,0.4650573735211262,0.4650573735211262,0,0.06886202752905124,,,,0,,,,,0,,,,,0,,,,,0,,,,,0,,,,,0,,,,,0,,,,,0,,,,,0,,,,,0,,,,,0,,,,,0,,,,,0,,,,,0,,,,,0,,,,,0,,,,,0,,,,,0,,,,,0,,,,,0,,,,,0,,,,,0,,,,,0,,,,,0,,,,,0,,,,,0,
step-6000,6000,trial_0025,local_tabicl_regressor,/home/fcolanto/projects/tabicl/checkpoints/epit_pipeline_final_v1/final_epit_pipeline_optuna_fe_ni_v4_trial_0025/step-6000.ckpt,1,1,0,215.176546638395,215.176546638395,215.176546638395,0,67.43751917610803,270.87124117649927,270.87124117649927,270.87124117649927,0,65.35877228022011,0.46614409783887056,0.46614409783887056,0.46614409783887056,0,-0.22654737848619266,0.6755173508874375,0.6755173508874375,0.6755173508874375,0,-0.10912317762959667,0.6836209118039216,0.6836209118039216,0.6836209118039216,0,-0.14989054294679338,0.4148261504648892,0.4148261504648892,0.4148261504648892,0,0.13000880864464692,0.5221966613197985,0.5221966613197985,0.5221966613197985,0,0.12600131532772352,,,,0,,,,,0,,,,,0,,,,,0,,,,,0,,,,,0,,,,,0,,,,,0,,,,,0,,,,,0,,,,,0,,,,,0,,,,,0,,,,,0,,,,,0,,,,,0,,,,,0,,,,,0,,,,,0,,,,,0,,,,,0,,,,,0,,,,,0,,,,,0,,,,,0,,,,,0,
step-6500,6500,catboost,catboost_regressor,catboost==1.2.10;iterations=1000;depth=6;learning_rate=0.03;l2_leaf_reg=3;thread_count=8,1,1,0,150.36678957921768,150.36678957921768,150.36678957921768,0,2.627762116930711,197.1535948556598,197.1535948556598,197.1535948556598,1,-8.358874040619355,0.7171816047883497,0.7171816047883497,0.7171816047883497,1,0.024490128463286465,0.8101561604970628,0.8101561604970628,0.8101561604970628,1,0.025515631980028708,0.8491104201638314,0.8491104201638314,0.8491104201638314,1,0.01559896541311645,0.2898832491430124,0.2898832491430124,0.2898832491430124,0,0.0050659073227701246,0.38008076661685086,0.38008076661685086,0.38008076661685086,1,-0.016114579375224092,,,,0,,,,,0,,,,,0,,,,,0,,,,,0,,,,,0,,,,,0,,,,,0,,,,,0,,,,,0,,,,,0,,,,,0,,,,,0,,,,,0,,,,,0,,,,,0,,,,,0,,,,,0,,,,,0,,,,,0,,,,,0,,,,,0,,,,,0,,,,,0,,,,,0,,,,,0,
step-6500,6500,pretrained_tabicl_v2,pretrained_tabicl_regressor,/home/fcolanto/.cache/huggingface/hub/models--jingang--TabICL/snapshots/4dcd344ece2c00be9e831fdd35bed57b5ad83e19/tabicl-regressor-v2-20260212.ckpt,1,1,0,147.73902746228697,147.73902746228697,147.73902746228697,1,0.0,205.51246889627916,205.51246889627916,205.51246889627916,0,0.0,0.6926914763250632,0.6926914763250632,0.6926914763250632,0,0.0,0.7846405285170341,0.7846405285170341,0.7846405285170341,0,0.0,0.833511454750715,0.833511454750715,0.833511454750715,0,0.0,0.28481734182024226,0.28481734182024226,0.28481734182024226,1,0.0,0.39619534599207495,0.39619534599207495,0.39619534599207495,0,0.0,,,,0,,,,,0,,,,,0,,,,,0,,,,,0,,,,,0,,,,,0,,,,,0,,,,,0,,,,,0,,,,,0,,,,,0,,,,,0,,,,,0,,,,,0,,,,,0,,,,,0,,,,,0,,,,,0,,,,,0,,,,,0,,,,,0,,,,,0,,,,,0,,,,,0,,,,,0,
step-6500,6500,generic_baseline,local_tabicl_regressor,/home/fcolanto/projects/tabicl/checkpoints/tabicl_s1_regression_baseline/step-6500.ckpt,1,1,0,173.02336718696841,173.02336718696841,173.02336718696841,0,25.284339724681445,231.251004858231,231.251004858231,231.251004858231,0,25.73853596195184,0.6108961659756723,0.6108961659756723,0.6108961659756723,0,-0.08179531034939092,0.7105598444487257,0.7105598444487257,0.7105598444487257,0,-0.07408068406830848,0.7837483654771129,0.7837483654771129,0.7837483654771129,0,-0.04976308927360207,0.3335615264393133,0.3335615264393133,0.3335615264393133,0,0.04874418461907104,0.4458151487005986,0.4458151487005986,0.4458151487005986,0,0.04961980270852362,,,,0,,,,,0,,,,,0,,,,,0,,,,,0,,,,,0,,,,,0,,,,,0,,,,,0,,,,,0,,,,,0,,,,,0,,,,,0,,,,,0,,,,,0,,,,,0,,,,,0,,,,,0,,,,,0,,,,,0,,,,,0,,,,,0,,,,,0,,,,,0,,,,,0,,,,,0,
step-6500,6500,trial_0025,local_tabicl_regressor,/home/fcolanto/projects/tabicl/checkpoints/epit_pipeline_final_v1/final_epit_pipeline_optuna_fe_ni_v4_trial_0025/step-6500.ckpt,1,1,0,206.59375345952398,206.59375345952398,206.59375345952398,0,58.85472599723701,263.6941534550222,263.6941534550222,263.6941534550222,0,58.18168455874306,0.4940597223757306,0.4940597223757306,0.49405972237573065,0,-0.19863175394933263,0.6949769568563958,0.6949769568563958,0.6949769568563958,0,-0.08966357166063832,0.7051430750599134,0.7051430750599134,0.7051430750599134,0,-0.12836837969080162,0.3982798906133888,0.3982798906133888,0.3982798906133888,0,0.11346254879314654,0.5083603779628934,0.5083603779628934,0.5083603779628934,0,0.1121650319708184,,,,0,,,,,0,,,,,0,,,,,0,,,,,0,,,,,0,,,,,0,,,,,0,,,,,0,,,,,0,,,,,0,,,,,0,,,,,0,,,,,0,,,,,0,,,,,0,,,,,0,,,,,0,,,,,0,,,,,0,,,,,0,,,,,0,,,,,0,,,,,0,,,,,0,,,,,0,
step-7000,7000,catboost,catboost_regressor,catboost==1.2.10;iterations=1000;depth=6;learning_rate=0.03;l2_leaf_reg=3;thread_count=8,1,1,0,150.36678957921768,150.36678957921768,150.36678957921768,0,2.627762116930711,197.1535948556598,197.1535948556598,197.1535948556598,1,-8.358874040619355,0.7171816047883497,0.7171816047883497,0.7171816047883497,1,0.024490128463286465,0.8101561604970628,0.8101561604970628,0.8101561604970628,1,0.025515631980028708,0.8491104201638314,0.8491104201638314,0.8491104201638314,1,0.01559896541311645,0.2898832491430124,0.2898832491430124,0.2898832491430124,0,0.0050659073227701246,0.38008076661685086,0.38008076661685086,0.38008076661685086,1,-0.016114579375224092,,,,0,,,,,0,,,,,0,,,,,0,,,,,0,,,,,0,,,,,0,,,,,0,,,,,0,,,,,0,,,,,0,,,,,0,,,,,0,,,,,0,,,,,0,,,,,0,,,,,0,,,,,0,,,,,0,,,,,0,,,,,0,,,,,0,,,,,0,,,,,0,,,,,0,,,,,0,
step-7000,7000,pretrained_tabicl_v2,pretrained_tabicl_regressor,/home/fcolanto/.cache/huggingface/hub/models--jingang--TabICL/snapshots/4dcd344ece2c00be9e831fdd35bed57b5ad83e19/tabicl-regressor-v2-20260212.ckpt,1,1,0,147.73902746228697,147.73902746228697,147.73902746228697,1,0.0,205.51246889627916,205.51246889627916,205.51246889627916,0,0.0,0.6926914763250632,0.6926914763250632,0.6926914763250632,0,0.0,0.7846405285170341,0.7846405285170341,0.7846405285170341,0,0.0,0.833511454750715,0.833511454750715,0.833511454750715,0,0.0,0.28481734182024226,0.28481734182024226,0.28481734182024226,1,0.0,0.39619534599207495,0.39619534599207495,0.39619534599207495,0,0.0,,,,0,,,,,0,,,,,0,,,,,0,,,,,0,,,,,0,,,,,0,,,,,0,,,,,0,,,,,0,,,,,0,,,,,0,,,,,0,,,,,0,,,,,0,,,,,0,,,,,0,,,,,0,,,,,0,,,,,0,,,,,0,,,,,0,,,,,0,,,,,0,,,,,0,,,,,0,
step-7000,7000,generic_baseline,local_tabicl_regressor,/home/fcolanto/projects/tabicl/checkpoints/tabicl_s1_regression_baseline/step-7000.ckpt,1,1,0,169.3817179470062,169.3817179470062,169.3817179470062,0,21.642690484719225,227.36573664222703,227.36573664222703,227.36573664222703,0,21.853267745947875,0.6238610657154188,0.6238610657154188,0.6238610657154188,0,-0.06883041060964445,0.7309514492089962,0.7309514492089962,0.7309514492089962,0,-0.0536890793080379,0.7922965997770817,0.7922965997770817,0.7922965997770817,0,-0.04121485497363331,0.3265410060380097,0.3265410060380097,0.3265410060380097,0,0.04172366421776741,0.43832496966971657,0.43832496966971657,0.43832496966971657,0,0.042129623677641614,,,,0,,,,,0,,,,,0,,,,,0,,,,,0,,,,,0,,,,,0,,,,,0,,,,,0,,,,,0,,,,,0,,,,,0,,,,,0,,,,,0,,,,,0,,,,,0,,,,,0,,,,,0,,,,,0,,,,,0,,,,,0,,,,,0,,,,,0,,,,,0,,,,,0,,,,,0,
step-7000,7000,trial_0025,local_tabicl_regressor,/home/fcolanto/projects/tabicl/checkpoints/epit_pipeline_final_v1/final_epit_pipeline_optuna_fe_ni_v4_trial_0025/step-7000.ckpt,1,1,0,213.8258351385711,213.8258351385711,213.8258351385711,0,66.08680767628414,269.4207620542716,269.4207620542716,269.4207620542716,0,63.90829315799246,0.4718462430746322,0.4718462430746322,0.4718462430746322,0,-0.22084523325043104,0.7040523777108046,0.7040523777108046,0.7040523777108046,0,-0.0805881508062295,0.6883188817615765,0.6883188817615765,0.6883188817615765,0,-0.14519257298913846,0.41222219357175155,0.41222219357175155,0.41222219357175155,0,0.12740485175150928,0.5194003683222417,0.5194003683222417,0.5194003683222417,0,0.12320502233016672,,,,0,,,,,0,,,,,0,,,,,0,,,,,0,,,,,0,,,,,0,,,,,0,,,,,0,,,,,0,,,,,0,,,,,0,,,,,0,,,,,0,,,,,0,,,,,0,,,,,0,,,,,0,,,,,0,,,,,0,,,,,0,,,,,0,,,,,0,,,,,0,,,,,0,,,,,0,
step-7500,7500,catboost,catboost_regressor,catboost==1.2.10;iterations=1000;depth=6;learning_rate=0.03;l2_leaf_reg=3;thread_count=8,1,1,0,150.36678957921768,150.36678957921768,150.36678957921768,0,2.627762116930711,197.1535948556598,197.1535948556598,197.1535948556598,1,-8.358874040619355,0.7171816047883497,0.7171816047883497,0.7171816047883497,1,0.024490128463286465,0.8101561604970628,0.8101561604970628,0.8101561604970628,1,0.025515631980028708,0.8491104201638314,0.8491104201638314,0.8491104201638314,1,0.01559896541311645,0.2898832491430124,0.2898832491430124,0.2898832491430124,0,0.0050659073227701246,0.38008076661685086,0.38008076661685086,0.38008076661685086,1,-0.016114579375224092,,,,0,,,,,0,,,,,0,,,,,0,,,,,0,,,,,0,,,,,0,,,,,0,,,,,0,,,,,0,,,,,0,,,,,0,,,,,0,,,,,0,,,,,0,,,,,0,,,,,0,,,,,0,,,,,0,,,,,0,,,,,0,,,,,0,,,,,0,,,,,0,,,,,0,,,,,0,
step-7500,7500,pretrained_tabicl_v2,pretrained_tabicl_regressor,/home/fcolanto/.cache/huggingface/hub/models--jingang--TabICL/snapshots/4dcd344ece2c00be9e831fdd35bed57b5ad83e19/tabicl-regressor-v2-20260212.ckpt,1,1,0,147.73902746228697,147.73902746228697,147.73902746228697,1,0.0,205.51246889627916,205.51246889627916,205.51246889627916,0,0.0,0.6926914763250632,0.6926914763250632,0.6926914763250632,0,0.0,0.7846405285170341,0.7846405285170341,0.7846405285170341,0,0.0,0.833511454750715,0.833511454750715,0.833511454750715,0,0.0,0.28481734182024226,0.28481734182024226,0.28481734182024226,1,0.0,0.39619534599207495,0.39619534599207495,0.39619534599207495,0,0.0,,,,0,,,,,0,,,,,0,,,,,0,,,,,0,,,,,0,,,,,0,,,,,0,,,,,0,,,,,0,,,,,0,,,,,0,,,,,0,,,,,0,,,,,0,,,,,0,,,,,0,,,,,0,,,,,0,,,,,0,,,,,0,,,,,0,,,,,0,,,,,0,,,,,0,,,,,0,
step-7500,7500,generic_baseline,local_tabicl_regressor,/home/fcolanto/projects/tabicl/checkpoints/tabicl_s1_regression_baseline/step-7500.ckpt,1,1,0,179.76719530696553,179.76719530696553,179.76719530696553,0,32.02816784467856,238.55956942122106,238.55956942122106,238.55956942122103,0,33.0471005249419,0.5859126746851213,0.5859126746851213,0.5859126746851213,0,-0.10677880163994191,0.715239668166804,0.715239668166804,0.715239668166804,0,-0.06940086035023019,0.7734535788406849,0.7734535788406849,0.7734535788406849,0,-0.06005787591003009,0.34656255420985616,0.34656255420985616,0.34656255420985616,0,0.06174521238961389,0.4599048984918906,0.4599048984918906,0.45990489849189065,0,0.06370955249981564,,,,0,,,,,0,,,,,0,,,,,0,,,,,0,,,,,0,,,,,0,,,,,0,,,,,0,,,,,0,,,,,0,,,,,0,,,,,0,,,,,0,,,,,0,,,,,0,,,,,0,,,,,0,,,,,0,,,,,0,,,,,0,,,,,0,,,,,0,,,,,0,,,,,0,,,,,0,
step-7500,7500,trial_0025,local_tabicl_regressor,/home/fcolanto/projects/tabicl/checkpoints/epit_pipeline_final_v1/final_epit_pipeline_optuna_fe_ni_v4_trial_0025/step-7500.ckpt,1,1,0,208.0566641460794,208.0566641460794,208.0566641460794,0,60.31763668379244,264.5303321137918,264.5303321137918,264.5303321137918,0,59.017863217512655,0.49084594446795704,0.49084594446795704,0.49084594446795704,0,-0.2018455318571062,0.7051562344352666,0.7051562344352666,0.7051562344352666,0,-0.07948429408176749,0.7040295928818855,0.7040295928818855,0.7040295928818855,0,-0.12948186186882948,0.4011001496892887,0.4011001496892887,0.4011001496892887,0,0.11628280786904643,0.5099723973931577,0.5099723973931577,0.5099723973931577,0,0.11377705140108274,,,,0,,,,,0,,,,,0,,,,,0,,,,,0,,,,,0,,,,,0,,,,,0,,,,,0,,,,,0,,,,,0,,,,,0,,,,,0,,,,,0,,,,,0,,,,,0,,,,,0,,,,,0,,,,,0,,,,,0,,,,,0,,,,,0,,,,,0,,,,,0,,,,,0,,,,,0,
step-8000,8000,catboost,catboost_regressor,catboost==1.2.10;iterations=1000;depth=6;learning_rate=0.03;l2_leaf_reg=3;thread_count=8,1,1,0,150.36678957921768,150.36678957921768,150.36678957921768,0,2.627762116930711,197.1535948556598,197.1535948556598,197.1535948556598,1,-8.358874040619355,0.7171816047883497,0.7171816047883497,0.7171816047883497,1,0.024490128463286465,0.8101561604970628,0.8101561604970628,0.8101561604970628,1,0.025515631980028708,0.8491104201638314,0.8491104201638314,0.8491104201638314,1,0.01559896541311645,0.2898832491430124,0.2898832491430124,0.2898832491430124,0,0.0050659073227701246,0.38008076661685086,0.38008076661685086,0.38008076661685086,1,-0.016114579375224092,,,,0,,,,,0,,,,,0,,,,,0,,,,,0,,,,,0,,,,,0,,,,,0,,,,,0,,,,,0,,,,,0,,,,,0,,,,,0,,,,,0,,,,,0,,,,,0,,,,,0,,,,,0,,,,,0,,,,,0,,,,,0,,,,,0,,,,,0,,,,,0,,,,,0,,,,,0,
step-8000,8000,pretrained_tabicl_v2,pretrained_tabicl_regressor,/home/fcolanto/.cache/huggingface/hub/models--jingang--TabICL/snapshots/4dcd344ece2c00be9e831fdd35bed57b5ad83e19/tabicl-regressor-v2-20260212.ckpt,1,1,0,147.73902746228697,147.73902746228697,147.73902746228697,1,0.0,205.51246889627916,205.51246889627916,205.51246889627916,0,0.0,0.6926914763250632,0.6926914763250632,0.6926914763250632,0,0.0,0.7846405285170341,0.7846405285170341,0.7846405285170341,0,0.0,0.833511454750715,0.833511454750715,0.833511454750715,0,0.0,0.28481734182024226,0.28481734182024226,0.28481734182024226,1,0.0,0.39619534599207495,0.39619534599207495,0.39619534599207495,0,0.0,,,,0,,,,,0,,,,,0,,,,,0,,,,,0,,,,,0,,,,,0,,,,,0,,,,,0,,,,,0,,,,,0,,,,,0,,,,,0,,,,,0,,,,,0,,,,,0,,,,,0,,,,,0,,,,,0,,,,,0,,,,,0,,,,,0,,,,,0,,,,,0,,,,,0,,,,,0,
step-8000,8000,generic_baseline,local_tabicl_regressor,/home/fcolanto/projects/tabicl/checkpoints/tabicl_s1_regression_baseline/step-8000.ckpt,1,1,0,177.32488403567328,177.32488403567328,177.32488403567328,0,29.58585657338631,234.86149323896674,234.86149323896674,234.86149323896677,0,29.349024342687585,0.5986512741523058,0.5986512741523058,0.5986512741523058,0,-0.09404020217275744,0.7219487374801506,0.7219487374801506,0.7219487374801506,0,-0.06269179103688349,0.7744093416901667,0.7744093416901667,0.7744093416901667,0,-0.059102113060548245,0.341854166614949,0.341854166614949,0.341854166614949,0,0.05703682479470673,0.45277559592255234,0.45277559592255234,0.45277559592255234,0,0.05658024993047739,,,,0,,,,,0,,,,,0,,,,,0,,,,,0,,,,,0,,,,,0,,,,,0,,,,,0,,,,,0,,,,,0,,,,,0,,,,,0,,,,,0,,,,,0,,,,,0,,,,,0,,,,,0,,,,,0,,,,,0,,,,,0,,,,,0,,,,,0,,,,,0,,,,,0,,,,,0,
step-8000,8000,trial_0025,local_tabicl_regressor,/home/fcolanto/projects/tabicl/checkpoints/epit_pipeline_final_v1/final_epit_pipeline_optuna_fe_ni_v4_trial_0025/step-8000.ckpt,1,1,0,218.79241438821893,218.79241438821893,218.79241438821896,0,71.05338692593196,275.02920770727906,275.02920770727906,275.02920770727906,0,69.5167388109999,0.4496285610537508,0.4496285610537508,0.4496285610537509,0,-0.2430629152713124,0.6816150025540013,0.6816150025540013,0.6816150025540013,0,-0.10302552596303283,0.6706530054685026,0.6706530054685026,0.6706530054685026,0,-0.16285844928221238,0.42179696825466567,0.42179696825466567,0.4217969682546656,0,0.1369796264344234,0.5302125593192389,0.5302125593192389,0.5302125593192389,0,0.134017213327164,,,,0,,,,,0,,,,,0,,,,,0,,,,,0,,,,,0,,,,,0,,,,,0,,,,,0,,,,,0,,,,,0,,,,,0,,,,,0,,,,,0,,,,,0,,,,,0,,,,,0,,,,,0,,,,,0,,,,,0,,,,,0,,,,,0,,,,,0,,,,,0,,,,,0,,,,,0,
step-8500,8500,catboost,catboost_regressor,catboost==1.2.10;iterations=1000;depth=6;learning_rate=0.03;l2_leaf_reg=3;thread_count=8,1,1,0,150.36678957921768,150.36678957921768,150.36678957921768,0,2.627762116930711,197.1535948556598,197.1535948556598,197.1535948556598,1,-8.358874040619355,0.7171816047883497,0.7171816047883497,0.7171816047883497,1,0.024490128463286465,0.8101561604970628,0.8101561604970628,0.8101561604970628,1,0.025515631980028708,0.8491104201638314,0.8491104201638314,0.8491104201638314,1,0.01559896541311645,0.2898832491430124,0.2898832491430124,0.2898832491430124,0,0.0050659073227701246,0.38008076661685086,0.38008076661685086,0.38008076661685086,1,-0.016114579375224092,,,,0,,,,,0,,,,,0,,,,,0,,,,,0,,,,,0,,,,,0,,,,,0,,,,,0,,,,,0,,,,,0,,,,,0,,,,,0,,,,,0,,,,,0,,,,,0,,,,,0,,,,,0,,,,,0,,,,,0,,,,,0,,,,,0,,,,,0,,,,,0,,,,,0,,,,,0,
step-8500,8500,pretrained_tabicl_v2,pretrained_tabicl_regressor,/home/fcolanto/.cache/huggingface/hub/models--jingang--TabICL/snapshots/4dcd344ece2c00be9e831fdd35bed57b5ad83e19/tabicl-regressor-v2-20260212.ckpt,1,1,0,147.73902746228697,147.73902746228697,147.73902746228697,1,0.0,205.51246889627916,205.51246889627916,205.51246889627916,0,0.0,0.6926914763250632,0.6926914763250632,0.6926914763250632,0,0.0,0.7846405285170341,0.7846405285170341,0.7846405285170341,0,0.0,0.833511454750715,0.833511454750715,0.833511454750715,0,0.0,0.28481734182024226,0.28481734182024226,0.28481734182024226,1,0.0,0.39619534599207495,0.39619534599207495,0.39619534599207495,0,0.0,,,,0,,,,,0,,,,,0,,,,,0,,,,,0,,,,,0,,,,,0,,,,,0,,,,,0,,,,,0,,,,,0,,,,,0,,,,,0,,,,,0,,,,,0,,,,,0,,,,,0,,,,,0,,,,,0,,,,,0,,,,,0,,,,,0,,,,,0,,,,,0,,,,,0,,,,,0,
step-8500,8500,generic_baseline,local_tabicl_regressor,/home/fcolanto/projects/tabicl/checkpoints/tabicl_s1_regression_baseline/step-8500.ckpt,1,1,0,178.15080106388152,178.15080106388152,178.15080106388152,0,30.411773601594547,235.16664307774641,235.16664307774641,235.16664307774644,0,29.654174181467255,0.5976076713086037,0.5976076713086037,0.5976076713086037,0,-0.09508380501645952,0.7090759172951826,0.7090759172951826,0.7090759172951826,0,-0.07556461122185154,0.7757137520693144,0.7757137520693144,0.7757137520693144,0,-0.05779770268140061,0.343446403253967,0.343446403253967,0.343446403253967,0,0.05862906143372476,0.4533638762668255,0.4533638762668255,0.45336387626682556,0,0.05716853027475055,,,,0,,,,,0,,,,,0,,,,,0,,,,,0,,,,,0,,,,,0,,,,,0,,,,,0,,,,,0,,,,,0,,,,,0,,,,,0,,,,,0,,,,,0,,,,,0,,,,,0,,,,,0,,,,,0,,,,,0,,,,,0,,,,,0,,,,,0,,,,,0,,,,,0,,,,,0,
step-8500,8500,trial_0025,local_tabicl_regressor,/home/fcolanto/projects/tabicl/checkpoints/epit_pipeline_final_v1/final_epit_pipeline_optuna_fe_ni_v4_trial_0025/step-8500.ckpt,1,1,0,215.26976759866812,215.26976759866812,215.26976759866812,0,67.53074013638116,271.67635034724515,271.67635034724515,271.67635034724515,0,66.16388145096599,0.46296582726858126,0.46296582726858126,0.46296582726858126,0,-0.22972564905648196,0.6751240606173449,0.6751240606173449,0.6751240606173449,0,-0.10951646789968927,0.6805616954204955,0.6805616954204955,0.6805616954204955,0,-0.15294975933021948,0.415005865646199,0.415005865646199,0.415005865646199,0,0.13018852382595675,0.523748783719856,0.523748783719856,0.523748783719856,0,0.12755343772778105,,,,0,,,,,0,,,,,0,,,,,0,,,,,0,,,,,0,,,,,0,,,,,0,,,,,0,,,,,0,,,,,0,,,,,0,,,,,0,,,,,0,,,,,0,,,,,0,,,,,0,,,,,0,,,,,0,,,,,0,,,,,0,,,,,0,,,,,0,,,,,0,,,,,0,,,,,0,
step-9000,9000,catboost,catboost_regressor,catboost==1.2.10;iterations=1000;depth=6;learning_rate=0.03;l2_leaf_reg=3;thread_count=8,1,1,0,150.36678957921768,150.36678957921768,150.36678957921768,0,2.627762116930711,197.1535948556598,197.1535948556598,197.1535948556598,1,-8.358874040619355,0.7171816047883497,0.7171816047883497,0.7171816047883497,1,0.024490128463286465,0.8101561604970628,0.8101561604970628,0.8101561604970628,1,0.025515631980028708,0.8491104201638314,0.8491104201638314,0.8491104201638314,1,0.01559896541311645,0.2898832491430124,0.2898832491430124,0.2898832491430124,0,0.0050659073227701246,0.38008076661685086,0.38008076661685086,0.38008076661685086,1,-0.016114579375224092,,,,0,,,,,0,,,,,0,,,,,0,,,,,0,,,,,0,,,,,0,,,,,0,,,,,0,,,,,0,,,,,0,,,,,0,,,,,0,,,,,0,,,,,0,,,,,0,,,,,0,,,,,0,,,,,0,,,,,0,,,,,0,,,,,0,,,,,0,,,,,0,,,,,0,,,,,0,
step-9000,9000,pretrained_tabicl_v2,pretrained_tabicl_regressor,/home/fcolanto/.cache/huggingface/hub/models--jingang--TabICL/snapshots/4dcd344ece2c00be9e831fdd35bed57b5ad83e19/tabicl-regressor-v2-20260212.ckpt,1,1,0,147.73902746228697,147.73902746228697,147.73902746228697,1,0.0,205.51246889627916,205.51246889627916,205.51246889627916,0,0.0,0.6926914763250632,0.6926914763250632,0.6926914763250632,0,0.0,0.7846405285170341,0.7846405285170341,0.7846405285170341,0,0.0,0.833511454750715,0.833511454750715,0.833511454750715,0,0.0,0.28481734182024226,0.28481734182024226,0.28481734182024226,1,0.0,0.39619534599207495,0.39619534599207495,0.39619534599207495,0,0.0,,,,0,,,,,0,,,,,0,,,,,0,,,,,0,,,,,0,,,,,0,,,,,0,,,,,0,,,,,0,,,,,0,,,,,0,,,,,0,,,,,0,,,,,0,,,,,0,,,,,0,,,,,0,,,,,0,,,,,0,,,,,0,,,,,0,,,,,0,,,,,0,,,,,0,,,,,0,
step-9000,9000,generic_baseline,local_tabicl_regressor,/home/fcolanto/projects/tabicl/checkpoints/tabicl_s1_regression_baseline/step-9000.ckpt,1,1,0,175.58529379419417,175.58529379419417,175.58529379419417,0,27.846266331907202,234.8029168262323,234.8029168262323,234.8029168262323,0,29.29044792995313,0.5988514486172674,0.5988514486172674,0.5988514486172674,0,-0.09384002770779587,0.7169946020610833,0.7169946020610833,0.7169946020610833,0,-0.0676459264559508,0.7809733385700073,0.7809733385700073,0.7809733385700073,0,-0.052538116180707695,0.3385005133728428,0.3385005133728428,0.3385005133728428,0,0.05368317155260055,0.45266266991745424,0.45266266991745424,0.45266266991745424,0,0.05646732392537929,,,,0,,,,,0,,,,,0,,,,,0,,,,,0,,,,,0,,,,,0,,,,,0,,,,,0,,,,,0,,,,,0,,,,,0,,,,,0,,,,,0,,,,,0,,,,,0,,,,,0,,,,,0,,,,,0,,,,,0,,,,,0,,,,,0,,,,,0,,,,,0,,,,,0,,,,,0,
step-9000,9000,trial_0025,local_tabicl_regressor,/home/fcolanto/projects/tabicl/checkpoints/epit_pipeline_final_v1/final_epit_pipeline_optuna_fe_ni_v4_trial_0025/step-9000.ckpt,1,1,0,217.72913131717,217.72913131717,217.72913131717002,0,69.99010385488302,274.34153251045365,274.34153251045365,274.34153251045365,0,68.82906361417449,0.4523773863473707,0.4523773863473707,0.45237738634737074,0,-0.24031408997769255,0.6612366176347424,0.6612366176347424,0.6612366176347424,0,-0.12340391088229175,0.6726127922635898,0.6726127922635898,0.6726127922635898,0,-0.16089866248712514,0.4197471276465303,0.4197471276465303,0.4197471276465303,0,0.13492978582628806,0.5288868309388656,0.5288868309388656,0.5288868309388656,0,0.13269148494679062,,,,0,,,,,0,,,,,0,,,,,0,,,,,0,,,,,0,,,,,0,,,,,0,,,,,0,,,,,0,,,,,0,,,,,0,,,,,0,,,,,0,,,,,0,,,,,0,,,,,0,,,,,0,,,,,0,,,,,0,,,,,0,,,,,0,,,,,0,,,,,0,,,,,0,,,,,0,
step-9500,9500,catboost,catboost_regressor,catboost==1.2.10;iterations=1000;depth=6;learning_rate=0.03;l2_leaf_reg=3;thread_count=8,1,1,0,150.36678957921768,150.36678957921768,150.36678957921768,0,2.627762116930711,197.1535948556598,197.1535948556598,197.1535948556598,1,-8.358874040619355,0.7171816047883497,0.7171816047883497,0.7171816047883497,1,0.024490128463286465,0.8101561604970628,0.8101561604970628,0.8101561604970628,1,0.025515631980028708,0.8491104201638314,0.8491104201638314,0.8491104201638314,1,0.01559896541311645,0.2898832491430124,0.2898832491430124,0.2898832491430124,0,0.0050659073227701246,0.38008076661685086,0.38008076661685086,0.38008076661685086,1,-0.016114579375224092,,,,0,,,,,0,,,,,0,,,,,0,,,,,0,,,,,0,,,,,0,,,,,0,,,,,0,,,,,0,,,,,0,,,,,0,,,,,0,,,,,0,,,,,0,,,,,0,,,,,0,,,,,0,,,,,0,,,,,0,,,,,0,,,,,0,,,,,0,,,,,0,,,,,0,,,,,0,
step-9500,9500,pretrained_tabicl_v2,pretrained_tabicl_regressor,/home/fcolanto/.cache/huggingface/hub/models--jingang--TabICL/snapshots/4dcd344ece2c00be9e831fdd35bed57b5ad83e19/tabicl-regressor-v2-20260212.ckpt,1,1,0,147.73902746228697,147.73902746228697,147.73902746228697,1,0.0,205.51246889627916,205.51246889627916,205.51246889627916,0,0.0,0.6926914763250632,0.6926914763250632,0.6926914763250632,0,0.0,0.7846405285170341,0.7846405285170341,0.7846405285170341,0,0.0,0.833511454750715,0.833511454750715,0.833511454750715,0,0.0,0.28481734182024226,0.28481734182024226,0.28481734182024226,1,0.0,0.39619534599207495,0.39619534599207495,0.39619534599207495,0,0.0,,,,0,,,,,0,,,,,0,,,,,0,,,,,0,,,,,0,,,,,0,,,,,0,,,,,0,,,,,0,,,,,0,,,,,0,,,,,0,,,,,0,,,,,0,,,,,0,,,,,0,,,,,0,,,,,0,,,,,0,,,,,0,,,,,0,,,,,0,,,,,0,,,,,0,,,,,0,
step-9500,9500,generic_baseline,local_tabicl_regressor,/home/fcolanto/projects/tabicl/checkpoints/tabicl_s1_regression_baseline/step-9500.ckpt,1,1,0,178.91773533802342,178.91773533802342,178.91773533802342,0,31.17870787573645,237.1126441575048,237.1126441575048,237.11264415750483,0,31.600175261225644,0.5909205341804253,0.5909205341804253,0.5909205341804253,0,-0.10177094214463789,0.7253693713418817,0.7253693713418817,0.7253693713418817,0,-0.05927115717515241,0.7811823655261497,0.7811823655261497,0.7811823655261497,0,-0.05232908922456525,0.3449249305264421,0.3449249305264421,0.3449249305264421,0,0.06010758870619981,0.4571154567681767,0.4571154567681767,0.4571154567681767,0,0.060920110776101766,,,,0,,,,,0,,,,,0,,,,,0,,,,,0,,,,,0,,,,,0,,,,,0,,,,,0,,,,,0,,,,,0,,,,,0,,,,,0,,,,,0,,,,,0,,,,,0,,,,,0,,,,,0,,,,,0,,,,,0,,,,,0,,,,,0,,,,,0,,,,,0,,,,,0,,,,,0,
step-9500,9500,trial_0025,local_tabicl_regressor,/home/fcolanto/projects/tabicl/checkpoints/epit_pipeline_final_v1/final_epit_pipeline_optuna_fe_ni_v4_trial_0025/step-9500.ckpt,1,1,0,218.37477283168235,218.37477283168235,218.37477283168232,0,70.63574536939538,274.5763990998537,274.5763990998537,274.5763990998537,0,69.06393020357453,0.4514393343501327,0.4514393343501327,0.4514393343501327,0,-0.2412521419749305,0.6648753788731635,0.6648753788731635,0.6648753788731635,0,-0.11976514964387064,0.6721528588478575,0.6721528588478575,0.6721528588478575,0,-0.1613585959028575,0.42099182177435074,0.42099182177435074,0.42099182177435074,0,0.13617447995410847,0.5293396163593759,0.5293396163593759,0.5293396163593759,0,0.13314427036730092,,,,0,,,,,0,,,,,0,,,,,0,,,,,0,,,,,0,,,,,0,,,,,0,,,,,0,,,,,0,,,,,0,,,,,0,,,,,0,,,,,0,,,,,0,,,,,0,,,,,0,,,,,0,,,,,0,,,,,0,,,,,0,,,,,0,,,,,0,,,,,0,,,,,0,,,,,0,
step-10000,10000,catboost,catboost_regressor,catboost==1.2.10;iterations=1000;depth=6;learning_rate=0.03;l2_leaf_reg=3;thread_count=8,1,1,0,150.36678957921768,150.36678957921768,150.36678957921768,0,2.627762116930711,197.1535948556598,197.1535948556598,197.1535948556598,1,-8.358874040619355,0.7171816047883497,0.7171816047883497,0.7171816047883497,1,0.024490128463286465,0.8101561604970628,0.8101561604970628,0.8101561604970628,1,0.025515631980028708,0.8491104201638314,0.8491104201638314,0.8491104201638314,1,0.01559896541311645,0.2898832491430124,0.2898832491430124,0.2898832491430124,0,0.0050659073227701246,0.38008076661685086,0.38008076661685086,0.38008076661685086,1,-0.016114579375224092,,,,0,,,,,0,,,,,0,,,,,0,,,,,0,,,,,0,,,,,0,,,,,0,,,,,0,,,,,0,,,,,0,,,,,0,,,,,0,,,,,0,,,,,0,,,,,0,,,,,0,,,,,0,,,,,0,,,,,0,,,,,0,,,,,0,,,,,0,,,,,0,,,,,0,,,,,0,
step-10000,10000,pretrained_tabicl_v2,pretrained_tabicl_regressor,/home/fcolanto/.cache/huggingface/hub/models--jingang--TabICL/snapshots/4dcd344ece2c00be9e831fdd35bed57b5ad83e19/tabicl-regressor-v2-20260212.ckpt,1,1,0,147.73902746228697,147.73902746228697,147.73902746228697,1,0.0,205.51246889627916,205.51246889627916,205.51246889627916,0,0.0,0.6926914763250632,0.6926914763250632,0.6926914763250632,0,0.0,0.7846405285170341,0.7846405285170341,0.7846405285170341,0,0.0,0.833511454750715,0.833511454750715,0.833511454750715,0,0.0,0.28481734182024226,0.28481734182024226,0.28481734182024226,1,0.0,0.39619534599207495,0.39619534599207495,0.39619534599207495,0,0.0,,,,0,,,,,0,,,,,0,,,,,0,,,,,0,,,,,0,,,,,0,,,,,0,,,,,0,,,,,0,,,,,0,,,,,0,,,,,0,,,,,0,,,,,0,,,,,0,,,,,0,,,,,0,,,,,0,,,,,0,,,,,0,,,,,0,,,,,0,,,,,0,,,,,0,,,,,0,
step-10000,10000,generic_baseline,local_tabicl_regressor,/home/fcolanto/projects/tabicl/checkpoints/tabicl_s1_regression_baseline/step-10000.ckpt,1,1,0,178.88043016274244,178.88043016274244,178.88043016274244,0,31.141402700455473,237.42028794114677,237.42028794114677,237.42028794114677,0,31.90781904486761,0.5898583183869182,0.5898583183869182,0.5898583183869182,0,-0.10283315793814507,0.7243580535045003,0.7243580535045003,0.7243580535045003,0,-0.06028247501253381,0.7808403644932412,0.7808403644932412,0.7808403644932412,0,-0.05267109025747374,0.3448530120832103,0.3448530120832103,0.3448530120832103,0,0.06003567026296802,0.45770854504139413,0.45770854504139413,0.45770854504139413,0,0.06151319904931918,,,,0,,,,,0,,,,,0,,,,,0,,,,,0,,,,,0,,,,,0,,,,,0,,,,,0,,,,,0,,,,,0,,,,,0,,,,,0,,,,,0,,,,,0,,,,,0,,,,,0,,,,,0,,,,,0,,,,,0,,,,,0,,,,,0,,,,,0,,,,,0,,,,,0,,,,,0,
step-10000,10000,trial_0025,local_tabicl_regressor,/home/fcolanto/projects/tabicl/checkpoints/epit_pipeline_final_v1/final_epit_pipeline_optuna_fe_ni_v4_trial_0025/step-10000.ckpt,1,1,0,218.34856511103524,218.34856511103524,218.3485651110352,0,70.60953764874827,274.4026426955983,274.4026426955983,274.4026426955983,0,68.89017379931911,0.45213339087034254,0.45213339087034254,0.4521333908703426,0,-0.24055808545472068,0.6644225993185189,0.6644225993185189,0.6644225993185189,0,-0.12021792919851526,0.672625836481182,0.672625836481182,0.672625836481182,0,-0.16088561826953296,0.4209412974582097,0.4209412974582097,0.4209412974582097,0,0.13612395563796742,0.5290046416540841,0.5290046416540841,0.5290046416540841,0,0.13280929566200916,,,,0,,,,,0,,,,,0,,,,,0,,,,,0,,,,,0,,,,,0,,,,,0,,,,,0,,,,,0,,,,,0,,,,,0,,,,,0,,,,,0,,,,,0,,,,,0,,,,,0,,,,,0,,,,,0,,,,,0,,,,,0,,,,,0,,,,,0,,,,,0,,,,,0,,,,,0,
