template_id,family,Fe,Cr,Ni,Mo,W,N,Nb,C,Si,Mn,Cu,P,S,Al,V,Ta,Re,Ce,Ti,Co,B,Mg,Y,Gd
epit_0000,fe_alloy,69.705,18,10,,0,0,0,0.03,1,1,0.2,0.045,0.02,0,0,0,0,0,0,0,0,0,0,0
epit_0001,fe_alloy,69.705,18,10,,0,,0,0.03,1,1,0.2,0.045,0.02,0,0,0,0,0,0,0,0,0,0,0
epit_0002,fe_alloy,67.535,16,11,3,0,,0,0.02,1,1,0.2,0.045,0.2,0,0,0,0,0,0,0,0,0,0,0
epit_0003,fe_alloy,62.535,18,13,3,0,,0,0.02,1,2,0.2,0.045,0.2,0,0,0,0,0,0,0,0,0,0,0
epit_0004,fe_alloy,47.735,20,24.5,5,0,,0,0.02,,1.5,1,0.045,0.2,0,0,0,0,0,0,0,0,0,0,0
epit_0005,fe_alloy,84.61,13,,,0,,0,,1,1,,0.04,0.35,0,0,0,0,0,0,0,0,0,0,0
epit_0006,fe_alloy,73.09,16,4.5,,0,,0.3,0.07,1,1,4,0.04,,0,0,0,0,0,0,0,0,0,0,0
epit_0007,fe_alloy,55.078,20,18,6,0,0.2,0,0.02,0.002,,0.7,,,0,0,0,0,0,0,0,0,0,0,0
epit_0008,fe_alloy,44.585,25,22,7,0,0.5,0,0.015,,0.5,0.4,,,0,0,0,0,0,0,0,0,0,0,0
epit_0009,fe_alloy,45.988,21,25,6,0,0.2,0,0.01,0.002,0.9,0.9,,,0,0,0,0,0,0,0,0,0,0,0
epit_0010,fe_alloy,31.48,27,32,6.5,0,,0,0.02,,2,1,,,0,0,0,0,0,0,0,0,0,0,0
epit_0011,fe_alloy,37.18,19,33,2,0,,2.5,0.02,0.4,0.4,3,,,0,0,2.5,0,0,0,0,0,0,0,0
epit_0012,fe_alloy,66.375,25,4,4,0,,0,0.025,,0.4,0.2,,,0,0,0,0,0,,0,0,0,0,0
epit_0013,fe_alloy,66.68,22,6,3,0,,0.3,0.02,,1.5,0.2,,,0,0,0.3,0,0,0,0,0,0,0,0
epit_0014,fe_alloy,69.819,18.92,8.51,0.35,0,0.036,0,0.057,0.46,1.59,0.21,0.035,0.013,0,0,0,0,0,0,0,0,0,0,0
epit_0015,fe_alloy,69.595,18.87,8.59,0.36,0,0.11,0,0.044,0.46,1.77,0.16,0.034,0.007,0,0,0,0,0,0,0,0,0,0,0
epit_0016,fe_alloy,69.601,18.8,8.63,0.38,0,0.16,0,0.043,0.41,1.78,0.16,0.028,0.008,0,0,0,0,0,0,0,0,0,0,0
epit_0017,fe_alloy,58.389,17.38,20.15,0.02,0,0.036,0,0.03,0.13,3.84,,0.014,0.011,0,0,0,0,0,0,0,0,0,0,0
epit_0018,fe_alloy,57.048,17.68,20.43,0.08,0,0.3,0,0.025,0.19,4.22,,0.017,0.01,0,0,0,0,0,0,0,0,0,0,0
epit_0019,fe_alloy,56.458,17.95,19.9,1.03,0,0.031,0,0.035,0.19,4.38,,0.016,0.01,0,0,0,0,0,0,0,0,0,0,0
epit_0020,fe_alloy,58.152,16.42,19.9,1.03,0,0.155,0,0.007,0.22,4.08,,0.02,0.016,0,0,0,0,0,0,0,0,0,0,0
epit_0021,fe_alloy,57.41,16.86,19.98,1.03,0,0.27,0,0.024,0.33,4.06,,0.02,0.016,0,0,0,0,0,0,0,0,0,0,0
epit_0022,fe_alloy,56.765,16.86,20.54,1.01,0,0.29,0,0.025,0.17,4.31,,0.018,0.012,0,0,0,0,0,0,0,0,0,0,0
epit_0023,fe_alloy,57.002,16.34,19.16,2.98,0,0.034,0,0.021,0.18,4.25,,0.019,0.014,0,0,0,0,0,0,0,0,0,0,0
epit_0024,fe_alloy,56.337,16.7,19.65,2.92,0,0.149,0,0.008,0.14,4.06,,0.017,0.019,0,0,0,0,0,0,0,0,0,0,0
epit_0025,fe_alloy,55.529,16.8,20.05,2.94,0,0.291,0,0.012,0.27,4.07,,0.02,0.018,0,0,0,0,0,0,0,0,0,0,0
epit_0026,fe_alloy,55.286,16.58,20.29,2.72,0,0.31,0,0.025,0.23,4.53,,0.019,0.01,0,0,0,0,0,0,0,0,0,0,0
epit_0027,fe_alloy,52.998,22.58,19.88,0.05,0,0.054,0,0.012,0.13,4.28,,0.007,0.009,0,0,0,0,0,0,0,0,0,0,0
epit_0028,fe_alloy,52.277,22.46,20.27,0.1,0,0.39,0,0.017,0.14,4.33,,0.008,0.008,0,0,0,0,0,0,0,0,0,0,0
epit_0029,fe_alloy,52.124,22.13,20.3,0.99,0,0.054,0,0.02,0.16,4.2,,0.015,0.007,0,0,0,0,0,0,0,0,0,0,0
epit_0030,fe_alloy,52.193,22.52,19.85,1.07,0,0.155,0,0.008,0.15,4.02,,0.016,0.018,0,0,0,0,0,0,0,0,0,0,0
epit_0031,fe_alloy,51.852,22.72,19.95,1.02,0,0.412,0,0.011,0.2,3.8,,0.02,0.015,0,0,0,0,0,0,0,0,0,0,0
epit_0032,fe_alloy,50.374,22.41,19.96,2.64,0,0.067,0,0.025,0.21,4.29,,0.013,0.011,0,0,0,0,0,0,0,0,0,0,0
epit_0033,fe_alloy,50.113,22.84,20.05,2.85,0,0.159,0,0.012,0.14,3.8,,0.017,0.019,0,0,0,0,0,0,0,0,0,0,0
epit_0034,fe_alloy,49.662,22.35,20.39,2.73,0,0.31,0,0.022,0.16,4.35,,0.015,0.011,0,0,0,0,0,0,0,0,0,0,0
epit_0035,fe_alloy,50.079,22.52,19.95,2.96,0,0.455,0,0.02,0.23,3.75,,0.019,0.017,0,0,0,0,0,0,0,0,0,0,0
epit_0036,fe_alloy,68.534,16.3,14.4,0,,,0,0.006,0.33,0.43,,,,0,0,0,0,0,0,0,0,0,0,0
epit_0037,fe_alloy,66.475,16.3,14,0,2.49,,0,0.005,0.4,0.33,,,,0,0,0,0,0,0,0,0,0,0,0
epit_0038,fe_alloy,63.874,16.5,14.1,0,4.81,,0,0.006,0.41,0.3,,,,0,0,0,0,0,0,0,0,0,0,0
epit_0039,fe_alloy,60.344,16.17,14.1,0,8.66,,0,0.006,0.4,0.32,,,,0,0,0,0,0,0,0,0,0,0,0
epit_0040,fe_alloy,56.644,16.22,14,0,12.4,,0,0.006,0.43,0.3,,,,0,0,0,0,0,0,0,0,0,0,0
epit_0041,fe_alloy,72.069,16.62,8.46,0.21,0,,0,0.054,0.56,1.78,0.21,0.03,0.007,0,0,0,0,0,0,0,0,0,0,0
epit_0042,fe_alloy,47.753,18.5,31.79,0.2,0,,0,0.023,0.39,0.7,0.64,,0.004,0,0,0,0,0,0,0,0,0,0,0
epit_0043,other,9.719,15.5,73.86,,0,,0,0.04,0.26,0.31,0.31,,0.001,0,0,0,0,0,0,0,0,0,0,0
epit_0044,fe_alloy,53.167,20.14,24.75,0.08,0,0.01,0,0.003,0.53,1.31,,0.01,0.003,0,0,0,0,0,0,0,0,0,0,0
epit_0045,fe_alloy,53.102,20.14,24.75,0.08,0,0.064,0,0.014,0.53,1.31,,0.01,0.003,0,0,0,0,0,0,0,0,0,0,0
epit_0046,fe_alloy,52.927,20.03,24.87,0.04,0,0.13,0,0.014,0.55,1.43,,0.009,0.003,0,0,0,0,0,0,0,0,0,0,0
epit_0047,fe_alloy,52.917,19.96,24.9,0.04,0,0.18,0,0.013,0.55,1.43,,0.01,0.003,0,0,0,0,0,0,0,0,0,0,0
epit_0048,fe_alloy,49.452,19.2,24.86,4.5,0,0.015,0,0.003,0.54,1.42,,0.01,0.003,0,0,0,0,0,0,0,0,0,0,0
epit_0049,fe_alloy,48.739,19.85,24.86,4.5,0,0.061,0,0.02,0.54,1.42,,0.01,0.003,0,0,0,0,0,0,0,0,0,0,0
epit_0050,fe_alloy,48.536,19.87,24.95,4.55,0,0.13,0,0.015,0.49,1.45,,0.009,0.003,0,0,0,0,0,0,0,0,0,0,0
epit_0051,fe_alloy,48.377,19.83,24.99,4.59,0,0.21,0,0.014,0.54,1.44,,0.009,0.003,0,0,0,0,0,0,0,0,0,0,0
epit_0052,fe_alloy,67.041,21.89,5.57,3.22,0,0.047,0,0.014,0.49,1.72,,0.004,0.004,0,0,0,0,0,0,0,0,0,0,0
epit_0053,fe_alloy,67.213,21.72,5.58,3.16,0,0.077,0,0.012,0.49,1.74,,0.004,0.004,0,0,0,0,0,0,0,0,0,0,0
epit_0054,fe_alloy,66.839,21.92,5.6,3.22,0,0.123,0,0.01,0.51,1.77,,0.004,0.004,0,0,0,0,0,0,0,0,0,0,0
epit_0055,fe_alloy,66.908,21.75,5.56,3.3,0,0.137,0,0.016,0.49,1.83,,0.004,0.005,0,0,0,0,0,0,0,0,0,0,0
epit_0056,fe_alloy,67.24,21.7,5.51,3.14,0,0.164,0,0.008,0.5,1.73,,0.004,0.004,0,0,0,0,0,0,0,0,0,0,0
epit_0057,fe_alloy,67.17,21.7,5.51,3.16,0,0.238,0,0.015,0.5,1.7,,0.003,0.004,0,0,0,0,0,0,0,0,0,0,0
epit_0058,fe_alloy,61.679,25.92,5.9,3.19,0,0.2,0,0.03,0.47,0.96,1.62,0.024,0.007,0,0,0,0,0,0,0,0,0,0,0
epit_0059,fe_alloy,65.885,20.8,11.7,0.22,0,0.025,0,0.05,0.7,0.6,,0.01,0.01,0,0,0,0,0,0,0,0,0,0,0
epit_0060,fe_alloy,66.856,20.9,10.5,0.22,0,0.054,0,0.05,0.7,0.7,,0.01,0.01,0,0,0,0,0,0,0,0,0,0,0
epit_0061,fe_alloy,68.218,20.8,9.2,0.23,0,0.082,0,0.05,0.7,0.7,,0.01,0.01,0,0,0,0,0,0,0,0,0,0,0
epit_0062,fe_alloy,69.102,21,8,0.23,0,0.098,0,0.05,0.8,0.7,,0.01,0.01,0,0,0,0,0,0,0,0,0,0,0
epit_0063,fe_alloy,70.315,20.6,7.4,,0,0.17,0,0.015,1.1,0.4,,,,0,0,0,0,0,0,0,0,0,0,0
epit_0064,fe_alloy,70.572,20.5,7.2,,0,0.17,0,0.058,1.1,0.4,,,,0,0,0,0,0,0,0,0,0,0,0
epit_0065,fe_alloy,64.23,17.4,13.2,2.57,0,0.16,0,0.019,0.64,1.73,,0.021,0.03,0,0,0,0,0,0,0,0,0,0,0
epit_0066,fe_alloy,59.3898,20.12,20.18,0.01,0.02,0.011,0,0.004,0.08,0.18,,0.003,0.0022,0,0,0,0,0,0,0,0,0,0,0
epit_0067,fe_alloy,82.37,16.35,0.17,0.02,0,,0,0.094,0.32,0.56,0.08,0.026,0.01,0,0,0,0,0,0,0,0,0,0,0
epit_0068,fe_alloy,71.07,18.1,8.22,0.36,0,,0,0.079,0.56,1.33,0.22,0.027,0.034,0,0,0,0,0,0,0,0,0,0,0
epit_0069,fe_alloy,63.115,17.95,0.07,0,0,0.03,0,0.022,0.34,18.25,0.2,0.012,0.011,0,0,0,0,0,0,0,0,0,0,0
epit_0070,fe_alloy,63.164,17.88,0.07,0,0,0.1,0,0.026,0.32,18.2,0.22,0.006,0.014,0,0,0,0,0,0,0,0,0,0,0
epit_0071,fe_alloy,63.07,17.88,0.07,0,0,0.18,0,0.027,0.38,18.14,0.23,0.006,0.017,0,0,0,0,0,0,0,0,0,0,0
epit_0072,fe_alloy,62.871,17.88,0.08,0,0,0.33,0,0.03,0.37,18.2,0.22,0.009,0.01,0,0,0,0,0,0,0,0,0,0,0
epit_0073,fe_alloy,62.778,18.1,0.08,0,0,0.4,0,0.032,0.37,18,0.22,0.011,0.009,0,0,0,0,0,0,0,0,0,0,0
epit_0074,fe_alloy,63.201,17.83,0.08,0,0,0.52,0,0.038,0.29,17.8,0.22,0.009,0.012,0,0,0,0,0,0,0,0,0,0,0
epit_0075,fe_alloy,62.042,18.25,0.07,0,0,0.69,0,0.037,0.4,18.25,0.24,0.008,0.013,0,0,0,0,0,0,0,0,0,0,0
epit_0076,fe_alloy,53.127,20.14,24.75,0.08,0,0.01,0,0.003,0.53,1.31,0.037,0.01,0.003,0,0,0,0,0,0,0,0,0,0,0
epit_0077,fe_alloy,53.062,20.14,24.75,0.08,0,0.064,0,0.014,0.53,1.31,0.037,0.01,0.003,0,0,0,0,0,0,0,0,0,0,0
epit_0078,fe_alloy,52.888,20.03,24.87,0.04,0,0.13,0,0.014,0.55,1.43,0.036,0.009,0.003,0,0,0,0,0,0,0,0,0,0,0
epit_0079,fe_alloy,52.878,19.96,24.9,0.04,0,0.18,0,0.013,0.55,1.43,0.036,0.01,0.003,0,0,0,0,0,0,0,0,0,0,0
epit_0080,fe_alloy,48.759,19.85,24.86,4.5,0,0.015,0,0.003,0.54,1.42,0.04,0.01,0.003,0,0,0,0,0,0,0,0,0,0,0
epit_0081,fe_alloy,48.696,19.85,24.86,4.5,0,0.061,0,0.02,0.54,1.42,0.04,0.01,0.003,0,0,0,0,0,0,0,0,0,0,0
epit_0082,fe_alloy,48.494,19.87,24.95,4.55,0,0.13,0,0.015,0.49,1.45,0.039,0.009,0.003,0,0,0,0,0,0,0,0,0,0,0
epit_0083,fe_alloy,48.332,19.83,24.99,4.59,0,0.21,0,0.014,0.54,1.44,0.042,0.009,0.003,0,0,0,0,0,0,0,0,0,0,0
epit_0084,fe_alloy,52.208,20.06,25.58,0.01,0,,0,0.053,0.54,1.53,,0.009,0.01,0,0,0,0,0,0,0,0,0,0,0
epit_0085,fe_alloy,51.044,19.99,25.88,1.05,0,,0,0.057,0.48,1.48,,0.009,0.01,0,0,0,0,0,0,0,0,0,0,0
epit_0086,fe_alloy,49.277,20.16,25.52,2.97,0,,0,0.064,0.52,1.47,,0.009,0.01,0,0,0,0,0,0,0,0,0,0,0
epit_0087,fe_alloy,47.343,19.96,25.66,5.06,0,,0,0.059,0.46,1.44,,0.008,0.01,0,0,0,0,0,0,0,0,0,0,0
epit_0088,other,0,100,0,0,0,,0,,,,,,,0,0,0,0,0,0,0,0,0,0,0
epit_0089,other,0,0,100,0,0,,0,,,,,,,0,0,0,0,0,0,0,0,0,0,0
epit_0090,fe_alloy,55,20,25,0,0,,0,,,,,,,0,0,0,0,0,0,0,0,0,0,0
epit_0091,fe_alloy,50,20,25,5,0,,0,,,,,,,0,0,0,0,0,0,0,0,0,0,0
epit_0092,fe_alloy,85,15,0,0,0,,0,,,,,,,0,0,0,0,0,0,0,0,0,0,0
epit_0093,fe_alloy,80,20,0,0,0,,0,,,,,,,0,0,0,0,0,0,0,0,0,0,0
epit_0094,fe_alloy,77,23,0,0,0,,0,,,,,,,0,0,0,0,0,0,0,0,0,0,0
epit_0095,fe_alloy,72,28,0,0,0,,0,,,,,,,0,0,0,0,0,0,0,0,0,0,0
epit_0096,fe_alloy,70,30,0,0,0,,0,,,,,,,0,0,0,0,0,0,0,0,0,0,0
epit_0097,fe_alloy,60,40,0,0,0,,0,,,,,,,0,0,0,0,0,0,0,0,0,0,0
epit_0098,fe_alloy,40,60,0,0,0,,0,,,,,,,0,0,0,0,0,0,0,0,0,0,0
epit_0099,other,30,70,0,0,0,,0,,,,,,,0,0,0,0,0,0,0,0,0,0,0
epit_0100,fe_alloy,96,0,0,4,0,,0,,,,,,,0,0,0,0,0,0,0,0,0,0,0
epit_0101,fe_alloy,92,0,0,8,0,,0,,,,,,,0,0,0,0,0,0,0,0,0,0,0
epit_0102,fe_alloy,90,0,0,10,0,,0,,,,,,,0,0,0,0,0,0,0,0,0,0,0
epit_0103,fe_alloy,80,0,0,20,0,,0,,,,,,,0,0,0,0,0,0,0,0,0,0,0
epit_0104,fe_alloy,41,0,0,59,0,,0,,,,,,,0,0,0,0,0,0,0,0,0,0,0
epit_0105,fe_alloy,65,5,25,5,0,,0,,,,,,,0,0,0,0,0,0,0,0,0,0,0
epit_0106,fe_alloy,60,10,25,5,0,,0,,,,,,,0,0,0,0,0,0,0,0,0,0,0
epit_0107,fe_alloy,56,14,25,5,0,,0,,,,,,,0,0,0,0,0,0,0,0,0,0,0
epit_0108,fe_alloy,53,17,25,5,0,,0,,,,,,,0,0,0,0,0,0,0,0,0,0,0
epit_0109,fe_alloy,75.586,24.3,0,0.063,,,0,,0.043,0.002,,,0.006,0,0,0,0,0,0,0,0,0,0,0
epit_0110,fe_alloy,64.66,24.3,0,10.9,0.015,,0,,,0.12,,,0.005,0,0,0,0,0,0,0,0,0,0,0
epit_0111,fe_alloy,76,24,0,0,0,0,0,,,,,,,0,0,0,0,0,0,0,0,0,0,0
epit_0112,fe_alloy,59.312,20.12,20.18,0.01,0.02,0.011,0,0.004,0.08,0.18,,0.003,0.08,0,0,0,0,0,0,0,0,0,0,0
epit_0113,fe_alloy,71.723,19.2,9,0,0,0.002,0,0.05,,,,,0.025,0,0,0,0,0,0,0,0,0,0,0
epit_0114,fe_alloy,72.1,17.6,10.3,0,0,,0,,,,,,,0,0,0,0,0,0,0,0,0,0,0
epit_0115,fe_alloy,72.4,17.4,10.2,0,0,,0,,,,,,,0,0,0,0,0,0,0,0,0,0,0
epit_0116,fe_alloy,72.2,17.8,10,0,0,,0,,,,,,,0,0,0,0,0,0,0,0,0,0,0
epit_0117,fe_alloy,70.124,18.8,6,1.01,0,0.088,0,0.008,0.5,3.47,,,,,0,0,0,0,0,0,0,0,0,0
epit_0118,fe_alloy,69.127,18.8,6,1.98,0,0.063,0,0.03,0.5,3.5,,,,,0,0,0,0,0,0,0,0,0,0
epit_0119,fe_alloy,68.521,18.83,6.5,1.02,0,0.216,0,0.023,0.45,4.44,,,,,0,0,0,0,0,0,0,0,0,0
epit_0120,fe_alloy,70.027,18.8,6.1,1.01,0,0.228,0,0.005,0.42,3.41,,,,,0,0,0,0,0,0,0,0,0,0
epit_0121,fe_alloy,69.478,18.8,6,2.09,0,0.189,0,0.003,0.5,2.94,,,,,0,0,0,0,0,0,0,0,0,0
epit_0122,fe_alloy,67.402,18.8,6.47,1.02,0,0.318,0,0.03,0.57,5.39,,,,,0,0,0,0,0,0,0,0,0,0
epit_0123,fe_alloy,67.692,18.8,6.18,2.13,0,0.268,0,0.03,0.62,4.28,,,,,0,0,0,0,0,0,0,0,0,0
epit_0124,fe_alloy,59.287,18.8,15.83,2.01,0,0.043,0,0.03,0.5,3.5,,,,,0,0,0,0,0,0,0,0,0,0
epit_0125,fe_alloy,58.551,18.8,14.53,4.02,0,0.039,0,0.03,0.33,3.7,,,,,0,0,0,0,0,0,0,0,0,0
epit_0126,fe_alloy,48.26,18.8,26.42,2.51,0,0.06,0,0.03,0.77,3.15,,,,,0,0,0,0,0,0,0,0,0,0
epit_0127,fe_alloy,57.92,17.8,6,2.1,0,0.268,0,0.012,0.3,15.6,,,,,0,0,0,0,0,0,0,0,0,0
epit_0128,fe_alloy,58.8,18.58,15.78,3.84,0,0.31,0,0.01,0.3,2.38,,,,,0,0,0,0,0,0,0,0,0,0
epit_0129,fe_alloy,52.368,18.07,14.9,2.16,0,0.235,0,0.017,0.23,12.02,,,,,0,0,0,0,0,0,0,0,0,0
epit_0130,fe_alloy,55.62,18.6,15.03,1.48,0,0.244,0,0.016,0.27,8.74,,,,,0,0,0,0,0,0,0,0,0,0
epit_0131,fe_alloy,54.632,18.41,15.08,3.72,0,0.371,0,0.027,0.24,7.52,,,,,0,0,0,0,0,0,0,0,0,0
epit_0132,fe_alloy,45.676,18.75,24.68,5.72,0,0.061,0,0.013,0.44,4.66,,,,,0,0,0,0,0,0,0,0,0,0
epit_0133,fe_alloy,47.466,18.71,14.67,1.85,0,0.304,0,0.02,0.33,16.65,,,,,0,0,0,0,0,0,0,0,0,0
epit_0134,fe_alloy,47.274,18.02,15.92,3.56,0,0.306,0,0.02,0.44,14.46,,,,,0,0,0,0,0,0,0,0,0,0
epit_0135,fe_alloy,42.92,18.19,24.46,2.18,0,0.25,0,0.02,0.32,11.66,,,,,0,0,0,0,0,0,0,0,0,0
epit_0136,fe_alloy,30.551,18.8,25.21,2.3,0,0.349,0,0.02,0.31,22.46,,,,,0,0,0,0,0,0,0,0,0,0
epit_0137,fe_alloy,26.651,19.23,26.13,6.75,0,0.339,0,0.02,0.48,20.4,,,,,0,0,0,0,0,0,0,0,0,0
epit_0138,fe_alloy,25.584,18.32,26.65,6.42,0,0.396,0,0.02,0.62,21.99,,,,,0,0,0,0,0,0,0,0,0,0
epit_0139,fe_alloy,62.872,18.36,5.9,1.39,0,0.338,0,0.02,0.49,9.94,,,,,0.69,0,0,0,0,0,0,0,0,0
epit_0140,fe_alloy,37.325,17.93,25.92,5,0,0.255,0,0.02,0.42,13.13,,,,,0,0,0,0,0,0,0,0,0,0
epit_0141,fe_alloy,48.949,18.35,25.9,6.11,0,0.39,0,0.011,0.29,0,,,,,0,0,0,0,0,0,0,0,0,0
epit_0142,fe_alloy,56.965,16.66,20.54,1.01,0,0.29,0,0.025,0.17,4.31,,0.018,0.012,0,0,0,0,0,0,0,0,0,0,0
epit_0143,fe_alloy,65.6265,18.1,5.7,0,0,0.17,0,0.0185,0.44,9.9,,0.027,0.018,0,0,0,0,0,0,0,0,0,0,0
epit_0144,fe_alloy,66.677,17.7,5.6,0,0,0.12,0,0.025,0.23,9.6,,0.03,0.018,0,0,0,0,0,0,0,0,0,0,0
epit_0145,fe_alloy,66.337,17.4,5.5,0,0,0.07,0,0.024,0.22,10.4,,0.027,0.022,0,0,0,0,0,0,0,0,0,0,0
epit_0146,fe_alloy,66.17,17.8,5.2,0,0,0.25,0,0.02,0.31,10.2,,0.026,0.024,0,0,0,0,0,0,0,0,0,0,0
epit_0147,fe_alloy,64.959,18.2,5.4,0,0,0.35,0,0.02,0.32,10.7,,0.029,0.022,0,0,0,0,0,0,0,0,0,0,0
epit_0148,fe_alloy,76.9085,17.2,5.51,0,0,0.066,0,0.0075,0.23,0.03,,0.034,0.014,0,0,0,0,0,0,0,0,0,0,0
epit_0149,fe_alloy,71.037,17.4,5.47,0,0,0.061,0,0.019,0.27,5.7,,0.029,0.014,0,0,0,0,0,0,0,0,0,0,0
epit_0150,fe_alloy,66.603,17.6,5.52,0,0,0.049,0,0.013,0.57,9.6,,0.031,0.014,0,0,0,0,0,0,0,0,0,0,0
epit_0151,fe_alloy,66.247,17.5,5.69,0,0,0.019,0,0,0.5,10,,0.027,0.017,0,0,0,0,0,0,0,0,0,0,0
epit_0152,fe_alloy,64.862,17.6,5.48,0,0,0.065,0,0.015,0.23,11.7,,0.03,0.018,0,0,0,0,0,0,0,0,0,0,0
epit_0153,fe_alloy,61.2245,17.6,5.44,0,0,0.086,0,0.0015,0.5,15.1,,0.03,0.018,0,0,0,0,0,0,0,0,0,0,0
epit_0154,fe_alloy,69.843,17,13,0,0,0.157,0,,,,,,,0,0,0,0,0,0,0,0,0,0,0
epit_0155,fe_alloy,71.999,18,10,0,0,0.001,0,,,,,,,0,0,0,0,0,0,0,0,0,0,0
epit_0156,fe_alloy,66.811,16.64,14.23,2.25,0,0.002,0,,0.01,0.01,,0.001,0.001,0.045,0,0,0,0,0,0,0,0,0,0
epit_0157,fe_alloy,66.757,16.56,14.26,2.27,0,0.058,0,,0.01,0.01,,0.001,0.001,0.073,0,0,0,0,0,0,0,0,0,0
epit_0158,fe_alloy,67.068,16.4,14.1,2.23,0,0.116,0,,0.01,0.01,,0.001,0.001,0.064,0,0,0,0,0,0,0,0,0,0
epit_0159,fe_alloy,66.989,16.36,14.08,2.29,0,0.171,0,,0.02,0.01,,0.001,0.001,0.078,0,0,0,0,0,0,0,0,0,0
epit_0160,fe_alloy,46.203,16.91,14.29,2.18,0,0.394,0,,0.01,20,,0.001,0.002,0.01,0,0,0,0,0,0,0,0,0,0
epit_0161,fe_alloy,53.812,19.86,19.98,5.99,0.03,0.011,0,0.006,0.08,0.2,,0.01,0.021,0,0,0,0,0,0,0,0,0,0,0
epit_0162,fe_alloy,53.854,19.74,19.96,5.96,0.03,0.19,0,0.005,0.09,0.14,,0.009,0.022,0,0,0,0,0,0,0,0,0,0,0
epit_0163,fe_alloy,67.215,25.1,5,2.46,0,0.16,0,0.065,,,,,,0,0,0,0,0,0,0,0,0,0,0
epit_0164,fe_alloy,66.948,25.3,5.23,2.44,0,0.05,0,0.032,,,,,,0,0,0,0,0,0,0,0,0,0,0
epit_0165,fe_alloy,71.93,18,10,0,0,,0,0.07,,,,,,0,0,0,0,0,0,0,0,0,0,0
epit_0166,fe_alloy,82.93,17,0,0,0,,0,0.07,,,,,,0,0,0,0,0,0,0,0,0,0,0
epit_0167,fe_alloy,68.93,18,10,3,0,,0,0.07,,,,,,0,0,0,0,0,0,0,0,0,0,0
epit_0168,fe_alloy,43.44,20,29,3,0,,1,0.06,,,3.5,,,0,0,0,0,0,0,0,0,0,0,0
epit_0169,fe_alloy,68.965,18,10,3,0,,0,0.035,,,,,,0,0,0,0,0,0,0,0,0,0,0
epit_0170,fe_alloy,67.93,18,10,3,0,,1,0.07,,,,,,0,0,0,0,0,0,0,0,0,0,0
epit_0171,fe_alloy,72,18,10,0,0,,0,,,,,,,0,0,0,0,0,0,0,0,0,0,0
epit_0172,fe_alloy,69,18,10,3,0,,0,,,,,,,0,0,0,0,0,0,0,0,0,0,0
epit_0173,fe_alloy,64,25,5.5,2.5,0,,0,,,,3,,,0,0,0,0,0,0,0,0,0,0,0
epit_0174,fe_alloy,63.17,25.5,5.5,3,0,0.1,0,0.08,,,2.65,,,0,0,0,0,0,0,0,0,0,0,0
epit_0175,fe_alloy,61.07,27.5,7.5,2.5,0,0.1,0,0.08,,,1.25,,,0,0,0,0,0,0,0,0,0,0,0
epit_0176,fe_alloy,43.87,21,28.5,4,0,0.56,0,0.07,,,2,,,0,0,0,0,0,0,0,0,0,0,0
epit_0177,other,25.061,15,59.939,0,0,,0,,,,,,,0,0,0,0,0,0,0,0,0,0,0
epit_0178,fe_alloy,72,15,13,0,0,,0,,,,,,,0,0,0,0,0,0,0,0,0,0,0
epit_0179,fe_alloy,71.564,15,13,0.436,0,,0,,,,,,,0,0,0,0,0,0,0,0,0,0,0
epit_0180,fe_alloy,71.046,15,13,0.954,0,,0,,,,,,,0,0,0,0,0,0,0,0,0,0,0
epit_0181,fe_alloy,70.552,15,13,1.448,0,,0,,,,,,,0,0,0,0,0,0,0,0,0,0,0
epit_0182,fe_alloy,70.096,15,13,1.904,0,,0,,,,,,,0,0,0,0,0,0,0,0,0,0,0
epit_0183,fe_alloy,69.582,15,13,2.418,0,,0,,,,,,,0,0,0,0,0,0,0,0,0,0,0
epit_0184,fe_alloy,71.994,15,13,0.006,0,,0,,,,,,,0,0,0,0,0,0,0,0,0,0,0
epit_0185,fe_alloy,71.557,15,13,0.443,0,,0,,,,,,,0,0,0,0,0,0,0,0,0,0,0
epit_0186,fe_alloy,71.045,15,13,0.955,0,,0,,,,,,,0,0,0,0,0,0,0,0,0,0,0
epit_0187,fe_alloy,70.089,15,13,1.911,0,,0,,,,,,,0,0,0,0,0,0,0,0,0,0,0
epit_0188,fe_alloy,71.984,15,13,0.016,0,,0,,,,,,,0,0,0,0,0,0,0,0,0,0,0
epit_0189,fe_alloy,71.551,15,13,0.449,0,,0,,,,,,,0,0,0,0,0,0,0,0,0,0,0
epit_0190,fe_alloy,70.554,15,13,1.446,0,,0,,,,,,,0,0,0,0,0,0,0,0,0,0,0
epit_0191,fe_alloy,69.605,15,13,2.395,0,,0,,,,,,,0,0,0,0,0,0,0,0,0,0,0
epit_0192,fe_alloy,81.898,16.3,0.33,0,0,,0,0.046,0.6,0.7,0.1,0.018,0.008,0,0,0,0,0,0,0,0,0,0,0
epit_0193,fe_alloy,81.028,16.52,0.3,0.99,0,,0,0.069,0.54,0.42,0.11,0.016,0.007,0,0,0,0,0,0,0,0,0,0,0
epit_0194,fe_alloy,82.8115,17.08,0,0.03,0,0.0065,0,0.003,0.06,,0,0.009,,0,0,0,0,0,0,0,0,0,0,0
epit_0195,fe_alloy,81.96535,16.93,0,1.04,0,0.00565,0,0.002,0.05,,0,0.007,,0,0,0,0,0,0,0,0,0,0,0
epit_0196,fe_alloy,80.2552,16.68,0,2.99,0,0.0048,0,0.003,0.06,,0,0.007,,0,0,0,0,0,0,0,0,0,0,0
epit_0197,fe_alloy,79.38,18.53,0.11,1.95,0,,0,0.03,,,,,,0,0,0,0,0,0,0,0,0,0,0
epit_0198,fe_alloy,78.87,18.53,0.62,1.95,0,,0,0.03,,,,,,0,0,0,0,0,0,0,0,0,0,0
epit_0199,fe_alloy,78.409,18.53,1.08,1.95,0,,0,0.031,,,,,,0,0,0,0,0,0,0,0,0,0,0
epit_0200,fe_alloy,78.791,18.45,0.11,1.97,0,0.045,0,0.034,0.13,,,,,0,0,0,0,0,0.47,0,0,0,0,0
epit_0201,fe_alloy,77.592,18.5,0,1.97,0,0.023,0,0.035,,,,,,0,0,0,0,0,1.88,0,0,0,0,0
epit_0202,fe_alloy,77.818,18.7,0.57,1.97,0,,0,0.032,,,,,,0,0,0,0,0,0.91,0,0,0,0,0
epit_0203,fe_alloy,75.47,18.7,2.08,1.97,0,,0,0.03,,,,,,0,0,0,0,0,1.75,0,0,0,0,0
epit_0204,fe_alloy,67.454,17.93,14.38,0,0,,0,0.036,,,,,,0,0,0,0,0.2,0,0,0,0,0,0
epit_0205,fe_alloy,67.151,17.93,14.38,0,0,,0,0.036,,,,,,0,0,0,0,0.503,0,0,0,0,0,0
epit_0206,fe_alloy,66.654,17.93,14.38,0,0,,0,0.036,,,,,,0,0,0,0,1,0,0,0,0,0,0
epit_0207,fe_alloy,66.664,17.93,14.38,0,0,,0,0.036,,,,,,0,0,0,0.99,0,0,0,0,0,0,0
epit_0208,fe_alloy,65.154,17.93,14.38,0,0,,0,0.036,,,,,,0,0,0,2.5,0,0,0,0,0,0,0
epit_0209,fe_alloy,67.464,17.93,14.38,0,0,,0,0.036,,,,,,0,0,0,0,0,0.19,0,0,0,0,0
epit_0210,fe_alloy,67.344,17.93,14.38,0,0,,0,0.036,,,,,,0,0,0,0,0,0.31,0,0,0,0,0
epit_0211,fe_alloy,66.654,17.93,14.38,0,0,,0,0.036,,,,,,0,1,0,0,0,0,0,0,0,0,0
epit_0212,fe_alloy,65.404,17.93,14.38,0,0,,0,0.036,,,,,,0,2.25,0,0,0,0,0,0,0,0,0
epit_0213,fe_alloy,66.184,17.93,14.38,1.47,0,,0,0.036,,,,,,0,0,0,0,0,0,0,0,0,0,0
epit_0214,fe_alloy,64.904,17.93,14.38,2.75,0,,0,0.036,,,,,,0,0,0,0,0,0,0,0,0,0,0
epit_0215,fe_alloy,62.654,17.93,14.38,5,0,,0,0.036,,,,,,0,0,0,0,0,0,0,0,0,0,0
epit_0216,fe_alloy,67.474,17.93,14.38,0,0.18,,0,0.036,,,,,,0,0,0,0,0,0,0,0,0,0,0
epit_0217,fe_alloy,66.154,17.93,14.38,0,1.5,,0,0.036,,,,,,0,0,0,0,0,0,0,0,0,0,0
epit_0218,fe_alloy,64.984,17.93,14.38,0,2.67,,0,0.036,,,,,,0,0,0,0,0,0,0,0,0,0,0
epit_0219,fe_alloy,66.654,17.93,14.38,0,0,,0,0.036,,,,,,0,0,1,0,0,0,0,0,0,0,0
epit_0220,fe_alloy,65.584,17.93,14.38,0,0,,0,0.036,,,,,,0,0,2.07,0,0,0,0,0,0,0,0
epit_0221,fe_alloy,66.734,17.93,14.38,0,0,,0.92,0.036,,,,,,0,0,0,0,0,0,0,0,0,0,0
epit_0222,fe_alloy,66.354,17.93,14.38,0,0,,1.3,0.036,,,,,,0,0,0,0,0,0,0,0,0,0,0
epit_0223,fe_alloy,65.474,17.93,14.38,0,0,,2.18,0.036,,,,,,0,0,0,0,0,0,0,0,0,0,0
epit_0224,fe_alloy,64.324,17.93,14.38,0,0,,0,0.036,3.33,,,,,0,0,0,0,0,0,0,0,0,0,0
epit_0225,fe_alloy,62.914,17.93,14.38,0,0,,0,0.036,4.74,,,,,0,0,0,0,0,0,0,0,0,0,0
epit_0226,fe_alloy,67.654,17.93,14.38,0,0,,0,0.036,,,,,,0,0,0,0,0,0,0,0,0,0,0
epit_0227,fe_alloy,62.904,17.93,14.38,0,0,,0,0.036,,,,,,0,4.75,0,0,0,0,0,0,0,0,0
epit_0228,fe_alloy,62.654,17.93,14.38,0,0,,0,0.036,5,,,,,0,0,0,0,0,0,0,0,0,0,0
epit_0229,other,39.147,19.97,39.09,0.025,0,0.04,0,0.058,0.46,1.21,,,,0,0,0,0,0,0,0,0,0,0,0
epit_0230,fe_alloy,99.03,,,0.97,0,,0,,,,,,,0,0,0,0,0,0,0,0,0,0,0
epit_0231,fe_alloy,96.97,,,3.03,0,,0,,,,,,,0,0,0,0,0,0,0,0,0,0,0
epit_0232,other,35.971,20.01,39.13,4.85,0,0.039,0,,,,,,,0,0,0,0,0,0,0,0,0,0,0
epit_0233,fe_alloy,64.425,17.67,13.57,1.99,0,0.03,0,0.025,0.45,1.84,,,,0,0,0,0,0,0,0,0,0,0,0
epit_0234,fe_alloy,97.55,,,2.45,0,,0,,,,,,,0,0,0,0,0,0,0,0,0,0,0
epit_0235,fe_alloy,97.07,,,2.93,0,,0,,,,,,,0,0,0,0,0,0,0,0,0,0,0
epit_0236,fe_alloy,96.63,,,3.37,0,,0,,,,,,,0,0,0,0,0,0,0,0,0,0,0
epit_0237,fe_alloy,62.7,17.6,13.5,3.89,0,0.033,0,0.027,0.53,1.72,,,,0,0,0,0,0,0,0,0,0,0,0
epit_0238,fe_alloy,65.841,17.86,16.13,0.067,0,0.01,0,0.002,0.09,,,,,0,0,0,0,0,0,0,0,0,0,0
epit_0239,fe_alloy,63.165,18.01,16.25,2.48,0,0.012,0,0.003,0.08,,,,,0,0,0,0,0,0,0,0,0,0,0
epit_0240,fe_alloy,60.664,18.07,16.17,4.99,0,0.012,0,0.004,0.09,,,,,0,0,0,0,0,0,0,0,0,0,0
epit_0241,fe_alloy,63.515,17.6,13.6,2.93,0,0.03,0,0.025,0.5,1.8,,,,0,0,0,0,0,0,0,0,0,0,0
epit_0242,fe_alloy,73.63,22.53,1.45,1.02,0,,,,1.37,,,,,,0,0,0,0,0,0,0,0,0,0
epit_0243,fe_alloy,74,20.73,2.17,1.03,0,,,,2.07,,,,,,0,0,0,0,0,0,0,0,0,0
epit_0244,fe_alloy,73.49,22.56,1.44,0.71,0,,0.34,,1.37,0.09,,,,,0,0,0,0,0,0,0,0,0,0
epit_0245,fe_alloy,73.38,22.52,1.85,0.7,0,,0.34,,,0.08,,,,1.13,0,0,0,0,0,0,0,0,0,0
epit_0246,fe_alloy,73.66,21.51,1.44,2.03,0,,,,1.36,,,,,,0,0,0,0,0,0,0,0,0,0
epit_0247,fe_alloy,74.03,19.71,2.16,2.04,0,,,,2.06,,,,,,0,0,0,0,0,0,0,0,0,0
epit_0248,fe_alloy,73.37,21.49,1.84,1.75,0,,0.34,,,0.09,,,,1.12,0,0,0,0,0,0,0,0,0,0
epit_0249,fe_alloy,72.73,21.48,1.43,3,0,,,,1.36,,,,,,0,0,0,0,0,0,0,0,0,0
epit_0250,fe_alloy,73.02,19.7,2.15,2.64,0,,0.34,,2.06,0.09,,,,,0,0,0,0,0,0,0,0,0,0
epit_0251,fe_alloy,71.93,19.74,2.14,3.5,0,,0.51,,2.05,0.13,,,,,0,0,0,0,0,0,0,0,0,0
epit_0252,fe_alloy,70.97,19.73,2.13,4.7,0,,0.34,,2.04,0.09,,,,,0,0,0,0,0,0,0,0,0,0
epit_0253,fe_alloy,73.26,24.32,0.72,1.02,0,,,,0.68,,,,,,0,0,0,0,0,0,0,0,0,0
epit_0254,fe_alloy,73.3,23.29,0.71,2.02,0,,,,0.68,,,,,,0,0,0,0,0,0,0,0,0,0
epit_0255,fe_alloy,73.48,21.53,1.44,1.75,0,,0.34,,1.37,0.09,,,,,0,0,0,0,0,0,0,0,0,0
epit_0256,fe_alloy,73.1,19.69,2.14,3.02,0,,,,2.05,,,,,,0,0,0,0,0,0,0,0,0,0
epit_0257,fe_alloy,72.65,21.51,1.43,2.62,0,,0.34,,1.36,0.09,,,,,0,0,0,0,0,0,0,0,0,0
epit_0258,fe_alloy,81.227,16.45,0.11,1.97,0,0.045,0,0.034,0.13,0.034,,,,0,0,0,0,0,0,0,0,0,0,0
epit_0259,fe_alloy,74.165,17,8.3,0.19,0,0.047,0,0.108,,,0.19,,,0,0,0,0,0,0,0,0,0,0,0
epit_0260,fe_alloy,69.941,17.2,10.5,2,0,0.049,0,0.06,,,0.25,,,0,0,0,0,0,0,0,0,0,0,0
epit_0261,fe_alloy,48.975,20,25,4.5,0,0,0,0.025,,,1.5,,,0,0,0,0,0,0,0,0,0,0,0
epit_0262,fe_alloy,54.97,20,18,6.1,0,0.21,0,0.02,,,0.7,,,0,0,0,0,0,0,0,0,0,0,0
epit_0263,fe_alloy,61.29,27.3,7.3,3.8,0,0.31,0,,,,,,,0,0,0,0,0,0,0,0,0,0,
epit_0264,fe_alloy,64.8,28.4,2.6,4.2,0,0,0,,,,,,,0,0,0,0,0,0,0,0,0,0,
epit_0265,fe_alloy,55,19.8,18.6,6.4,0,0.2,0,,,,,,,0,0,0,0,0,0,0,0,0,0,
epit_0266,fe_alloy,64.56,25.2,7.1,3,0,0.14,0,,,,,,,0,0,0,0,0,0,0,0,0,0,
epit_0267,other,100,0,0,0,0,,0,,,,,,,0,0,0,0,0,0,0,0,0,0,0
epit_0268,other,0,0,0,100,0,,0,,,,,,,0,0,0,0,0,0,0,0,0,0,0
epit_0269,other,0,20,80,0,0,,0,,,,,,,0,0,0,0,0,0,0,0,0,0,0
epit_0270,fe_alloy,86.233,13.68,0,0.08,0,0.004,0,0.003,,,,,,0,0,0,0,0,0,0,0,0,0,0
epit_0271,fe_alloy,85.8115,13.14,0,1.04,0,0.0035,0,0.005,,,,,,0,0,0,0,0,0,0,0,0,0,0
epit_0272,fe_alloy,84.514,13.6,0,1.88,0,0.004,0,0.002,,,,,,0,0,0,0,0,0,0,0,0,0,0
epit_0273,fe_alloy,83.5731,12.94,0,3.48,0,0.0039,0,0.003,,,,,,0,0,0,0,0,0,0,0,0,0,0
epit_0274,fe_alloy,82.1838,13.04,0,4.77,0,0.0032,0,0.003,,,,,,0,0,0,0,0,0,0,0,0,0,0
epit_0275,fe_alloy,82.635,17.35,0,0.01,0,0.003,0,0.002,,,,,,0,0,0,0,0,0,0,0,0,0,0
epit_0276,fe_alloy,81.3234,17.53,0,1.14,0,0.0036,0,0.003,,,,,,0,0,0,0,0,0,0,0,0,0,0
epit_0277,fe_alloy,80.362,17.61,0,2.02,0,0.004,0,0.004,,,,,,0,0,0,0,0,0,0,0,0,0,0
epit_0278,fe_alloy,78.8916,17.58,0,3.52,0,0.0034,0,0.005,,,,,,0,0,0,0,0,0,0,0,0,0,0
epit_0279,fe_alloy,77.8623,17.38,0,4.75,0,0.0037,0,0.004,,,,,,0,0,0,0,0,0,0,0,0,0,0
epit_0280,fe_alloy,70.995,18.7,10.3,0,0,,0,,,,,,0.005,0,0,0,0,0,0,0,0,0,0,0
epit_0281,fe_alloy,69.695,16.6,11,2.7,0,,0,,,,,,0.005,0,0,0,0,0,0,0,0,0,0,0
epit_0282,fe_alloy,68.534,16.3,14.4,0,0,,0,0.006,0.33,0.43,,,,0,0,0,0,0,0,0,0,0,0,0
epit_0283,fe_alloy,72,0,0,0,0,,0,,,,,,,28,0,0,0,0,0,0,0,0,0,0
epit_0284,fe_alloy,70,2,0,0,0,,0,,,,,,,28,0,0,0,0,0,0,0,0,0,0
epit_0285,fe_alloy,68,4,0,0,0,,0,,,,,,,28,0,0,0,0,0,0,0,0,0,0
epit_0286,fe_alloy,66,6,0,0,0,,0,,,,,,,28,0,0,0,0,0,0,0,0,0,0
epit_0287,fe_alloy,67.95,2,0,2,0,,0,,,,,,,28,0,0,0,0,0,0,0.05,0,0,0
epit_0288,fe_alloy,68.95,2,0,1,0,,0,,,,,,,28,0,0,0,0,0,0,0.05,0,0,0
epit_0289,fe_alloy,67.5,4,0,0.5,0,,0,,,,,,,28,0,0,0,0,0,0,0,0,0,0
epit_0290,fe_alloy,67,4,0,1,0,,0,,,,,,,28,0,0,0,0,0,0,0,0,0,0
epit_0291,fe_alloy,66,4,0,2,0,,0,,,,,,,28,0,0,0,0,0,0,0,0,0,0
epit_0292,fe_alloy,70.5249,28.93,0,0.012,0.011,0.0009,0.11,0.0012,0.41,,,,,0,0,0,0,0,0,0,0,0,0,0
epit_0293,fe_alloy,69.4652,28.89,0,0.011,1.08,0.0012,0.13,0.0026,0.42,,,,,0,0,0,0,0,0,0,0,0,0,0
epit_0294,fe_alloy,68.5043,28.88,0,0.011,2.08,0.0015,0.1,0.0032,0.42,,,,,0,0,0,0,0,0,0,0,0,0,0
epit_0295,fe_alloy,66.4736,28.85,0,0.01,4.1,0.0009,0.12,0.0055,0.44,,,,,0,0,0,0,0,0,0,0,0,0,0
epit_0296,fe_alloy,62.4719,28.78,0,0.01,8.17,0.001,0.1,0.0071,0.46,,,,,0,0,0,0,0,0,0,0,0,0,0
epit_0297,fe_alloy,69.4473,28.97,0,1.04,0.01,0.0012,0.11,0.0015,0.42,,,,,0,0,0,0,0,0,0,0,0,0,0
epit_0298,fe_alloy,68.3564,29.06,0,2.07,0.01,0.0017,0.09,0.0019,0.41,,,,,0,0,0,0,0,0,0,0,0,0,0
epit_0299,fe_alloy,66.1551,29.1,0,4.19,0.011,0.0015,0.1,0.0024,0.44,,,,,0,0,0,0,0,0,0,0,0,0,0
epit_0300,fe_alloy,72.49,17,8.1,0.17,0,0.05,0,0.108,0.55,1.01,0.19,0.04,0.012,0,0,0,0,0,0.12,0.16,0,0,0,0
epit_0301,fe_alloy,76.765,12.2,0,11,0.02,,0,0.006,0,0,,,0.009,0,0,0,0,0,0,0,0,0,0,0
epit_0302,fe_alloy,67.565,13.9,0,0,18.5,,0,0.002,0.031,0,,,0.002,0,0,0,0,0,0,0,0,0,0,0
epit_0303,fe_alloy,79.642,13.9,0,0,0,,0,0.004,0.03,0.02,,,0.004,0,6.4,0,0,0,0,0,0,0,0,0
epit_0304,fe_alloy,83.58,13.3,0,0,0,,0,0.01,3,0.1,,,0.01,0,0,0,0,0,0,0,0,0,0,0
epit_0305,fe_alloy,65.398,25.26,6.39,2.72,0,0.232,0,,,,,,,0,0,0,0,0,0,0,0,0,0,0
epit_0306,fe_alloy,63.15,25.29,6.89,1.55,2.86,0.26,0,,,,,,,0,0,0,0,0,0,0,0,0,0,0
epit_0307,fe_alloy,63.059,25.7,7,1.94,2.05,0.251,0,,,,,,,0,0,0,0,0,0,0,0,0,0,0
epit_0308,hea,21.7,20.2,0,0,0,,0,,,,24.7,,,10.5,0,0,0,0,0,22.9,0,0,0,0
epit_0309,hea,8,0,4,0,0,,0,,0,,,,,28,11,0,0,0,49,0,0,0,0,0
epit_0310,hea,0,25,0,0,0,,0,,14,,,,,13,25,0,0,0,23,0,0,0,0,0
epit_0311,hea,22,21,24,0,0,,0,,0,,,,,9,0,0,0,0,0,24,0,0,0,0
epit_0312,hea,25,23,26,0,0,,0,,0,,,,,0,0,0,0,0,0,26,0,0,0,0
epit_0313,hea,23,21,24,0,0,,0,,0,,,,,0,0,0,0,0,8,24,0,0,0,0
epit_0314,hea,24.58,25.12,25.92,0,0,,0,,,,0,,,0,0,0,0,0,0,24.9,0,0,0,0
epit_0315,hea,20.47,16.48,25.48,0,0,,0,,,,13.49,,,0,0,0,0,0,0,23.99,0,0,0,0
epit_0316,hea,18.78,16.25,21.78,0,0,,0,,,,21.69,,,0,0,0,0,0,0,21.5,0,0,0,0
epit_0317,hea,17.87,16.65,18.79,0,0,,0,0.03,8.99,0,10.17,0.006,0.003,8.63,0,0,0,0,0,18.86,0,0,0,0
epit_0318,hea,23.4,21.8,24.6,0,0,,0,,,,,,,5.6,0,0,0,0,0,24.7,0,0,0,0
epit_0319,hea,31,0,33,0,0,,0,,16,0,,,,14,0,0,0,0,0,0,6,0,0,0
epit_0320,hea,38.03,23.63,13.33,0,0,,0,,0,24.99,,,,0,0,0,0,0,0,0,0,0,0,0
epit_0321,hea,36.68,22.79,12.86,0,0,,0,,0,24.1,,,,3.55,0,0,0,0,0,0,0,0,0,0
epit_0322,hea,25,23,26,0,0,,0,,,,,,,0,0,0,0,0,0,26,0,0,0,0
epit_0323,hea,23.9,22.3,25.1,0,0,,0,,,,,,,3.5,0,0,0,0,0,25.2,0,0,0,0
epit_0324,hea,22.9,21.3,24,0,0,,0,,,,,,,7.7,0,0,0,0,0,24.1,0,0,0,0
epit_0325,hea,19.98,18.4,40.84,0,0,0.0011,0,0.0165,,,,,0.001,0,0,0,0,0,0,20.67,0,0,0,0
epit_0326,hea,18.46,16.95,37.81,7.64,0,0.0009,0,0.016,,,,,0.001,0,0,0,0,0,0,18.99,0,0,0,0
epit_0327,nicrmo_alloy,0,13.31,81.45,5.24,0,,0,,,,,,,0,0,0,0,0,0,0,0,0,0,0
epit_0328,nicrmo_alloy,0,20.53,74.55,4.92,0,,0,,,,,,,0,0,0,0,0,0,0,0,0,0,0
epit_0329,nicrmo_alloy,0,16.75,73.56,9.69,0,,0,,,,,,,0,0,0,0,0,0,0,0,0,0,0
epit_0330,nicrmo_alloy,0,32.02,62.82,5.16,0,,0,,,,,,,0,0,0,0,0,0,0,0,0,0,0
epit_0331,nicrmo_alloy,0,13.98,74.36,11.66,0,,0,,,,,,,0,0,0,0,0,0,0,0,0,0,0
epit_0332,nicrmo_alloy,0,10.53,74.44,15.03,0,,0,,,,,,,0,0,0,0,0,0,0,0,0,0,0
epit_0333,nicrmo_alloy,0,13.06,72.04,14.9,0,,0,,,,,,,0,0,0,0,0,0,0,0,0,0,0
epit_0334,nicrmo_alloy,0,26.34,54.35,19.3,0,,0,,,,,,,0,0,0,0,0,0,0,0,0,0,0
epit_0335,nicrmo_alloy,0,16.95,74.64,8.41,0,,0,,,,,,,0,0,0,0,0,0,0,0,0,0,0
epit_0336,nicrmo_alloy,0,28.67,65.94,5.38,0,,0,,,,,,,0,0,0,0,0,0,0,0,0,0,0
epit_0337,nicrmo_alloy,0,26.63,66.5,6.87,0,,0,,,,,,,0,0,0,0,0,0,0,0,0,0,0
epit_0338,nicrmo_alloy,0,18.3,66.67,15.03,0,,0,,,,,,,0,0,0,0,0,0,0,0,0,0,0
epit_0339,nicrmo_alloy,0,9.52,69.41,21.07,0,,0,,,,,,,0,0,0,0,0,0,0,0,0,0,0
epit_0340,nicrmo_alloy,0,19.04,57.97,22.98,0,,0,,,,,,,0,0,0,0,0,0,0,0,0,0,0
epit_0341,nicrmo_alloy,0,22.59,65.14,12.27,0,,0,,,,,,,0,0,0,0,0,0,0,0,0,0,0
epit_0342,nicrmo_alloy,0,26.52,61.68,11.8,0,,0,,,,,,,0,0,0,0,0,0,0,0,0,0,0
epit_0343,nicrmo_alloy,0,29.27,56.08,14.64,0,,0,,,,,,,0,0,0,0,0,0,0,0,0,0,0
epit_0344,al_alloy,0,0,0,0,0,,0,,,,,,,100,0,0,0,0,0,0,0,0,0,0
epit_0345,al_alloy,0,0,0,0,0,,0,,,,1,,,99,0,0,0,0,0,0,0,0,0,0
epit_0346,al_alloy,0,0,0,0,0,,0,,,,2,,,98,0,0,0,0,0,0,0,0,0,0
epit_0347,al_alloy,0,0,0,0,0,,0,,,,3,,,97,0,0,0,0,0,0,0,0,0,0
epit_0348,al_alloy,0,0,0,0,0,,0,,,,4,,,96,0,0,0,0,0,0,0,0,0,0
epit_0349,al_alloy,0,0,0,0,0,,0,,,,5,,,95,0,0,0,0,0,0,0,0,0,0
epit_0350,al_alloy,0,0,15.76,0,0,,0,,,,,,,72.44,0,0,0,0,0,0,0,0,11.8,0
epit_0351,al_alloy,7.99,0,0,0,0,,0,,,,,,,69.5,0,0,0,0,0,0,0,0,0,22.5
epit_0352,al_alloy,5,0,0,0,0,,0,,,,,,,90,0,0,0,0,0,0,0,0,0,5
epit_0353,al_alloy,0,0,0,7.41,0,,0,,,,,,,92.59,0,0,0,0,0,0,0,0,0,0
epit_0354,al_alloy,0,0,0,23.13,0,,0,,,,,,,76.87,0,0,0,0,0,0,0,0,0,0
epit_0355,al_alloy,0,0,0,32.66,0,,0,,,,,,,67.34,0,0,0,0,0,0,0,0,0,0
epit_0356,al_alloy,0,12.33,0,0,0,,0,,,,,,,87.67,0,0,0,0,0,0,0,0,0,0
epit_0357,al_alloy,0,14.35,0,0,0,,0,,,,,,,85.65,0,0,0,0,0,0,0,0,0,0
epit_0358,al_alloy,0,23.88,0,0,0,,0,,,,,,,76.12,0,0,0,0,0,0,0,0,0,0
epit_0359,al_alloy,0,0,0,9.29,0,,0,,,,,,,90.71,0,0,0,0,0,0,0,0,0,0
epit_0360,al_alloy,0,0,0,16.88,0,,0,,,,,,,83.12,0,0,0,0,0,0,0,0,0,0
epit_0361,al_alloy,0,0,0,29.22,0,,0,,,,,,,70.78,0,0,0,0,0,0,0,0,0,0
epit_0362,al_alloy,0,0,0,9.91,0,,0,,,,,,,90.09,0,0,0,0,0,0,0,0,0,0
epit_0363,al_alloy,0,0,0,12.91,0,,0,,,,,,,87.09,0,0,0,0,0,0,0,0,0,0
epit_0364,al_alloy,0,0,0,15.77,0,,0,,,,,,,84.23,0,0,0,0,0,0,0,0,0,0
epit_0365,al_alloy,0,0,0,18.5,0,,0,,,,,,,81.5,0,0,0,0,0,0,0,0,0,0
epit_0366,al_alloy,0,0,0,24.11,0,,0,,,,,,,75.89,0,0,0,0,0,0,0,0,0,0
epit_0367,al_alloy,0,0,0,0,0,,15.34,,,,,,,84.66,0,0,0,0,0,0,0,0,0,0
epit_0368,al_alloy,0,0,0,0,0,,37.8,,,,,,,62.2,0,0,0,0,0,0,0,0,0,0
epit_0369,al_alloy,0,0,0,0,0,,54.75,,,,,,,45.25,0,0,0,0,0,0,0,0,0,0
epit_0370,al_alloy,0,0,0,0,0,,64.96,,,,,,,35.04,0,0,0,0,0,0,0,0,0,0
epit_0371,al_alloy,0,0,0,28.32,0,,0,,,,,,,71.68,0,0,0,0,0,0,0,0,0,0
epit_0372,al_alloy,0,0,0,38.56,0,,0,,,,,,,61.44,0,0,0,0,0,0,0,0,0,0
epit_0373,al_alloy,0,0,0,44.67,0,,0,,,,,,,55.33,0,0,0,0,0,0,0,0,0,0
epit_0374,al_alloy,0,0,0,55.55,0,,0,,,,,,,44.45,0,0,0,0,0,0,0,0,0,0
epit_0375,al_alloy,0,0,0,59.23,0,,0,,,,,,,40.77,0,0,0,0,0,0,0,0,0,0
epit_0376,other,0,0,0,62.06,0,,0,,,,,,,37.94,0,0,0,0,0,0,0,0,0,0
epit_0377,al_alloy,0,0,0,41.27,0,,0,,,,,,,58.73,0,0,0,0,0,0,0,0,0,0
epit_0378,al_alloy,0,0,0,57.43,0,,0,,,,,,,42.57,0,0,0,0,0,0,0,0,0,0
epit_0379,other,0,0,0,72.03,0,,0,,,,,,,27.97,0,0,0,0,0,0,0,0,0,0
epit_0380,al_alloy,0,4.71,0,0,0,,0,,,,,,,95.29,0,0,0,0,0,0,0,0,0,0
epit_0381,al_alloy,0,20.03,0,0,0,,0,,,,,,,79.97,0,0,0,0,0,0,0,0,0,0
epit_0382,al_alloy,0,45.23,0,0,0,,0,,,,,,,54.77,0,0,0,0,0,0,0,0,0,0
epit_0383,al_alloy,0,9.21,0,0,0,,0,,,,,,,90.79,0,0,0,0,0,0,0,0,0,0
epit_0384,al_alloy,0,26.12,0,0,0,,0,,,,,,,73.88,0,0,0,0,0,0,0,0,0,0
epit_0385,al_alloy,0,17.64,0,0,0,,0,,,,,,,82.36,0,0,0,0,0,0,0,0,0,0
epit_0386,al_alloy,0,39.74,0,0,0,,0,,,,,,,60.26,0,0,0,0,0,0,0,0,0,0
epit_0387,al_alloy,0,50.37,0,0,0,,0,,,,,,,49.63,0,0,0,0,0,0,0,0,0,0
epit_0388,al_alloy,0,54.15,0,0,0,,0,,,,,,,45.85,0,0,0,0,0,0,0,0,0,0
epit_0389,other,0,60.71,0,0,0,,0,,,,,,,39.29,0,0,0,0,0,0,0,0,0,0
epit_0390,al_alloy,0,0,0,0,27.21,,0,,,,,,,72.29,0,0,0,0,0,0,0,0,0,0
epit_0391,al_alloy,0,0,0,0,0,,0,,,,,,,74.46,0,0,0,12.89,0,12.65,0,0,0,0
epit_0392,al_alloy,0,0,0,0,0,,0,,,,,,,67.79,0,0,0,17.4,0,14.81,0,0,0,0
epit_0393,al_alloy,0,0,0,0,0,,0,,,,,,,65.19,0,0,0,23.35,0,11.46,0,0,0,0
epit_0394,al_alloy,0,0,0,0,0,,0,,,,,,,67.72,0,0,0,27.35,0,4.93,0,0,0,0
epit_0395,al_alloy,0,0,11.1,0,0,,0,,,,,,,63.41,0,0,0,0,0,0,0,0,0,25.49
epit_0396,al_alloy,9.78,0,0,0,0,,0,,,,,,,58.74,0,0,0,0,0,0,0,0,0,31.48
epit_0397,al_alloy,0,0,0,0,0,,0,,,,0.2,,,99.8,0,0,0,0,0,0,0,0,0,0
epit_0398,al_alloy,0.17,0.01,0,0,0,,0,,0.06,0.63,4.54,,,92.97,0,0,0,0,0.03,0,0,1.51,0,0
epit_0399,al_alloy,0.0007,0,,,,,,,0.0016,,0.0039,,,99.99,0,0,0,0,0,0,0,0,0,0
epit_0400,al_alloy,0.48,0.002,,,,,,,0.08,0.004,0.1,,,99.4,0,0,0,0,0,0,0,0,0,0
epit_0401,al_alloy,0.002,0,,,,,,,0.002,1.3,0.006,,,98.689,0,0,0,0,0,0,0,0,0,0
epit_0402,al_alloy,0.16,0.23,,,,,,,0.08,0.02,0.04,,,97.04,0,0,0,0,0,0,0,2.43,0,0
