family,variation,coefficient,reference,sampled_mean,sampled_std,mean_shift,draws
coupled_breakdown,0.0,acidic_ph_aggressiveness,0.06731814260336669,0.06731814260336669,0.0,0.0,16
coupled_breakdown,0.0,coupled_environment_breakdown,0.5061946205060569,0.5061946205060569,0.0,0.0,16
coupled_breakdown,0.0,material_passivity,0.4264872368905764,0.4264872368905764,0.0,0.0,16
coupled_breakdown,0.1,acidic_ph_aggressiveness,0.06731814260336669,0.06730551390858903,0.004290163110100291,-1.2628694777655838e-05,160
coupled_breakdown,0.1,coupled_environment_breakdown,0.5061946205060569,0.5061468856410178,0.01937449543365328,-4.773486503913474e-05,160
coupled_breakdown,0.1,material_passivity,0.4264872368905764,0.4265476004503932,0.019092695656313514,6.036355981683221e-05,160
coupled_breakdown,0.2,acidic_ph_aggressiveness,0.06731814260336669,0.0671523703870344,0.008664964332308546,-0.0001657722163322949,160
coupled_breakdown,0.2,coupled_environment_breakdown,0.5061946205060569,0.5035784709949368,0.037460440938983375,-0.0026161495111201765,160
coupled_breakdown,0.2,material_passivity,0.4264872368905764,0.4292691586180289,0.03672681779155953,0.0027819217274525,160
coupled_breakdown,0.3,acidic_ph_aggressiveness,0.06731814260336669,0.06751945877517379,0.013214331857618498,0.000201316171807098,160
coupled_breakdown,0.3,coupled_environment_breakdown,0.5061946205060569,0.5046054691171451,0.05621272101054598,-0.0015891513889119333,160
coupled_breakdown,0.3,material_passivity,0.4264872368905764,0.4278750721076812,0.05423344078600416,0.0013878352171048554,160
cr_mow_synergy,0.0,environment_aggressiveness,0.07104322463544993,0.07104322463544993,0.0,0.0,16
cr_mow_synergy,0.0,material_chloride_interaction,0.20715501984839696,0.20715501984839696,0.0,0.0,16
cr_mow_synergy,0.0,material_passivity,0.4331301963066418,0.4331301963066418,0.0,0.0,16
cr_mow_synergy,0.0,temperature_chloride_interaction,0.28867155920951126,0.28867155920951126,0.0,0.0,16
cr_mow_synergy,0.1,environment_aggressiveness,0.07104322463544993,0.07044730039902163,0.004226587444215314,-0.0005959242364283054,160
cr_mow_synergy,0.1,material_chloride_interaction,0.20715501984839696,0.2074511082205539,0.01132631518578174,0.00029608837215695707,160
cr_mow_synergy,0.1,material_passivity,0.4331301963066418,0.4333947006871802,0.015045004438853364,0.0002645043805384002,160
cr_mow_synergy,0.1,temperature_chloride_interaction,0.28867155920951126,0.2887068906932443,0.013542365860912432,3.533148373300217e-05,160
cr_mow_synergy,0.2,environment_aggressiveness,0.07104322463544993,0.07142261156236351,0.008705922451764384,0.0003793869269135872,160
cr_mow_synergy,0.2,material_chloride_interaction,0.20715501984839696,0.21023508422720716,0.023695068088733503,0.003080064378810192,160
cr_mow_synergy,0.2,material_passivity,0.4331301963066418,0.4285519145507514,0.034848431536266995,-0.004578281755890399,160
cr_mow_synergy,0.2,temperature_chloride_interaction,0.28867155920951126,0.28979038965967796,0.02977886914241513,0.0011188304501666795,160
cr_mow_synergy,0.3,environment_aggressiveness,0.07104322463544993,0.07087815177812498,0.013618105787837594,-0.00016507285732495882,160
cr_mow_synergy,0.3,material_chloride_interaction,0.20715501984839696,0.20484503225506484,0.032682334182276215,-0.002309987593332127,160
cr_mow_synergy,0.3,material_passivity,0.4331301963066418,0.43379031042656724,0.05383981993878607,0.0006601141199254979,160
cr_mow_synergy,0.3,temperature_chloride_interaction,0.28867155920951126,0.2904865055402429,0.04620834466113078,0.0018149463307316391,160
fe_ni_cr_threshold,0.0,acidic_ph_aggressiveness,0.0,0.0,0.0,0.0,16
fe_ni_cr_threshold,0.0,high_temperature_aggressiveness,0.10578615837324422,0.10578615837324422,0.0,0.0,16
fe_ni_cr_threshold,0.0,log_chloride_aggressiveness,0.2721036452352813,0.2721036452352813,0.0,0.0,16
fe_ni_cr_threshold,0.0,material_passivity,0.5233150233973575,0.5233150233973575,0.0,0.0,16
fe_ni_cr_threshold,0.0,temperature_chloride_interaction,0.09879517299411691,0.09879517299411691,0.0,0.0,16
fe_ni_cr_threshold,0.1,acidic_ph_aggressiveness,0.0,0.0,0.0,0.0,160
fe_ni_cr_threshold,0.1,high_temperature_aggressiveness,0.10578615837324422,0.10546164390282779,0.006110732869860089,-0.00032451447041642226,160
fe_ni_cr_threshold,0.1,log_chloride_aggressiveness,0.2721036452352813,0.27344495529503,0.014567368137866932,0.0013413100597486891,160
fe_ni_cr_threshold,0.1,material_passivity,0.5233150233973575,0.5220757736843866,0.017171345318158587,-0.001239249712970962,160
fe_ni_cr_threshold,0.1,temperature_chloride_interaction,0.09879517299411691,0.09901762711775572,0.006252460436207405,0.0002224541236387965,160
fe_ni_cr_threshold,0.2,acidic_ph_aggressiveness,0.0,0.0,0.0,0.0,160
fe_ni_cr_threshold,0.2,high_temperature_aggressiveness,0.10578615837324422,0.10771135084441004,0.014217833255419293,0.0019251924711658063,160
fe_ni_cr_threshold,0.2,log_chloride_aggressiveness,0.2721036452352813,0.27502717504955176,0.02808517423385751,0.0029235298142704464,160
fe_ni_cr_threshold,0.2,material_passivity,0.5233150233973575,0.5190720683988552,0.03235863723591893,-0.004242954998502338,160
fe_ni_cr_threshold,0.2,temperature_chloride_interaction,0.09879517299411691,0.09818940570718308,0.011908478553605412,-0.0006057672869338257,160
fe_ni_cr_threshold,0.3,acidic_ph_aggressiveness,0.0,0.0,0.0,0.0,160
fe_ni_cr_threshold,0.3,high_temperature_aggressiveness,0.10578615837324422,0.10805135256545084,0.021215817772809724,0.0022651941922066294,160
fe_ni_cr_threshold,0.3,log_chloride_aggressiveness,0.2721036452352813,0.2753664649400205,0.0431102140894184,0.003262819704739195,160
fe_ni_cr_threshold,0.3,material_passivity,0.5233150233973575,0.5156653692960438,0.05335255025109384,-0.007649654101313655,160
fe_ni_cr_threshold,0.3,temperature_chloride_interaction,0.09879517299411691,0.10091681319848485,0.019824377511787596,0.002121640204367926,160
improved_environment,0.0,acidic_ph_aggressiveness,0.0,0.0,0.0,0.0,16
improved_environment,0.0,high_temperature_aggressiveness,0.07983148105803244,0.07983148105803244,0.0,0.0,16
improved_environment,0.0,log_chloride_aggressiveness,0.24143842415320108,0.24143842415320108,0.0,0.0,16
improved_environment,0.0,material_passivity,0.5394047306245447,0.5394047306245447,0.0,0.0,16
improved_environment,0.0,temperature_chloride_interaction,0.13932536416422184,0.13932536416422184,0.0,0.0,16
improved_environment,0.1,acidic_ph_aggressiveness,0.0,0.0,0.0,0.0,160
improved_environment,0.1,high_temperature_aggressiveness,0.07983148105803244,0.07970923788574741,0.004933138841097264,-0.00012224317228502426,160
improved_environment,0.1,log_chloride_aggressiveness,0.24143842415320108,0.24201959375693988,0.014020623493168882,0.0005811696037388133,160
improved_environment,0.1,material_passivity,0.5394047306245447,0.5398860014826166,0.016786666793968646,0.000481270858071825,160
improved_environment,0.1,temperature_chloride_interaction,0.13932536416422184,0.13838516687469612,0.008042693445372144,-0.0009401972895257081,160
improved_environment,0.2,acidic_ph_aggressiveness,0.0,0.0,0.0,0.0,160
improved_environment,0.2,high_temperature_aggressiveness,0.07983148105803244,0.08124273216697249,0.010124149805513715,0.001411251108940055,160
improved_environment,0.2,log_chloride_aggressiveness,0.24143842415320108,0.24240837820601432,0.027827177658121635,0.000969954052813243,160
improved_environment,0.2,material_passivity,0.5394047306245447,0.5362180268186308,0.03614303592148924,-0.0031867038059139345,160
improved_environment,0.2,temperature_chloride_interaction,0.13932536416422184,0.14013086280838238,0.017849638973915807,0.000805498644160536,160
improved_environment,0.3,acidic_ph_aggressiveness,0.0,0.0,0.0,0.0,160
improved_environment,0.3,high_temperature_aggressiveness,0.07983148105803244,0.08153876315082546,0.016508097687010625,0.00170728209279303,160
improved_environment,0.3,log_chloride_aggressiveness,0.24143842415320108,0.24648250839794486,0.04032778676184289,0.005044084244743803,160
improved_environment,0.3,material_passivity,0.5394047306245447,0.5290845982988369,0.051610197430534084,-0.010320132325707849,160
improved_environment,0.3,temperature_chloride_interaction,0.13932536416422184,0.14289413015239277,0.02610009659547311,0.0035687659881709173,160
method_aware,0.0,environment_aggressiveness,0.0,0.0,0.0,0.0,16
method_aware,0.0,material_chloride_interaction,0.31241264432052585,0.31241264432052585,0.0,0.0,16
method_aware,0.0,material_passivity,0.30507228713044593,0.30507228713044593,0.0,0.0,16
method_aware,0.0,temperature_chloride_interaction,0.20985961333296332,0.20985961333296332,0.0,0.0,16
method_aware,0.0,test_method_correction,0.17265545521606493,0.17265545521606493,0.0,0.0,16
method_aware,0.1,environment_aggressiveness,0.0,0.0,0.0,0.0,160
method_aware,0.1,material_chloride_interaction,0.31241264432052585,0.3133213979085233,0.014204776175217594,0.000908753587997491,160
method_aware,0.1,material_passivity,0.30507228713044593,0.30520956268323507,0.014102057784058016,0.0001372755527891227,160
method_aware,0.1,temperature_chloride_interaction,0.20985961333296332,0.2092844601495024,0.011802573682321247,-0.0005751531834609535,160
method_aware,0.1,test_method_correction,0.17265545521606493,0.17218457925873926,0.009868056866836042,-0.00047087595732569576,160
method_aware,0.2,environment_aggressiveness,0.0,0.0,0.0,0.0,160
method_aware,0.2,material_chloride_interaction,0.31241264432052585,0.31595643951607466,0.026629734719266086,0.003543795195548856,160
method_aware,0.2,material_passivity,0.30507228713044593,0.30600294043069837,0.02821845287796646,0.0009306533002524493,160
method_aware,0.2,temperature_chloride_interaction,0.20985961333296332,0.2085758032478787,0.021261508873062114,-0.0012838100850846408,160
method_aware,0.2,test_method_correction,0.17265545521606493,0.16946481680534825,0.018561180138364903,-0.0031906384107166868,160
method_aware,0.3,environment_aggressiveness,0.0,0.0,0.0,0.0,160
method_aware,0.3,material_chloride_interaction,0.31241264432052585,0.31223729742079626,0.042248972681066074,-0.00017534689972959378,160
method_aware,0.3,material_passivity,0.30507228713044593,0.2996373871657433,0.04515794187999857,-0.005434899964702639,160
method_aware,0.3,temperature_chloride_interaction,0.20985961333296332,0.21226764710130103,0.038233388230145125,0.0024080337683376933,160
method_aware,0.3,test_method_correction,0.17265545521606493,0.17585766831215943,0.029257989854654696,0.0032022130960945097,160
pren_linear,0.0,environment_aggressiveness,0.401299938336423,0.401299938336423,0.0,0.0,16
pren_linear,0.0,material_chloride_interaction,0.04272022577515931,0.04272022577515931,0.0,0.0,16
pren_linear,0.0,material_passivity,0.5559798358884177,0.5559798358884177,0.0,0.0,16
pren_linear,0.1,environment_aggressiveness,0.401299938336423,0.40212503380229536,0.02000551772351256,0.0008250954658724039,160
pren_linear,0.1,material_chloride_interaction,0.04272022577515931,0.0426543332688036,0.0030917514387754073,-6.589250635571417e-05,160
pren_linear,0.1,material_passivity,0.5559798358884177,0.5552206329289009,0.020090659644593896,-0.0007592029595167339,160
pren_linear,0.2,environment_aggressiveness,0.401299938336423,0.4025446446992711,0.03424064002241205,0.0012447063628480564,160
pren_linear,0.2,material_chloride_interaction,0.04272022577515931,0.04336911583071148,0.006148361301122013,0.0006488900555521742,160
pren_linear,0.2,material_passivity,0.5559798358884177,0.5540862394700176,0.03519132330464606,-0.0018935964184002719,160
pren_linear,0.3,environment_aggressiveness,0.401299938336423,0.40533378443062296,0.053658239532700984,0.004033846094199886,160
pren_linear,0.3,material_chloride_interaction,0.04272022577515931,0.04374410023025775,0.009345765884510103,0.0010238744550984404,160
pren_linear,0.3,material_passivity,0.5559798358884177,0.5509221153391193,0.05528894653160037,-0.005057720549298362,160
threshold_saturation,0.0,environment_aggressiveness,0.11387352655234903,0.11387352655234903,0.0,0.0,16
threshold_saturation,0.0,material_chloride_interaction,0.19604080271123986,0.19604080271123986,0.0,0.0,16
threshold_saturation,0.0,material_passivity,0.4185554036373855,0.4185554036373855,0.0,0.0,16
threshold_saturation,0.0,temperature_chloride_interaction,0.27153026709902567,0.27153026709902567,0.0,0.0,16
threshold_saturation,0.1,environment_aggressiveness,0.11387352655234903,0.11463025015373876,0.0072470556548497305,0.0007567236013897462,160
threshold_saturation,0.1,material_chloride_interaction,0.19604080271123986,0.19652151064959084,0.011423093648981674,0.0004807079383509747,160
threshold_saturation,0.1,material_passivity,0.4185554036373855,0.4178688087622877,0.016814438579785818,-0.0006865948750978068,160
threshold_saturation,0.1,temperature_chloride_interaction,0.27153026709902567,0.27097943043438266,0.01344120193430799,-0.0005508366646430051,160
threshold_saturation,0.2,environment_aggressiveness,0.11387352655234903,0.11473157387630181,0.013818932081409397,0.0008580473239527704,160
threshold_saturation,0.2,material_chloride_interaction,0.19604080271123986,0.19673478542841147,0.02075524736749282,0.0006939827171715957,160
threshold_saturation,0.2,material_passivity,0.4185554036373855,0.41340958673832057,0.033382865546949664,-0.005145816899065013,160
threshold_saturation,0.2,temperature_chloride_interaction,0.27153026709902567,0.27512405395696626,0.02908399471256152,0.003593786857940555,160
threshold_saturation,0.3,environment_aggressiveness,0.11387352655234903,0.1114134459388465,0.018766465646607815,-0.0024600806135025195,160
threshold_saturation,0.3,material_chloride_interaction,0.19604080271123986,0.18991504976098614,0.0316474424086087,-0.006125752950253714,160
threshold_saturation,0.3,material_passivity,0.4185554036373855,0.42808954898092066,0.04797593262557404,0.009534145343535102,160
threshold_saturation,0.3,temperature_chloride_interaction,0.27153026709902567,0.2705819553192467,0.041880732926053175,-0.0009483117797789485,160
