table_id,family,scm_type,scm_status,rows,raw_scm_std,raw_rule_std,scm_rule_pearson,scm_rule_spearman,scm_nonfinite_count,scm_max_abs_z,rule_max_abs_z,features_sha256,scm_sha256,baseline_sha256,rule_metadata_sha256,task_seed
0,coupled_breakdown,mlp_scm,ok,1024,0.5328679084777832,0.8369638323783875,-0.04271434415074105,-0.02929489128102425,0,3.499725341796875,2.6325109004974365,627583c9f3fe05cfa517e21ca93954f4789fa366633e7da983c9d1a0e4db3742,195eca24303b8821c73ed6cb65aff1de20dc0e2fc3c78ffad45fa269b140085e,e6316877980bd9ec4e4713870d149b0d54da1c065ad92e61ea6409b11a306ef8,4256fdec34b89f4a1851b482a9458dd6cc5e2ad36cfe6037a405a8e42d62693e,3444837047
1,coupled_breakdown,mlp_scm,ok,1024,0.13903780281543732,0.8464181423187256,0.11363608597684845,0.09023548700021458,0,4.574228286743164,2.6138174533843994,b348d1d8b7edece5da0731e492dbaf61c047719d08951874488e87a943e860d1,9d0ec1600cd31728b83b17c909a662a52348b5b1fee296bb46fbda5b2b832afb,4c1e688376b6d42a813ba835683a1915765a45905013a8777723d0ac541b2d3c,aa8730c45dd262ba59e174c15e75661950cbd8fa2e81bc0be82acbfcdf958ca0,3329053876
2,coupled_breakdown,mlp_scm,ok,1024,9.83922290802002,0.8342480659484863,0.34669048233457544,0.332893178688935,0,3.366616725921631,2.718442678451538,b17393d5df9feb84f6d39792cde34e8bae2ac8c94ddaf9838725452e9af61bc7,e26cdc479345fa6163197449b826c9026783bbdbde08a066fe7d773b2cea5f2b,9a5dea9283ef2c6a82ef0c84a012272184b08302b978dc2f63f7ac9fe17de110,76a6ba2c5df75680b227e863422aa938aa2524640a8629f03121de67b44f0c93,955475868
3,coupled_breakdown,mlp_scm,ok,1024,8.655625343322754,0.8197643756866455,0.310987817496359,0.33976383127101056,0,3.1887478828430176,3.01306414604187,639193ac5df3a8e564ca3b2266e497d0f4efdae810cbd86aa16694a9b70e7566,58043d2cf063623e68d6bc08fea01418765008cb1a66fbc0561ddc935c041c65,61ddd3465221f4da5f3360d069f995b37c395b59e635778876358a0ef21c9b49,75109b5eb000a9000ed9725de7d726671e9962c9cc824712a0df64628364efb7,2541583436
4,coupled_breakdown,mlp_scm,ok,1024,1.8105647563934326,0.8325737118721008,-0.05827954988966463,-0.06071564757528074,0,8.017963409423828,2.8166346549987793,cfab061543c70e137f6c95bb48c68bbd2775d0e68635303af38e80ab37d59bba,209c08c4143bbab69a648f59a19ec5cc2c177cd2916a7d04c22c6d45eee411ef,ea9f880f5b48a1d7a769f169efb5dc5b749941ab51aeeb1cb6d96ec310c61748,34e0d4d4f5b9bbc75ecb953d73b35aec09f5909ea182e8f1a9c4c4293fdcbd3b,964687612
5,coupled_breakdown,mlp_scm,ok,1024,0.5215226411819458,0.8297443389892578,0.028741710524958244,0.03979892353908876,0,3.1167397499084473,2.9626846313476562,937457e260a4d6614f48b20b23f0ebadc889d64b50afc02530ceb9225b80e63e,33b5dbbdc18cb468ffcca94c45242e724af02b5e0fa74e2692739ea8a256a84a,81605f0c700d22385f3c92ae6101270dea8f8a20f2b1c6a35939ac4fa65721b1,f6387b88efc26b20ba0f0a7b732aeb49c6803b95e27e96a4cf7729da00482569,2103693821
6,coupled_breakdown,mlp_scm,ok,1024,0.4997750222682953,0.8341986536979675,0.009736326302379217,-0.008589469637364993,0,3.310210943222046,2.747715711593628,e77bfc33113968889b6655ddc8f30b415afb53efb251ae4e66c3e44f80930b5c,9989e98b760a0c24ab348e4b16004909ce60b675387cbb4c9623b90fa307a129,b055bb017a183b8a32e65c00c87ebe203b119a32eb9d109f1a1823bbaef015ca,ddbbdd06daae5b4b78346c175acf684ee02d135428b7f58234e10d4cc3a8dd94,709256125
7,coupled_breakdown,mlp_scm,ok,1024,0.009131665341556072,0.8262805342674255,0.13508536164037405,0.05387572896853167,0,13.963601112365723,2.9170665740966797,38c05d2569c6a41ca97ad474849ec53f50bc26adb8fc99fafa5e5d0d9dacfaf6,4418314b9ef0c9f03d08a2f635d2af43f4f12b1b488a7439454b5d6cd5c632a0,e71d96e058d63ff204069ba18b3ce05872beec73aaf6e15186fdfae27c5c301b,0136b4461ff55c23b51b42903b32b7a0faa0d1b2f516aa750743aa44ff7b548a,1955881634
8,coupled_breakdown,tree_scm,ok,1024,0.09518803656101227,0.83395916223526,-0.1089200650673604,0.025103857467277016,0,8.18188190460205,2.7213213443756104,42c594ee77da16f396666a4f741acfcda7a3696d4b543a28c6c2fb8fb6dc4ea2,b14e5f958e70df30a29ee8ece5165622ba4c77c570c5ba6eb4964be49aed1230,906486dbc2f3806815b1086a4bad98df55fb0c1be7afb2fe38afaf8b1e341523,356de9fc3c356730b8b03a9b022c69a4229d8ed8642b1b9a8aa094cf0bc13396,3117874100
9,coupled_breakdown,tree_scm,ok,1024,0.04306615889072418,0.8452641367912292,0.0042617818404379814,0.016924978589595303,0,4.826595306396484,2.6328747272491455,89d3d7a4c205745e2d972bec5d55a540f560893dd9b4f4952533d5c4825a791b,96530ea7e9ccf952bdaaca67adb496210c4994f20b1858a271578e5642834e85,436d9bf78bbdda10093e794cb6a2a4cd3e5cdb269c5d1cd27c3b884bb6d10a67,c75eb0f0ccbd3a4f5cbea74cd52e3f100173dee9827aa845862eed272296c986,3918529139
10,coupled_breakdown,tree_scm,ok,1024,0.09832245856523514,0.8186179399490356,0.0999661307249026,0.13179460070810384,0,5.040610313415527,3.05167555809021,21573b99e1d2e6afe123de5425abc5335f7b8963cef01e862ac08c8e678e57e7,5d0e5c15810c735056331ac6d541d73f2921d58eecb91f343d6a6f9f4432cf56,7e7b31bbed07f76c74a7d6fdeff6b1cb6398a66f2bcf81fb49ee593c2d1c969a,862020e642d7b16fe61a6c210ffc5ffc121060eaea30893c64c60826e93b8d4d,3546534901
11,coupled_breakdown,tree_scm,ok,1024,0.11342509835958481,0.8406218886375427,-0.11734145606912291,-0.1265608906730563,0,3.355402708053589,2.5688438415527344,91126c5abb6b5602a0db0f467698f0a8203aa9903e7bfe1f645f298e6624120b,6f4a45c9844771ea0cc50490f86bbd798edbcfe89996c27d35712a975c78202e,ab7c5fcbdb29762f5c403798f5497adbcaf605e49c09c3584cf4f569fbcc645c,6da78ffca5f2cafbb3d5f9318df77a1803f0292d954c67377da31a37f18fee2c,544566961
12,coupled_breakdown,tree_scm,ok,1024,0.015312723815441132,0.8369194269180298,0.44231932438014054,0.4044023250303984,0,1.8828210830688477,2.718395233154297,41898f705bb8529590ff22f1187160474bf744e95bbc6e38018d1da5aa083ceb,f2ccc616eab9f462de30bf2bebde4e6274cffaed8463f569edb339f4ed2e95c4,a0a9f1fd53303cb750909d3c8dc343afd39f1a0c5f516735334a361e1d68835c,8eed006136b315b1aa875f588fbe0ba00af629c8ad872bb61bbbf0cd3838a226,302330685
13,coupled_breakdown,tree_scm,ok,1024,0.22453802824020386,0.8444911241531372,0.03787746264429573,0.0444729454259352,0,3.205141067504883,2.5463156700134277,8ee8c3f78ac7a455a8a1b5e3f4beb527b6b55012c2dc06e61534c6fad253c5a1,f62bf70fb0582f613a2edce55e4a951c37e50901ad056f5ad7e8c634a4fc63f2,d3118060b8437cf5f8cd12e3cedd2e1ce55cc06ab7dc88a0affde48dcfe7643e,3cc13e863fe06cfaffda7d683e4afcf5cd629818e27450b7644526b6ce8faea7,147973762
14,coupled_breakdown,tree_scm,ok,1024,0.06941868364810944,0.8420120477676392,0.07912458858760525,0.0869518677133252,0,5.575772762298584,2.7185909748077393,f423455a68110cb511aac50ab441d7da3b3f2d16646f890b2b28fac54501910d,31a8acc04cdf8d61938c2cf90c3f81e6ef384b46d4d195cef65577a3cc25bfbc,9bd11d1e2026612a2b3910a9b849a07c187c3833ca9ee8e216cdbbcf068bd424,775eb3490db62bdc3f8290a562b112cb65ef006762d0f6f46afbaf02b61a985b,1696477497
15,coupled_breakdown,tree_scm,ok,1024,0.09382136911153793,0.8299301266670227,-0.051428419579875824,-0.02021782910735999,0,6.174155235290527,2.8338658809661865,41ad3aadb3f065dd34b45991eb69302f652841e73043652f268bba804eeb5c2a,7f3a202b20ed9120695cc9141bc4245def60810387133374b15c25a6ac5549b1,6ad7dd568d5634f8bda7ae81f78e7d08bfecd51146b7f488fdc0bb10f8542d8c,4de8f4defa81fc02bdd0f31c59adad8782998ee71139a72a54513d4914472863,2401666175
16,cr_mow_synergy,mlp_scm,ok,1024,1.257326364517212,0.7455630898475647,0.09156161314690846,0.0939592125026822,0,4.532214641571045,2.7213962078094482,d70c3f26097efe55d995edb59421a542a1143b4af4f35f50d98a091c3a2820e0,1dbc7edcc6411a48d7791adeeec7435af64ed0df52afd89e6b2899410a3956ef,4903f9c687476e3efa2a409eb8e079ad0ba5dc2a50ff3b3199c39dca0c4033ec,8cb6850e9c611504cd01ec1b6ddaf8adaa7293a9ab91afd38c3ced5c6c06b1a2,3904816315
17,cr_mow_synergy,mlp_scm,ok,1024,0.7354429364204407,0.740257203578949,-0.07333392532741684,-0.09462570855089049,0,3.861029863357544,2.7119643688201904,04f761efb4a12bd6c816726db713738f1f6157bdcd3eba79656e2ccd3cc29915,1c202796886051eafff42385b6ffc044529f2f0c2fa0a6eb9282b7c408cf4796,97c6e6c139a41a178100ae7bc365ced1ddb7220c53f289aee1a0045938cfe5fb,40451af96aa902a75195ce5571956d778baf6e352afcec0a24c1f928c0fee1fb,4229876432
18,cr_mow_synergy,mlp_scm,ok,1024,0.891625702381134,0.7467665076255798,-0.015623185931161899,-0.02060392228739003,0,3.5198559761047363,2.7733492851257324,30c18672bad769c295575f7cd1daf79f4896182e52ab409d69c4dd4c669136b2,fb21067b3d3546f812036af69a6dfdbc6f9a41c5614b09a26053ec8b3a103900,e74690f6d68397a16ff6db01620f282f06d53ebdb17bbe118ee3a93a02ae7794,996af08b88f8ff94158786be807db40b7729c941192842cb319f159f104ba78e,3106682885
19,cr_mow_synergy,mlp_scm,ok,1024,1.6783905029296875,0.7440283298492432,0.11525368215628419,0.09797242686503112,0,2.7310941219329834,2.8875601291656494,22c76469085d9de0d57d1dfbdc4c9d1888b65e051e44a984d6108b734fca7d68,bf493ec8e296b22f2c3aecda43d598ec1353eabb2f93cd572957ae8c4a82ec52,97d8c4478155988807186d17a7312d6add74495bedf050505fb3ea8e77736ec1,29ee9b76024192ef41d3eab56f9ea7d89b15ef6645f1ac04eee5eecaaadfe316,4212947285
20,cr_mow_synergy,mlp_scm,ok,1024,1.5723580121994019,0.7287440299987793,0.07754883999432437,0.0889061270653029,0,3.235886335372925,2.7081964015960693,a4d1d69651769529222c63008c9325868926d37be70c9335e1087a000a1c9a32,e2fd4651a46b59a87bcd34da92013efab2ff9c2745eb18c8f27a304c02aeab6f,d2277abedb63bfa480aeeeae2fd8bf3e178a848a29a99a9e9993cba8bc522331,7870d66351790271d3c074d91b66cca4c306b1b3281f3a873dcb9adf7faa5aa0,1953944769
21,cr_mow_synergy,mlp_scm,failure_sentinel,1024,0.0,0.7373001575469971,,,0,0.0,2.8442230224609375,aa5b97a6c6bbb0b4305cc1140f1bf3a2cad658b8c430f3735200e906a15e96e6,74910ba95cb89beeb1a9c92f35b3b060692751b4fa3fc68ad4c04446bf77ff6f,5342a8a71f6e80abda706f8e7e835b588b9b792a3172ca6367ac2413c891000f,9bf7ba7de93873a70fbc1161c5f71683634301dbe6fb69933605af07a92ea4ff,3856145595
22,cr_mow_synergy,mlp_scm,ok,1024,11.150510787963867,0.7500864863395691,0.02966761676685522,0.02690193387454402,0,3.282017469406128,2.8006045818328857,97d49e61b1d72579c7242f2314b52dd4c57f4a79fef7eb0116b5a3d4fa58f1a9,21336defa16256bc1ffea4fdab34d0cd44fcaee607d7b91d5fae778d1b5db2fc,2932a401f4fa2afeffd87e340286627db4eb654ace30d634e2be9d28591a8838,bde5a896e9274333311aba06974dc2f76db444bfce86aee5054278e5459ee37d,3542416922
23,cr_mow_synergy,mlp_scm,ok,1024,0.12933945655822754,0.733452320098877,-0.054008126381263,-0.04494128191831771,0,2.9697296619415283,2.8852458000183105,e57a9affbe75983d1e6652b393bd6e224e6295723f69893d56640940b5f3a969,cfc39a9b903d4cffd1e0f8427c453104ddc82e3b095e9a253cdcf2cf819d6416,2004fd9b41e0504daa7eab1daad23c70de7b867a8ff722d26686d5bd1e12a142,826291af5e71c23d7174252aabb27468c24d522c9a908a324ffdc68055ed301d,621261082
24,cr_mow_synergy,tree_scm,ok,1024,0.03878678008913994,0.7379311919212341,0.08964570184745808,0.02210803948215435,0,5.6676154136657715,2.8393118381500244,8ec9bd51b9032194d95cfe2b631616073817f3105c25a2efeb2002c74771e8c6,9f9e1f48d83b0579b40fffb52b3786167f477daa3e4cf0171f9e2ee46c2cfbc8,2074a62d1e40d33bc5bff559dc39d39bd12c2bbb6c9418f47bcb29fadae8a895,4f8a0fdb7f1c283df6c9f4a9330cf1c1bef15d0c1bea376b82bf20263fcd7353,2037248146
25,cr_mow_synergy,tree_scm,ok,1024,0.05813399329781532,0.7316043376922607,-0.13865778274200374,-0.15055167504112724,0,5.0623040199279785,2.844728946685791,14b03f8c64a4d588b78f3aae9c0f3e5d9ce8072e5459e41c32a9b2775fac5429,4cac502b3da5de9f81856255ad614f6479234372e6da8cd557f226b507993f3a,fceb3308e66de3cc216c4ed38019f4f609c051158e8d829e01c859004b6f4cdf,9f9fb6bf0f37e7a3a94e085756e0d7764c1c766b15c5c7d2b14820c0bb8efe63,2187595824
26,cr_mow_synergy,tree_scm,ok,1024,0.2221643030643463,0.7320862412452698,0.02922287205908901,0.03322448769758959,0,4.4018683433532715,2.661797285079956,b1ad94dfbb9f3374340c3b928427d4df0eb6c12b105498a8574a80ba53b139b3,0752a363b0f21d98d2962cd06a3080fab867818bf143913fe4b7c3c851567757,0ab6f05f7bbf79d8834bad01acd838e38056fca365c68efe98804223b67a1983,199445d2a1777779a4a494c48dc443278cfb33073f945fde3943e5e230547cea,11250770
27,cr_mow_synergy,tree_scm,ok,1024,0.08782821893692017,0.7230302691459656,0.06691254726447174,0.054016991810314,0,7.7543721199035645,2.7895290851593018,dd9da31d79cbd69edb6c6df7ae930ddaa86b30a1494a293471ffeb85340feccb,639a33362856a32a380b32ba23b8b025c104e9fe7b58d5241c6a861f13cae949,3de2c2b3f1c3360e5ce67a21410c6e66781d26d2cfdacd6e550bcc15c51dbe29,549b4b768f85589d1425088631e339b87cd2576908fd5774a0ad4cd574665e16,2148741465
28,cr_mow_synergy,tree_scm,ok,1024,0.04121410474181175,0.740574300289154,0.007525304218150637,-0.013823213200057218,0,8.999667167663574,2.790374517440796,54c0a113941af82a040d65a295bef0d0a4c1746ab086f8ff9ce7e8705e83b602,091d73dcc078ae669e9ffad1300f68297c1f1271a5c6a351829cf855f999debe,933b2ea92a1e86e9c0eb7879c3e1a948ebbd2cae37130fbe7c4d74dc6bb0f998,a0b5f4090cc68cfc0e3d0a956d62807ad56df46d71fb73f98098da177b98f6e8,3743065418
29,cr_mow_synergy,tree_scm,ok,1024,0.2058342844247818,0.7316527366638184,0.08258150862414272,0.05863365907302767,0,4.425215721130371,2.6411590576171875,6d715d7eca554e808a63f757c9fcc063d0d413a6e8d1d3b62ff4ee913ff7caf8,8c5deded1f21a88f6a66e80e6aec051b51242d969acfc518130719d009bcec90,2c2949f5cea2a7e6653b9eb2af82868105bbfc23475545cd34007ed7e8370651,5007b8be8ead760da90bcbb28baefeb6a3b567f2fe9fe7dea2f8a89ce04bde28,1350873962
30,cr_mow_synergy,tree_scm,ok,1024,0.07511512190103531,0.7382569909095764,-0.05269556654113458,-0.016705908912094985,0,9.128846168518066,2.7248010635375977,925a730179667e90efaad4d6c6d79eeecf656d3ec82bde3e2059d0e28de7eba0,69715f89b1f6d2c18fba575cb611400d4241736fe722a656235a11a24bd47ef6,a4589379f19097cd1b682770c78ef0b2bc78105216fe9395c67a7a6317bf3fbc,ffa37768d031908376f70c18626dc99aa10dfa4dd01f6f9ad926a26ab381f550,1348371050
31,cr_mow_synergy,tree_scm,ok,1024,0.2605632245540619,0.7317003607749939,-0.021322999349547855,-0.016038803823153976,0,3.284195899963379,2.75777268409729,9d05c9ac04ab74a6ded69a89c2d96b41d53bc7e0883734b8394fb29abcec8f46,ad7e6ff674cee6cc62d0f0ae93a492c97a08de8f88b166f2e9e774ae1acff7de,83330df03e79ba7d0cd698979a595a7a8d53caf96e51fcc4c2ecf9b81c1b7929,a35e19c62e7d2eaed0d0dada1dd1e2d2b0cee4d5aa499541aa3fd6f5c39ca212,542347426
32,fe_ni_cr_threshold,mlp_scm,ok,1024,0.3606732189655304,0.6412429809570312,-0.03792952432972736,-0.03133039929189615,0,3.193366050720215,3.123030424118042,1d30eff1118a2d24c3c59ca953df44b6a8117b3eee779464384bcac7b4070554,5db9df634d7af3b3b1b2a964a9af70066356948ff52f43c0cc700e8af73716eb,6c5a41ce1ca80085a7f28123a34be0364b5b8559bf0aacabfee02c27ff5535d1,4a94b75183da2b473fcc690727b275bc4374bbb1c3745b46cc203a358a09279b,3375091376
33,fe_ni_cr_threshold,mlp_scm,ok,1024,4.433149337768555,0.6387224793434143,0.024411912316329887,0.00912367121317455,0,3.2020533084869385,3.041329860687256,eb7ca2a21974073b7e4111db6f2f33a8700af708689e1efbc5eaf5bafed3e35e,badd3cf3288b9509d7e483ac19fb3284383b62b40874707603d79b18d1a104a9,374f9de97f1f1e4ded82a832679139a85d4e83c738398c705efcc757eec2e9a3,4d9d9b97bb2a31fd51a2da1c1a2a4417f5abbdd64bcf93e7a46bc3e6b136430c,2113493859
34,fe_ni_cr_threshold,mlp_scm,ok,1024,0.004748170264065266,0.6383469700813293,-0.1356532366113316,-0.07273582268310465,0,7.79477596282959,2.937946081161499,60159938242072506c9bcc9c2704358f8da2613c5785d106f7c5eff0946ef7ec,dfce29b88dca8f6f89122b6b6bb639de763af890533d24eb93a1da593f93e5ad,2e30a5781dc2d5a4e29328f0ed4903e36f0ead2498f7d75f605eb536912ca2cd,3d011cccc516fe01df7c5f17505323e3459bd4c030593df95f942185239ec847,592875656
35,fe_ni_cr_threshold,mlp_scm,ok,1024,0.01483155507594347,0.6455392241477966,0.014977184497698628,-0.0032278181102925393,0,5.9381794929504395,2.9650845527648926,923cdae2c29214719a77fe32c458148d604e8ecd4b8d06e2726a36b7c6b9e6cd,d1336f03aee23a8f2ac901f33bc8555679d65dd0e897d774814ca23d87ea1521,077627b68818b2d24cc7bcd6345c6a6d7fe8a09e35489a1f408a3f08127ddf46,0f2a1a17c9dbca5f7c9e6326f3440dacf7d988f2914728a7d7906d628a8bbd94,1663333049
36,fe_ni_cr_threshold,mlp_scm,ok,1024,4.499175071716309,0.6487234830856323,0.03497765596712563,-0.012681837216249499,0,10.702847480773926,3.0595016479492188,a504f30387c228c0bcc395dc7222adf931caff19458c71d16f9c2dd7357e2070,dc31cd40c388bc2d59b782f87c3065a15cefd9dde3e5ddcf500835aa2b7129ff,115c6ad5735d5fe6c73d7d47d0f9507eb5ab9cf56cdfded4e2e32e1cf9d8b741,a4c4fe393de8b3dde9bcee3c794d918a07c41432af8e610b381a1ba72e19a320,4108110553
37,fe_ni_cr_threshold,mlp_scm,ok,1024,37.71501922607422,0.6611737012863159,0.14365710477436144,0.13571622910030864,0,5.671199798583984,2.9648959636688232,b91358e63155226c2b295198420bf1b43d42d6a816296d8698b5db6f0be56987,f5550e51723cc032422cd7c1791eaed516c0a9cb2e2e7a2f24340d7771127634,51f19b0ea4a9b8faf802f68a50c9ca0f76f22fb1b5193974056178b886caac7b,51e73a25677549af029b83c52e7aab304d6c1167e525bf3134516aff725fc6e9,3068808603
38,fe_ni_cr_threshold,mlp_scm,ok,1024,0.04969008266925812,0.6481104493141174,-0.023819290051407736,-0.021606298279808308,0,3.143477439880371,2.9222185611724854,28dfcebd6c1dfdf097e7d1ad7e65952a6eac8592ce7b7a10ae62b3dd2c65d13f,5f181f3d24ccddb3c2cb09bb6c51f35c6c956647381c104d0b60de9ba619e4da,46105994bfe624bc9174af59cc22f25855cf009e186906787b0a50eab1585faf,9b40dd8dfede16b11995c9bdfd12bdb8a2b69b026b5c7ad7bb367ca2bc6fce8e,2037873572
39,fe_ni_cr_threshold,mlp_scm,ok,1024,0.012775708921253681,0.6225888729095459,-0.0011542582318569746,-0.0002669247565162361,0,3.1296744346618652,3.0634818077087402,5c271ce149a9cba1147357970df0e6ea3eb525df1e2155e4fd5ad705da7c3362,470874056ff91b24e14c2f68407b0c68a89a4da8ec2a7cb3ce8a62c3a4a9089d,cb0fe080c9314931f31ad18c9d9829eee51b7d199b0e26d1f630f9a9e427cb82,dc7b66f79a5e46c8a10b72618d9d3e8859932c858e5f03be7a14dd62d409557c,1121140440
40,fe_ni_cr_threshold,tree_scm,ok,1024,0.12474855035543442,0.6466360688209534,-0.05601132310570659,-0.04287109598544922,0,2.9910457134246826,2.8878376483917236,c174b80abbe7b66056ba3e49c53bfa2f1933607a0c5f6b0e8c2dc628bf24c80f,652319ec4be82aacbc6659d508e3c50cc11c4041df4f4a56c6048b2677557fe6,a6902e0529c6c6d554fac0acdc2f5ada318748dc61483819b5ebffe66f1e0444,c9c98c1f0ebbe5b5baeef88d2494dcf76c8b4f23f97f187d895875e2d3e21bc8,4198156
41,fe_ni_cr_threshold,tree_scm,ok,1024,0.029713211581110954,0.6552777290344238,-0.03233534977058692,-0.055524948230662084,0,9.102936744689941,2.9843432903289795,894018a82d226ade8b4ab4e6bd43c0b07e3c9b452e6a71bc4eb39bafc50cda63,dfe8a1ece8f8737ad0ba42d44a13115fc9bc1dc43d852e01c71bae739f62de0c,2578ab3435506c5b84733f5969f6e2cdf840f62fe0460aee6ac8c4114972fa4a,ad08da79f0305ecbab03269a2eb2c1573b582240e2800a8f065ca2f52cd35f0d,1108396299
42,fe_ni_cr_threshold,tree_scm,ok,1024,0.10013023018836975,0.6392189860343933,-0.0856621525011251,-0.07756141146913668,0,5.518252372741699,3.0320353507995605,7ca663765befd8a8b171f1873d93d1fa4cad769e4473e2b6d0c22443dc7227b2,ddef9c60b8eb347aed9c76922d117f3ce13b8db39f10f245f95c0d80f45a45d1,f9e60449c06d6bba25eebb9ea387bbb29942c40a6514f2e40a8cefc327bfc6c2,52a20c2150ecc8d6124b5f6c83da5ca1cd19aa215f833f9233e37aefb65afe88,1921063561
43,fe_ni_cr_threshold,tree_scm,ok,1024,0.14278268814086914,0.642871081829071,0.01750277970757187,0.02890497594950289,0,5.2584733963012695,3.064803123474121,15538f76e3a7f6a14d8c397fe3d055e42f605a42f5408691ac15f08f6f40b8e9,fd25841cd2a19e2f6ec0d6b3975b399747336ed34999207c7d8f78c6cc72d5a4,fd6264e217f1e9b3ce0fb3be20e2eb951d3b6426909f1ec50dbf947c8e576810,f41bcb7b4c19056f19075abd37f77379b420164978707e6149428db45a0d3c9f,2993486508
44,fe_ni_cr_threshold,tree_scm,ok,1024,0.11291487514972687,0.6379836797714233,0.07830239492522606,0.10692611349178188,0,4.712743759155273,3.1067910194396973,7fe75e0b8a47657d1a5fb416685d98859484921c17338b19d82417b74e4b253d,d3c152c26cd55b7b9b6d6c10d34125ae7ed740ae2a7d6f6d7dce241b936ae099,f6ba1146bdaf78964d25b8e8cca83c678fa8fbab8d972c1bf2a6e849d09d991a,d14edd0d243468f4d2650d6ae879157e45eaf04bfbb8c97f247afacebab5d69b,1803084054
45,fe_ni_cr_threshold,tree_scm,ok,1024,0.0928480476140976,0.6508968472480774,0.008815937019823722,0.04703661442314569,0,7.413356781005859,2.943142890930176,5d015c0459befb45203baa452913df900c96228428a4fff2c083a98c0a04c471,905665d426506d53d631a158217d426c751326081a9d0783e6a883e77aead83f,2aabb0a504116d6b7a02eea581722b6d8432d87028f97e47302be7dabaa5c47b,cd7d97789632c862d772471dc5cf5de645e9e59391cff623e38a6f914eaf5abe,3179408208
46,fe_ni_cr_threshold,tree_scm,ok,1024,0.13273096084594727,0.6346422433853149,0.05869721599992161,0.06603717246864703,0,7.953442096710205,2.878031015396118,7223ba68c0635e7dae8135c3bfad5cb21a56356cd285ed5e76dd7aaf2a1a7e6c,43b7c52f631eca4587fb8e6db9e78b63db817453618d5415dcb529ca0c457e8d,b77cb7ff27d9d8841e7cbd4f155aa04a4b2ca905dff9ac1f71cc93e2f6afe0bb,1d6a90cf43f3727be109b29dde9b3069c97d87354d4fc9876803e79560373050,3019380458
47,fe_ni_cr_threshold,tree_scm,ok,1024,0.1328599900007248,0.6134542226791382,0.031779289883928113,0.07536272441170158,0,6.109959125518799,3.192958354949951,26cce45b36ada2767172c4fb0a3979507edcf1c88ae2a680f795cdae10458306,c1ae1c19b40d5da8976582cb58a291d56db727a3ce53d2b36dcd3cba00d50f3a,056a892dabffa665ec658d16f7ca8bc7e32961f77af61953bc382d43d90ab167,e7d9eb151c50484e637315f85587dcd7513fe8e8243f0449db30ce5e0855c264,2739706350
48,improved_environment,mlp_scm,ok,1024,0.24903279542922974,0.6503762602806091,0.004850383384480136,0.017307350202136352,0,3.863840341567993,3.3700873851776123,f429c0beab3959a7bb4ed935d99313ed080a321e35316c1c64d9f8326e2f0746,137e9d6e304689a5204e8c0568642e0647d13ec036d23513798c4f6018681777,ce9500d9361f12c9b4e20bffc4a649194cf159f5f993dc44082afa646cb53413,01ce4f92274720c3b1801c63934e80f2c841fc9aac8e86d55ea47a0e1df1c908,582432533
49,improved_environment,mlp_scm,ok,1024,0.15960320830345154,0.6624488830566406,-0.038405461601496806,-0.03664786138330591,0,3.254039764404297,3.4863390922546387,88fc4d5801111005c8eeb71b2bdafc2ca99d5e0f3649a9be03645d984c7fb899,55fec2d231e70f1e8fb218451feac01fa5155b6504332c13632941f0e3ce8eb2,cfd4fe8ba2cb8e6989600a8ec2e70b2e285771ad6564b9425f7e22490ecd618d,d525a37a643ec5768def097d0d54d96dfe04f5779d73603c0a0e8431cab18cc5,3097518867
50,improved_environment,mlp_scm,ok,1024,3.9402458667755127,0.6450335383415222,0.13505999450253553,0.1403713805241583,0,4.1484880447387695,3.5120627880096436,988dd9a6dc0ea78a692a545a1dd7c7a49c1fbd648e93cd939605430e1b4f8070,00db757ff8712bf73ffd52d53e3a50b8bfab7ff7cf7760fa2ecd3ff373077667,9cb170a7b14c88be456255de7ce2f13fd16cdcd6ef4b89cd890654b3a4cc4821,9e36db1e0b7e2cd68415fc99978270be77f8122091e3d9c1ba01e482bb7b10f8,4208422247
51,improved_environment,mlp_scm,ok,1024,0.16805337369441986,0.6427162885665894,-0.04064244043985892,-0.04623135317079695,0,3.1817069053649902,3.228745222091675,70fe7d5d9cbb6b4418bd7369ddc146dd454b4588413882dd12ed5e69f8d2a3f4,80a8ec6c56155aed855451e5607b95d83a841e262f6f4cdd6ee224ed413413f0,aa579ee78da8f8e6461b1859c6ed787c685f0d0706bfd9eafb97e057623b5f97,78971ff288b0569d44f54cfef979cfef2c026a650097b990a1f0a563d0e4ca6c,3852943930
52,improved_environment,mlp_scm,ok,1024,0.021198393777012825,0.6488965749740601,0.07187010107836878,0.020760351101494882,0,10.338139533996582,3.2715206146240234,9a84856c7f228c964ad06e596c48e29074993415e3e2ecd3aa0691d84fbe4bd2,8b894db2bebefa3b25cdacd9f81e261fbb0212f86a7e35f129e328e33c867f6f,8d31ff4d9551acbb722c578fe23f7d776dbf2ff629d6b2e1915a63ab857ad812,77eb95a54920f0b19a0ec9d7242036660ede75f90773e867e3fb4c220654f6bc,137088929
53,improved_environment,mlp_scm,ok,1024,0.06950671225786209,0.6491348743438721,0.0008355201714329396,0.006901548364478592,0,9.084986686706543,3.1930370330810547,c10b1adc1125c187a3622dac2d0c203bb4b123aee7d7e0d3315fa9dc6429caa0,fdb02604742b89c4158bbe0f90f6ae3b8b3d8837cff12321440af26f4272a82c,07c9efd60d891ce931dfb777dfed6dec3b603232e13d43bd0ca8c199befafb03,a4b41842ed96aafef9b6c69c654a593d99c3d19241f24e0389fdcb62dafc5719,4261804117
54,improved_environment,mlp_scm,ok,1024,0.014585516415536404,0.6479907035827637,-0.0051812457683136255,-0.002180448018739718,0,3.0794057846069336,3.428760290145874,893eb618d6d4a5a19d29dca96490541884c4e49faf95108a48c0562f9a270507,11f184b07e302488a4be1b371729917e7f22914c700a3d92e49df2626bd9d465,febc4943f7ff983ce29a051b8dec272b423303b2fca23ba314bba5bbbd9b60c9,a62d8b724aa15c9a1bf6b8384b907e474c183575259cf7f887fc40b38c53a32a,3326283583
55,improved_environment,mlp_scm,ok,1024,0.12264025211334229,0.6710336208343506,-0.10566461725308629,-0.12178300014305127,0,3.075631856918335,3.3455958366394043,e83d31f7ad19fa60d19e54e200cb141be1d38523336744bb9a61ca29e72e2b0f,551cade32b4257f8e61a84ea4828966e97de7fbb4d955cce04e255ccd4599f04,6b1ff281503aa9e27ce7ea9179b8f6cde322fb1d6751aa6e23e0d54812e4b1ca,7baef2adba3f6ccc185469b0c9a0ec9b4f0ce13a2b51ca7fd4c3bf72226a1a7e,1761293025
56,improved_environment,tree_scm,ok,1024,0.2303778976202011,0.6412876844406128,0.015507321754221606,-0.01110076848463084,0,3.4113433361053467,3.4461886882781982,8ce6edd3ae8de6a6945582ba14107ac650830167216608380c2f8e94bd17c041,2de23b129035310519b7e7223b8c33fd4126fdd371af11cecd588daf1f4dfbe6,0e49993955038638387048a88727ad51ec936645d8f362769ad494aa9545360f,77149b722874009b42acaa5ab96d9f230d6b84a5649a8776ed4172aa7304fcd9,410607698
57,improved_environment,tree_scm,ok,1024,0.07170664519071579,0.660734236240387,0.1996225982093657,0.1484944522923968,0,5.72911262512207,3.314026117324829,3ecd6f8b85e7d0c8573832c6140eed9364947f05af01f8f0f9e3bc8ffedc0f52,a2791244bf4857f9ab34c9f9d61ed87db4afa309523d7ba85aec52c595482804,143af8989ab3eb114dd9ed177b33b8a55ae00688f78fb634629459494f8fb281,d5eb392f12ba2cdd4b9680ed689e5c899d304dc0f37f4b17da6694dbaa9ad23a,2317602060
58,improved_environment,tree_scm,ok,1024,0.05874316021800041,0.6592408418655396,-0.04319527679340245,0.3849265632823116,0,7.483296871185303,3.323066234588623,946a505de8be38d98f3c58194170212ad6c33dd1fa3646f82f32d5b4342c68ad,5dedbca3a00c3dc77d72a76d5a898f9868fd28b9550ec6c06b67b55e54632d09,20a4218dee5c45b5a1cf0e5c44893aeb374528a5750f8f3b634a82a1c70f1044,dd5e4caa181f2c715114ba2b9c76e2dd6eb07bc4d5066d5fc355e5a9bace29b3,2418595046
59,improved_environment,tree_scm,ok,1024,0.050398871302604675,0.650983989238739,-0.015130128293276755,0.004756337855718077,0,4.643246173858643,3.471498966217041,94863768bbab45e45e87f90d831e6092182066d9ed263b0d4c6e569bdb88987c,cc084f81a717cad87a9f0b9a87cbd4cb59adc6d9a9de4ccfd4722f078eb95068,afd4947ab32e8f8641126f92e4701786bbcd4db778fe9b3f80be2802dee84ea9,fdc8b445f67df032b5aeb775274f31cd95aa244d9b4bc0c952eb9338328cd8ff,2096234125
60,improved_environment,tree_scm,ok,1024,0.21011370420455933,0.6526584625244141,0.03124134024413063,0.0384566442851012,0,3.5465035438537598,3.345090866088867,acb54f7330d455e67264fc5fb55cdb0b9bb0cb6981a210e5e67fe175c734e1b0,1105930dbe647d961b8c93774455e5932da2c7afd80cd4c8e7a69e6e109c0403,3d43670a95d3c41a779353ea2012f71d0662277b0aed88a22b91add04e0e2fab,525384d44d44514434367794015ca8e39316cc17d806c9205b6b0838eaaa1a62,3931755640
61,improved_environment,tree_scm,ok,1024,0.10349654406309128,0.6585979461669922,0.003457681363491891,-0.0758564636828553,0,5.8402204513549805,3.368479013442993,695e877f1a6c2356e6fb66f5bd408732888d1cd087f2e53e8181c0866cb86f8c,0ceda5bf49359a7374000f763c8304d3d8c02e96df885c4b46ce516610064de0,66edcdd735d3d12a83d9183a9af19c09f39ebe8c0c09db80ad5d216fc7f7b2fc,c7bc3e2df22463ad2df5456ef1f493f30e4034d02cd552dd87f50769d59c55a0,292613164
62,improved_environment,tree_scm,ok,1024,0.03911085054278374,0.6611527800559998,0.07002566829986179,0.02140635058293398,0,5.320057392120361,3.388632297515869,3764a0e6f8b92acfe8c4d6bfb73d4afb9241a8e6a0e4616c0866c2faee7b856d,b166090fc91a6179236b5fd3c2dac8e8cfcf8ebb3d7f2745b22ef309b3473b1b,c39117b0914594fa5507d2a0cec83daf263e8f2414629ba789e362e93fe6e75c,5fdc9779ad88640b360d95afe8cfed069eda961b2b80cbb3837ca124e0d82dca,2562524566
63,improved_environment,tree_scm,ok,1024,0.03946050629019737,0.6567119359970093,-0.09595767364050403,-0.06517454510019889,0,16.054731369018555,3.3232884407043457,b072230bd8ae306633fc848145e36d674b70610bf292fc6052eaaa0ad41b87dc,232fbdf052a89bf0ea3f6ee0a65bdee8f9f5dabbab9b17863b1f4282f02144c3,71e715b9550af53621da1fd93f3d6811e90e9908a03bd052b8e1b1926cdcbe35,25e724556abb4c844732291b07039ab058fa4d49777da679dd5cbabe785d14f4,442351569
64,method_aware,mlp_scm,ok,1024,3.117115020751953,0.694892168045044,-0.13417008135825037,-0.10952528207925039,0,3.8672099113464355,2.61588716506958,e3895278b0000407f2b5c9c6617c4b9bfe494af9316345a75018f7b789af2e5f,d5f9a7a3dab3bdf9fd3baff3f82e5453cfbd4f73bb384867b52ea8915d62dff3,de04888a20c4dff52918c0c86bd94753eb77487e2b15c77f48fafaf72dbde123,b2588f0f5e071685dd2851019650a0906b0fb25d9d922672b28394b8fb116d16,2239155922
65,method_aware,mlp_scm,ok,1024,0.004008711315691471,0.6923704147338867,0.21606108039860278,0.12949469369143837,0,4.610749244689941,2.690430164337158,952f66eab905442fa944d2ed19daee8c12bb2b5f7b8414f09a304f805740d20d,aa1bbbf18293618e3697c4a3bf89920df9329994b0e4d724c84deb611fc8abd0,1b7c62369848eb21e9fed6cb86da6a404631e74d0da061cc8f9d9c8fa0d4e957,f57f6ec31f88915acadca30d825673c40eb9918ad6e29c8e27d279905feee178,1677411084
66,method_aware,mlp_scm,ok,1024,0.0419858917593956,0.6799728870391846,-0.12341092409356227,-0.10254237364141058,0,2.7440829277038574,2.597463369369507,5095f1d650f866dd7aefe9280c33784a3568aeb1846a696d4e52958ff656878d,ac8bffc6b8ee6ffcb65121863d6be1a00ef00ba25a90c0e577b7d29667037f0b,23326bbd28c70d9a2cab7842516b02710aea3a54a97b060320af06deff3bab85,4cdb4ece767fe0df7ea96c51208021cf3236453f58d72c63d7c96daf250c9af8,1399578877
67,method_aware,mlp_scm,ok,1024,0.04333081468939781,0.6851082444190979,0.013353379439087872,0.0225526831686549,0,3.0713725090026855,2.759707450866699,6b766c6ef421266c908ca7027fb46a9c7a81d458c461daca74d8c3c1e9326646,00d63b97c1e06cc6e551ebf43834b1aef291123a7a01c711912ba6b9a04367bb,f7b1b940a89f46eae1df462c3d44574d7bf108d11debca4275f8ccb147a4cbe3,35fe691e473104f5e61eeeb880132ec0878e798be59875d3a94026b1ec3cc9aa,3152808370
68,method_aware,mlp_scm,ok,1024,0.13491103053092957,0.669809103012085,-0.02834510067681543,-0.0346612813818754,0,4.101007461547852,2.933915853500366,db9c7f1f2da42d407830d12db7acc43822bf898e2768813c90efae77f5412e5f,562e28b70b90a573b9c492806b65ef9a92aeed53f50b962bb6e3a69d66c950b1,d4fe1201fb668385865c98fb918613cc5e79061977559762b74bc01ef5710477,100fa691882d054e36c538a2c437c804ac7780e88ccd12de7256e14299416653,1763347297
69,method_aware,mlp_scm,ok,1024,0.30500659346580505,0.6698071956634521,-0.021723804437501017,-0.029132997460839704,0,3.408231258392334,2.701324939727783,1960f25236b622f77641cc587d4618910ab436769098d23a63ffa0061424d73d,cad4a1ae217d6fecd23b29c31c8fe018f1571bf1a990496e91910ae2891de3b0,9f71ab0305c9c1d55cdeb21f7dc3258395db7a914472fb0877eaadb3cc348f25,5197e5e486cd6e4198a1d7878605b6f5a0f99ff036f1a8748505fa2339f46964,3921611978
70,method_aware,mlp_scm,ok,1024,0.0708823949098587,0.6948387622833252,-0.028884154731448737,-0.09528485086903654,0,7.047168254852295,2.7340810298919678,41236e00037bb0a1b0616fac6731bbe9083a2e5d04d1d4d86f3248f9e64c61a8,1ca48abb0c954b4496f99c0eb0c985adbfcdd0c00171a1bf6a0c4e5b5426dc25,cd3aa6ef1e068804ca0ff43ec6aaf342bc25bd09ee8b6fe503de802b7536b8c1,c8f9a3f0d4206246a07abaed95a769b9075851e647bae2fb3a122b2fb968f1cc,3837071935
71,method_aware,mlp_scm,ok,1024,0.47447317838668823,0.6802119016647339,0.45865934019516463,0.578784868750447,0,5.791674613952637,2.8336966037750244,c11eb32b67dcdbaafaf82072ef182514689fe292eb6048139ed9720eabe28785,be699d68d8ccabd1bfb4b1ea1437cc94b0ca46377abe31ba04b25d99550f1ad7,f6533faaca32a840c750159da3fe7f16d62c4764176ba05a60935a34a8c968ab,b8b2f7b23c12d1896ffc8c08d126117dfdd712a3ed5d5bbb29984f611d990926,1107804259
72,method_aware,tree_scm,ok,1024,0.05682831630110741,0.6765568256378174,-0.015588883168041159,-0.04132797994447811,0,2.2267162799835205,2.783820867538452,9c4c23ad6882ccab9489cebb21edbc7e10e63b4e82e3329be84138ee6a1ccb48,a82dbd37eaebad516c5b91e2fc487ca2ba56212674f43b85e4353465122f94d6,1902c78c7b3e1c2f2190d8b6a65884e1027e487368fbf2866f8dd020970c6603,0e90ae1238246654b091ed95a02670e83476612bca00437f7689f2dbe85a671d,4288083534
73,method_aware,tree_scm,ok,1024,0.05568781867623329,0.6648020148277283,-0.055276044204816056,-0.12128514289841219,0,8.85563850402832,2.8969578742980957,22e3f91dcf1ff7242d5616cc498ba792f888446a37a1b1a6e6fbf62f3bfe5488,1ef03d2e144a57d92e757a67c0891c1f4d121ab2edd223ecb860958d2e86c351,360150e9d83f22ba4083dab749cbe1c6321550a771d74895f448ac49577f16c4,be89d2b811f870170717f9359ec9086bb4e19414ed330de86e56b787c4351201,59171834
74,method_aware,tree_scm,ok,1024,0.14841827750205994,0.6621740460395813,-0.011080859143642903,-0.04827145447468734,0,4.586228847503662,2.664390802383423,8f962c12fe9bd4315ca7ef2eeca2cf309e56c5270f32015b95418d79e1e2a48e,1ebeee92cd8b820e51dbd4427e2453780f29a1ae6bfeaef92eabd76db32dd1ed,d524f68f7f7fe150c73f1314813c5534b7e282d9489c0339e758ce06fef48520,06a014355d0567c01edf49d2e9c2541e9a44f5eea3f164957a1863b6efca66fd,4088155696
75,method_aware,tree_scm,ok,1024,0.04637109860777855,0.6814754009246826,-0.006957301745195711,-0.04192835389282974,0,7.391138076782227,2.643822431564331,278739e1cbf9d0e19eb74524148137ed8cfd6c592ec1b7191f5a61eef6674555,d16df9794ae02e46a328b20abc23c20c46bd67013631bbf6d8339eca5a9e4ec7,31b88eb9cd7b620c3006783cd0a00b39babec06c16f2df2296a2867f8b8a617f,98d9f1071d33bb0c75b50d9d246298bb6a83e758ca57830e89da5819cfb0fd1d,3168181709
76,method_aware,tree_scm,ok,1024,0.029348108917474747,0.6664236187934875,0.1365583414072986,0.25047799874181365,0,13.150518417358398,2.3463079929351807,9027ddbaba8ae75d9b8b18f97d208dc2f0386111642f7a74b49d9975d857c573,e6c675ec485b4fa129fdf02cd28c2fccc7592bfb589fbd44830cebe2004dee30,7a54640016c8a7b84b2792cc31c0f7271cb3070ac0e4030f1dd5a7dbff72199e,a348ee3fe1ed3435c280209442b78a8c32b45654f8745a3a551d7555dc8899dd,2549378325
77,method_aware,tree_scm,ok,1024,0.08788517862558365,0.6767196655273438,0.01908168885988806,0.07737545060421132,0,6.40390682220459,2.725295305252075,8b88b8b813a8cb7828daedf2930455c787f108ce7a4e32d80712a30e21b48151,94f64d3e9752788fcbe21292b61ad1825948280a81c9b4e54811e7b728c5a02d,7a554574cc9d389bf21bce00326df6a0dbd59725074403d20612dd79a7eb39fc,a933e46517f06d8fc8fefa24db68464bb334c77bee1f11460e6356f846c5b49e,366682533
78,method_aware,tree_scm,ok,1024,0.025642160326242447,0.6817999482154846,0.0952692591431331,-0.017117159001502038,0,3.1995737552642822,2.569436550140381,c01e80b5cccfd6b4e7963e17a69f0c731aa4cbc39b94a6977ed6a9a2f8493436,1bce0eab965b76fd9796fd31320607c73c064344bca5c8afc711c6404485cb2c,42bd2fd0d7e1cf43c5910b18de514cae3afbf400e08e4f9487478a5c74781fd3,4316b99b81b0f75f93a6ab76ab7010db08e5c2389e0ea99659e270b883740382,3870477136
79,method_aware,tree_scm,ok,1024,0.04796656221151352,0.7022797465324402,-0.14828306979028913,-0.20173694433516914,0,5.7406511306762695,2.582253932952881,78a4895013d581980a25b7f8871a4b972735534d48413ab2153fd091eadb490b,70312041554a68e67f6e6f6d4936b9d11f5dc24ae6e7d2697f4bcd0a546854a8,5601b5141b45fa5d352b7b551e069801de3b2ebd1bd839f4406fa449760c2b5f,67c2c2cd6a9e37e61b81d1d56fa05f76b60274d0478c51cb9512bd13e01fc00d,4054168833
80,pren_linear,mlp_scm,ok,1024,5.030628204345703,0.7189712524414062,0.001425483762384772,0.004787770009298332,0,3.3000645637512207,3.724017381668091,071a1042e800d58e976a63c02a9ec37b0f63bd97e021ae801c6a80360c521cfa,cfc3ac6634d505861ed4df57cc72aa74e60ae807bd77065f0d45768e2c6a3428,386066b4c1143c5b4a7b939295b1db77d5654b5576f261014d922d93083a58b1,5bea98e463d9379ea3b4975f1aab04c95a272ce0f12002ce1528b6022deb74c1,2740451381
81,pren_linear,mlp_scm,ok,1024,1.35450279712677,0.7212347984313965,-0.08423478561585178,-0.09401975225305771,0,3.2199418544769287,3.7604012489318848,953552ba6cfb52b78932ab2a09f7d44a41192e7727bbfb31481b01a633ae104a,0d35627ba2879a3d314c769e45223c77a0b5eaf20f6ab0f5c01f10e441f54963,888699ad212d5120b83589e0e84e460d0605646437d4b1a8cf9935b358dc198b,f36607d906c32518219a3924a52913491f2d23564682f0f6d5e4481de628cd4b,1453316639
82,pren_linear,mlp_scm,ok,1024,0.1213780865073204,0.7248995304107666,-0.142886272899222,-0.17657322884629137,0,4.336203575134277,3.931654214859009,aa5307db91b796e64567bcdb13c1fb8c20d7556d680e81a0be56c819115dc07c,5e896c1f3648a9ac1d0c0822a8f0e943fcae4f2ca247efcbf9f97ed5863e10cf,a085360fdcaf64927417ab0088d09197a3ab341f2a261e0d6ff520185f07ffcd,d7fe88c7f509f2801bbbd47978bb4e556fc452f5afcf38602f7da18ef435afdb,2098100701
83,pren_linear,mlp_scm,ok,1024,23.717269897460938,0.7061498165130615,-0.0007909855411732174,-0.0007986285270545731,0,3.07352352142334,3.7915148735046387,56888e545eff3cb6d4eeb4a1114ed08f0cfbaab33e2059d3dad3666f1e67a16d,86e9459bc1b365c7a5d1b893aa672f2cb42ef8e1eab95749f902bb99f60be9da,9377801f78fd8e5e1ae89ffa19580c1d8641e01f5976aefaa4bac01cf63c733e,d6742db35c2b41fc0a512ec8bab1fadd8b5c572ce96af8d6683c01589e872424,3115398517
84,pren_linear,mlp_scm,ok,1024,0.2862929701805115,0.7417036294937134,-0.10856963450117645,-0.09164003826621843,0,6.699176788330078,3.4638218879699707,2f79131ef33e5cf9958bd3462196fa228672e37b4aaecbaf686c9bb27684188c,d7a5dec60ba2acf50dc1dbbfadb598f36ae064d8c7f1f998c64198f4ca2ba9a8,1b64009dcf46cda36da2f8a8a35b1630a661506e50c237d74ae9765acae63f34,4a0334868444d84e28c915c3206cd2eb5d3ccf89e72ac3c00428c570e23120dd,947298945
85,pren_linear,mlp_scm,ok,1024,3.127048969268799,0.7319275140762329,0.025698198649950963,0.034856434625563266,0,4.101541996002197,3.6477835178375244,07f2375cb06af4f97a7cbb11946c49fb3880c9e51ad4c3e02a8625ede5a36cf7,5d185a7c76a528cf19fad156a92ef78987dcb2e991bf54c6b78598c293bbf9f3,569aabc6aa7797eeba8a1f379f5f78a0803d18585b60e206592d17a55549e53e,1f39dedc040b14f4d95ddb8d3162df82aa629c53765566b39091213afbd64155,1432171898
86,pren_linear,mlp_scm,ok,1024,0.01008812990039587,0.7184956073760986,0.06244032932190047,0.035895802785923754,0,9.666711807250977,3.8691277503967285,ffbe1f2ed433b999cab5c881335c4cebb939a96276613724682a02d3aaa00053,17b2398460a1aaaa2c32abeea9ea3b580ee046f43682aa69c085c1a56715d11e,0e6603c0945e98ffa33f6dcda6517e5c595f92b765a068894195c421b2ce404b,9bac2d3d70787216bbe9dd67f3ec20a70de40a4702fb1c30444e0cf484923a9f,3274639587
87,pren_linear,mlp_scm,ok,1024,0.07629699259996414,0.7396255135536194,0.006382728894347875,-0.0016853788176811385,0,3.9184329509735107,3.655733585357666,31eb6f9e25ac8279cd6340cb8b25d244a78f5f8be250b06a0f8ae478863e03c4,89682b3e22a3f9e3d1a4ea5d05d48308c8a253cd27ba0735eb802e432e254947,c838d6e5f6c4a52752fe225ca90026ccfedaeecabde5c77509a9f5d9fd1aa77f,357c8e3f57e8f1810e4994cc61c44ca20965bf9dfdc0d63ab58878da233c4add,4221635886
88,pren_linear,tree_scm,ok,1024,0.09494563192129135,0.7255205512046814,0.09639556812030768,0.12800825674129174,0,4.394132614135742,3.727605104446411,d22be5a1b2ef65dd7f381123a6972f23ebea30f0eed0b0db423cabc051f38179,e2f10866c736c67c7f7bd02a5aa81bce19dc340d56f1b37609b4f3546153d1d1,d1be93084fb6b032b335ae4a7032342f83db7d1ba9b9956755260bb19a6ec4cb,e89d3a78253bc7a28cbca90056cba2de0d6ed5daeef7feaba29854efe8a1aafc,3883186777
89,pren_linear,tree_scm,ok,1024,0.13176240026950836,0.7227771878242493,0.043196410420335084,-0.05377273748126011,0,6.351349353790283,3.7109036445617676,2552b5377ba8300e46682853d1f4fc19ced7a27ad0f9ab6589a8db242c98143a,9ae1eab2c37d4175b2ec7d4074298b3ab646650544ccadae00f93bf7ffed06e1,5135ab03ef85efc2f786c2fabb0cb8d41db0a20971cec6b3988fff25fec0f572,ae9083b516de0328a20a4642ad2c7fd3f7220ac496ab8ce0988ea2991a5699bb,1232179551
90,pren_linear,tree_scm,ok,1024,0.029050489887595177,0.7135878801345825,0.02121603137759384,0.04556801417995851,0,11.153691291809082,3.630420207977295,8c34003567dc1bfa3c19a07bafecd3ba26923813c6acc5618e95065eb9f952c5,0fd949ac8f34e59043b46c26de4898bd1bd755e184c6a30171bdc6a231eda853,0fcc05d93d16b85dff1d49ee9ae77e044aa4f0435b6348813df4f34dec4afe0c,590debc5a94e1e2bcccb4db8ef06bac9ed33d69153a01505d7b166fd724d28d5,2651405020
91,pren_linear,tree_scm,ok,1024,0.055467505007982254,0.7313542366027832,-0.008226708720745645,0.06757870652346659,0,6.889825344085693,3.6682817935943604,5ba50b812cf5921ae671e921da75e41ea59da244eb693db6da4ed24494e2a7ab,e62563b56d60ae7083c7385fd39632502b44d32accea620c33707774b83fdfbd,2c5371aefebf60821013b80c02888d3a537dda2b372e17d2873bdb4851935a80,6dc33fbdbaf63b066d92175162674b27cd082400357349531650ea6f81bb5103,2180733470
92,pren_linear,tree_scm,ok,1024,0.13328872621059418,0.7269812822341919,0.11581767366483207,0.12718943937081306,0,6.7076802253723145,3.276252031326294,a5abdc1973c7f95486696d3d73aa56750286da2752e2853fa98ab66b346da520,3407c7803f54f874d5c0fb0f608907a60ad552b5b8db4d090a0949c1ab8b4ec7,5efc416aa7cb983e7e60d7d0339471268bedff27cf8f89df292883f3d8b181fe,47e742226ff3042c39f9c72646c257badf579fc5329f5d31b1254096574c626c,2389933966
93,pren_linear,tree_scm,ok,1024,0.1267627775669098,0.7197821736335754,-0.08034541884139304,-0.11161968698590943,0,7.832869529724121,3.810443878173828,b38205bfb396fab41253e721744416d864a3d9502150bd7820b0d291db68eba7,0733a8d1ab033a1b1daf10c34ace6f8cf585ddc3af3e736a7dd0be30279f1e34,f6d629bf00cd420508f9601d3b1c17c5a03cca7851b9389b5d2f7acc9f845f37,31651837f7313df5df9d306f11668a373fa2b4e27cadbf011284caa7f8e24e9c,2705781196
94,pren_linear,tree_scm,ok,1024,0.6082542538642883,0.7269688248634338,-0.01492560038708779,-0.015411965345826477,0,3.3033745288848877,3.512192726135254,74cc7f7287c6570a5a2fcf96d307249abe777fd1443169cbe9ec2015f210d2cf,d50eb9318371048ac369f374a830e0f686a5efb3bdbe69a8ebe6176e5af40248,c2c1c2eb8debe7ac0daefea04ac523b96ffc9bcdcc9021150008c4b5dde1033f,143f2116bc040ba7f2b3bc620805587b6769fbe04e9a326c13adc7cc46a7bbd5,106934553
95,pren_linear,tree_scm,ok,1024,0.1258753389120102,0.7204981446266174,-0.016915553706408362,-0.03271366050354052,0,4.701072692871094,3.618204355239868,f040fc6e97654cbe689002a7ef238df93f7a3a0de606aff9be59c58ce5278ced,39e8e2074e4a5d7bdc02027623905e43f3f7aa6f42b431cbe8e4b6f15b9ab37d,dcdbf25d1cb92975ba1063c0c071aafdeae9c06a3d0ab8a4999fe8fe20507154,91deccc5587354a17f08e174bb31e35d5b0d6d76852e9f2ab3e49da2f0886bb4,517200760
96,threshold_saturation,mlp_scm,ok,1024,0.021710194647312164,0.7314056158065796,0.027954866719507213,0.03746023083481729,0,2.905550718307495,2.553295135498047,d5ee2c15e06efb6c6ceaf5bcbd7d075bd019be9bf614bf69ad88313fce11e621,33ed8a3131796736cf68ea3049600ce6437ca72928262a15520986845ece5932,2b65c17c5dfb4d7772ad2231a0a44f1c1e9ff2fc38416ea61cfc9e0077cc2164,c4abf83945ea18a9d616998a9d26ca4a5461be37de2a8a9912ebf1ab080511c7,2323252985
97,threshold_saturation,mlp_scm,ok,1024,25.88265609741211,0.7203713655471802,-0.02302145987093454,-0.011831402886059649,0,5.255651473999023,2.6023058891296387,1e2ee456b36847e8dba6236e6064866d1fa968f73b0cd82ed9405197cf692ee3,5dc4b10b829320e14128af69a2c3d97ddafa75fe9370950bec31b936f2b515da,90a5a691463f38811c1e7d5504808a2b7d20bf2cdcf150a8fee7ff57b62fb10e,70802749075ff7e3d4058b31fe87b3ba4a7112643cb0af99de89c90c6a22b001,802891571
98,threshold_saturation,mlp_scm,ok,1024,4.933335781097412,0.7202197909355164,0.006711000983909908,0.0012262065481725198,0,3.4403181076049805,2.596407651901245,f48a9ed0bdacf34be39f109f7ab77290c78f405b1f8ec7131724c38af6ba4ab3,91f283353c652edf6a6f61458d343ee2f475b4755623a5875df81d5df8d5f899,11f9954b6045b6360ab96264e8220ed8a1bdc9104f46e25f851c2c19ea2c1545,2dbb804f4cf3f2d1228b8a7926799f5ac0cb6192a5e27a742369341b09d785ba,2878354454
99,threshold_saturation,mlp_scm,ok,1024,0.06567951291799545,0.7264009714126587,-0.07998015666565184,-0.0973453146234175,0,7.886996269226074,2.630567789077759,50574eb2e5619ea8508bf7102f3cf957d8b75e9daaf4e853bcb0d383a5df9714,4b1874afb79be8bfb792931f77b2ae2ccb71bee51b7f27353b6fbbe44ba1d7a5,dbca02dc1cfab467c3d323299dc406689e2c40db6d7cc45d80e1c5f4e68e5a9d,a35d5b95bc985fc651c677efc7ba01404bcb1628ac17c53b8a238d08c13ccc0e,1366308550
100,threshold_saturation,mlp_scm,ok,1024,0.05566994845867157,0.7264730334281921,0.01031964480175681,0.01140742346756312,0,3.558562994003296,2.4504897594451904,12042863221152726407678479e1009b9ffad4bd1b1b74aa272c10dcc2d9449d,77393f3a6fd9bfa6c787d6b057efddb4ccf3a9c2904de71bab126e7ced745a95,3e680b642c0edf50c80d03c071a3b105436fc88c97b03f4f9f32821fee1a497e,8fd1e2ede9fa3af4bddb12246c28c27d2afb428b0756383313fc5ccc4b2ec7c8,933496318
101,threshold_saturation,mlp_scm,ok,1024,0.4212037920951843,0.7188321948051453,-0.014670910784555858,-0.010562973857377868,0,3.079899549484253,2.6283562183380127,f6d7573a2f95d86e54242c71f9bd00afaca72e6cc6cf9d3a828302c9af4e4d5e,6e77d6bcbbaeff69faaaa1c15cf53833abb0c5b69ab260ca46437030fdb1d5b5,3dd0c2da79625880c30c60f8bed6bbee3addb893fe01a10ac22995bd525010d0,3bdd95d12acc4a6e574154e22c25a31f755f06d3c6cd7580b4cd474a24fe4aa4,996826812
102,threshold_saturation,mlp_scm,ok,1024,0.967844545841217,0.7289148569107056,-0.04790448557747967,-0.08389277188684643,0,4.794642448425293,2.6327297687530518,61c744e84798cac785bdcc5e12246c6cb7a85ce9e2fd7c284d2f234d484076d7,148670bed154a88b383b6a42067a7cfff1e2e7f5014686abe154d50bf424210a,847e3353454f37e3e61b27dfba98675048ace061d7c6bc3ce0d4b361406b694c,6e7b3202126a7a9ec85e9f9e4596ddfa654dd7b32c2fe683888887f7b688dee7,1778940288
103,threshold_saturation,mlp_scm,ok,1024,0.015180941671133041,0.7275598049163818,-0.029866187814914756,-0.03734444290465632,0,2.979842185974121,2.5994205474853516,af8b251bc4b9d1d430647293d3343101e3bb701d898e543f507dc42aba7a32bf,9dcb28df3c103a79010aa3ba54ed6939242d8618ce4a5969e803f52f5499693e,4a2cafe2be7eff0c415349f980b5bba68376403aee44e83c4eb33c8b225f5fea,7cfca75061f6cc6bdcc454d710e9759fb62ee620b68381e3bc02efad55a2574b,4089133654
104,threshold_saturation,tree_scm,ok,1024,0.04482411593198776,0.7351326942443848,0.1926830973279407,0.09362704295114797,0,6.281445503234863,2.490190267562866,91ffe30eb77ce2f569fcc4c1a786cd25e3ef2342cfe74842b73eb6931d495a0b,37d830586be52ee9ac2477d8b703321df1b7802f7706f27f27d9b3558c11a763,7c5dc844455cca8d3cff16274710accade59c00d6c7fd8518ebe6f91bc3f7138,be9d558eb1ca3578e5b28a1108e2965842e99dfce8d08b9a971eda9aa663c899,379654513
105,threshold_saturation,tree_scm,ok,1024,0.08687841892242432,0.733961284160614,0.012608259978281414,0.044586212985480295,0,6.772265434265137,2.573131799697876,7a473ee4ff3cbbf958e6c590f905b3a2622f960eb33e9c5b86e14b0f75cd73a3,46daffd1590027ecf82b074e6dabbb51d9b93932733037668fd059c38a89e484,19507b92b336ea6a3f6c2aa64e4a4aae4b85c40f6719007147fca8b76449bf9f,b74bec21c0df86813104c50057c6a3aa4301791e4b1c957bb1373fe3c6db869b,245220114
106,threshold_saturation,tree_scm,ok,1024,0.04996244236826897,0.7134720683097839,0.0335805362600906,0.04274543353479722,0,12.279913902282715,2.6368675231933594,a84fe3b7c42bf49cbb4cffff1113450a3fb6924ca2376b56d42faf9ae992432b,d72828ca2b534e1cf6ea249f3ed06038784a4d6048400efd9c6d267a9dac6404,e582a930be3dae725e112d966528c0ddbaa65f047ebb86822b1e4642f6eab6f5,fcb0bbb319c511db47344c99b86eff2429aaf29819cd9a9eebc5b7fe39f8982e,177096997
107,threshold_saturation,tree_scm,ok,1024,0.04967750981450081,0.7316972017288208,0.23244482113931098,0.3288579655225673,0,7.097746849060059,2.5609164237976074,6a15aeea44992f2249cac95a2190f04e9449f5d74a4b8d467cb17430f2829c43,b1aab89877ffd896a1a5e21b045a47c132f0906668751ad559417c1ef8450dac,261135be149c3b2ceba6f11ea4750171362a3405ded6ae2ec11a88030d7d47e0,0ce1f99738ed7ab402a918147e12fc54cc8fc35355ef1972b7d620a94a4db377,3806318890
108,threshold_saturation,tree_scm,ok,1024,0.05855267867445946,0.7085736989974976,0.03649846461962017,0.04268777728113091,0,3.2002382278442383,2.6344056129455566,bcd6f972f145f2c087fd59605b47fb73662191a084ce11ec7ce05e00429e7604,ff945d36d24dacba475d02d8e9174e6f31a307dccd71cbcf93f0821b978664e7,0b00f632c45df992a5cb8f8ee483774afe28994d991430ae68411454bdbae505,10bf2246f762e8a85dbdcb562308848cc2bf8c4e6228312ac2b8a78b16bc56e3,3273087255
109,threshold_saturation,tree_scm,ok,1024,0.07434139400720596,0.7112980484962463,-0.04640023672579067,-0.03889326362563479,0,5.35170316696167,2.600240707397461,78eff52a5729228ed39e90818309ae6213710a88dd5ab772cfea8e60cd82a35a,f16c601884370617b2bd601ab26f1ec69140ea3d0f448d3966a3c3cc7267b6b2,6cdd8647e6cafa744d848dac106adf53c20b76eace6fe745b0540860cc4e062c,f1204ea057ef11e18b6602e5c3ca08977db4d73192265db8239670502bcaaca9,2848688625
110,threshold_saturation,tree_scm,ok,1024,0.0725431963801384,0.7285228371620178,0.02125759444016734,0.006412866121879693,0,4.9524641036987305,2.5889174938201904,e02782d7d4d2793b478f2933ac2f83d849b74c62902327da043192be71a55cae,a8a3dc2d60d3fa13f9eef4defcdf16bfa6554129378f1e3660c370741fefaa7a,7aa920635ee1a9b9c2ceb403c411a3ef14da5712946e9a2f62bf8e7752076ac3,8548750c2626879e8ae1c612a2ff03d49efbd5482f99bd6b3ecadd7c4ea38607,2480881200
111,threshold_saturation,tree_scm,ok,1024,0.08838536590337753,0.7119559049606323,-0.091755820877652,0.1827168121021386,0,5.837538242340088,2.6383068561553955,53ea2572896f1a6eac3d1fc545a654179ea5a84181372a597f36ab44311e73d6,1115201917ba6a851bbec8b62069c73f99bcd0f9b555cd93a274d12b3c490d47,de779f76055fb6f1afa5d71671bf66d9f673607fd6ec47240d887737b7eb6b25,4ffb4b94417e551c8b6fbd7709028e8d8be6a608e2e409716facb7e1f1792d5f,668832842
