table_id,family,scm_type,scm_status,term_a,term_b,pearson,spearman
0,coupled_breakdown,mlp_scm,ok,acidic_ph_aggressiveness,coupled_environment_breakdown,-0.193913042250946,-0.16791672164687654
0,coupled_breakdown,mlp_scm,ok,acidic_ph_aggressiveness,material_passivity,0.027642171479050598,0.041927457782989674
0,coupled_breakdown,mlp_scm,ok,coupled_environment_breakdown,material_passivity,0.6241287057237409,0.6583631970818924
1,coupled_breakdown,mlp_scm,ok,acidic_ph_aggressiveness,coupled_environment_breakdown,-0.22714940427011052,-0.20717986325831556
1,coupled_breakdown,mlp_scm,ok,acidic_ph_aggressiveness,material_passivity,0.008884950582895755,0.003177061572763797
1,coupled_breakdown,mlp_scm,ok,coupled_environment_breakdown,material_passivity,0.6687297124697534,0.6908402661727306
2,coupled_breakdown,mlp_scm,ok,acidic_ph_aggressiveness,coupled_environment_breakdown,-0.2328545799538677,-0.20534987155824272
2,coupled_breakdown,mlp_scm,ok,acidic_ph_aggressiveness,material_passivity,0.04363851734591851,0.03882471132914521
2,coupled_breakdown,mlp_scm,ok,coupled_environment_breakdown,material_passivity,0.6176364118772245,0.6251811746661569
3,coupled_breakdown,mlp_scm,ok,acidic_ph_aggressiveness,coupled_environment_breakdown,-0.2198896839077902,-0.20151415847897367
3,coupled_breakdown,mlp_scm,ok,acidic_ph_aggressiveness,material_passivity,-0.00213626969625974,0.0040358693230742445
3,coupled_breakdown,mlp_scm,ok,coupled_environment_breakdown,material_passivity,0.5661940007793073,0.5964355994317949
4,coupled_breakdown,mlp_scm,ok,acidic_ph_aggressiveness,coupled_environment_breakdown,-0.20640204632195336,-0.2091271090689546
4,coupled_breakdown,mlp_scm,ok,acidic_ph_aggressiveness,material_passivity,0.024390344341932227,0.012111280777904096
4,coupled_breakdown,mlp_scm,ok,coupled_environment_breakdown,material_passivity,0.609557231841982,0.6323724520476856
5,coupled_breakdown,mlp_scm,ok,acidic_ph_aggressiveness,coupled_environment_breakdown,-0.30611613474473987,-0.290762655029496
5,coupled_breakdown,mlp_scm,ok,acidic_ph_aggressiveness,material_passivity,-0.022853308513022284,-0.014626012706677764
5,coupled_breakdown,mlp_scm,ok,coupled_environment_breakdown,material_passivity,0.6206862050780634,0.6259960997122349
6,coupled_breakdown,mlp_scm,ok,acidic_ph_aggressiveness,coupled_environment_breakdown,-0.20995803676408092,-0.18392983902868706
6,coupled_breakdown,mlp_scm,ok,acidic_ph_aggressiveness,material_passivity,0.015492655859385817,0.006886617494496357
6,coupled_breakdown,mlp_scm,ok,coupled_environment_breakdown,material_passivity,0.6175746571188043,0.6317359417431462
7,coupled_breakdown,mlp_scm,ok,acidic_ph_aggressiveness,coupled_environment_breakdown,-0.2516375098547196,-0.23533236955799833
7,coupled_breakdown,mlp_scm,ok,acidic_ph_aggressiveness,material_passivity,-0.03462973404283526,-0.03730026227747066
7,coupled_breakdown,mlp_scm,ok,coupled_environment_breakdown,material_passivity,0.6003681777213219,0.6163862229293997
8,coupled_breakdown,tree_scm,ok,acidic_ph_aggressiveness,coupled_environment_breakdown,-0.2286490017003307,-0.23976239739454938
8,coupled_breakdown,tree_scm,ok,acidic_ph_aggressiveness,material_passivity,-0.015325037870126061,-0.032021361686742
8,coupled_breakdown,tree_scm,ok,coupled_environment_breakdown,material_passivity,0.6236977431442452,0.6407701107925514
9,coupled_breakdown,tree_scm,ok,acidic_ph_aggressiveness,coupled_environment_breakdown,-0.22946369621981605,-0.17657756528481722
9,coupled_breakdown,tree_scm,ok,acidic_ph_aggressiveness,material_passivity,0.011029219797900303,0.017210406595979402
9,coupled_breakdown,tree_scm,ok,coupled_environment_breakdown,material_passivity,0.6642886037701536,0.6886543831898869
10,coupled_breakdown,tree_scm,ok,acidic_ph_aggressiveness,coupled_environment_breakdown,-0.2407346231127228,-0.22323909533931585
10,coupled_breakdown,tree_scm,ok,acidic_ph_aggressiveness,material_passivity,0.034601076966966696,0.03701164306882853
10,coupled_breakdown,tree_scm,ok,coupled_environment_breakdown,material_passivity,0.5602483626901509,0.5966898568269485
11,coupled_breakdown,tree_scm,ok,acidic_ph_aggressiveness,coupled_environment_breakdown,-0.25995711934837046,-0.23576903687265677
11,coupled_breakdown,tree_scm,ok,acidic_ph_aggressiveness,material_passivity,-0.024211111773161126,-0.031453934236920236
11,coupled_breakdown,tree_scm,ok,coupled_environment_breakdown,material_passivity,0.6556621514237971,0.6792482319755382
12,coupled_breakdown,tree_scm,ok,acidic_ph_aggressiveness,coupled_environment_breakdown,-0.2512037839436429,-0.24131384008716708
12,coupled_breakdown,tree_scm,ok,acidic_ph_aggressiveness,material_passivity,-0.07056005012552369,-0.05827405039484143
12,coupled_breakdown,tree_scm,ok,coupled_environment_breakdown,material_passivity,0.6460593579525632,0.6584863940018337
13,coupled_breakdown,tree_scm,ok,acidic_ph_aggressiveness,coupled_environment_breakdown,-0.19984680309880945,-0.17306467146746715
13,coupled_breakdown,tree_scm,ok,acidic_ph_aggressiveness,material_passivity,0.020518369864919124,0.0178571465873173
13,coupled_breakdown,tree_scm,ok,coupled_environment_breakdown,material_passivity,0.6553264362720427,0.6828900369021755
14,coupled_breakdown,tree_scm,ok,acidic_ph_aggressiveness,coupled_environment_breakdown,-0.21706018354670745,-0.1832897788479026
14,coupled_breakdown,tree_scm,ok,acidic_ph_aggressiveness,material_passivity,0.0068063502757357945,0.010530313414324158
14,coupled_breakdown,tree_scm,ok,coupled_environment_breakdown,material_passivity,0.6501836032787413,0.66647529645835
15,coupled_breakdown,tree_scm,ok,acidic_ph_aggressiveness,coupled_environment_breakdown,-0.22159721906208055,-0.2226578940707754
15,coupled_breakdown,tree_scm,ok,acidic_ph_aggressiveness,material_passivity,-0.021998052696274306,-0.011048213609059745
15,coupled_breakdown,tree_scm,ok,coupled_environment_breakdown,material_passivity,0.607945806489016,0.6177987498915456
16,cr_mow_synergy,mlp_scm,ok,environment_aggressiveness,material_chloride_interaction,0.579964704065534,0.42106956628414194
16,cr_mow_synergy,mlp_scm,ok,environment_aggressiveness,material_passivity,-0.013639151042719755,0.008256647050597483
16,cr_mow_synergy,mlp_scm,ok,environment_aggressiveness,temperature_chloride_interaction,0.5988634856005897,0.6271954758235682
16,cr_mow_synergy,mlp_scm,ok,material_chloride_interaction,material_passivity,0.7606263262901211,0.8037458673787853
16,cr_mow_synergy,mlp_scm,ok,material_chloride_interaction,temperature_chloride_interaction,0.38879264325794927,0.34025406298639516
16,cr_mow_synergy,mlp_scm,ok,material_passivity,temperature_chloride_interaction,0.05271658188892021,0.05087510918727904
17,cr_mow_synergy,mlp_scm,ok,environment_aggressiveness,material_chloride_interaction,0.5700178398757076,0.4207874996832057
17,cr_mow_synergy,mlp_scm,ok,environment_aggressiveness,material_passivity,0.02579035210113261,0.01763863188331795
17,cr_mow_synergy,mlp_scm,ok,environment_aggressiveness,temperature_chloride_interaction,0.5741372949789078,0.6162056234278146
17,cr_mow_synergy,mlp_scm,ok,material_chloride_interaction,material_passivity,0.7925509694664366,0.8247364227670647
17,cr_mow_synergy,mlp_scm,ok,material_chloride_interaction,temperature_chloride_interaction,0.3227017963793438,0.27745790835635237
17,cr_mow_synergy,mlp_scm,ok,material_passivity,temperature_chloride_interaction,0.02541285147999252,0.01840365844140232
18,cr_mow_synergy,mlp_scm,ok,environment_aggressiveness,material_chloride_interaction,0.6238658702919293,0.4191459284779379
18,cr_mow_synergy,mlp_scm,ok,environment_aggressiveness,material_passivity,0.05980517709338985,0.030496119508776925
18,cr_mow_synergy,mlp_scm,ok,environment_aggressiveness,temperature_chloride_interaction,0.5983599260973557,0.6545523705820206
18,cr_mow_synergy,mlp_scm,ok,material_chloride_interaction,material_passivity,0.7682990087801722,0.8187466551110286
18,cr_mow_synergy,mlp_scm,ok,material_chloride_interaction,temperature_chloride_interaction,0.3676722807528449,0.2899675688077128
18,cr_mow_synergy,mlp_scm,ok,material_passivity,temperature_chloride_interaction,0.04133389866590772,0.018736897290902436
19,cr_mow_synergy,mlp_scm,ok,environment_aggressiveness,material_chloride_interaction,0.6182133581500808,0.41499042289326177
19,cr_mow_synergy,mlp_scm,ok,environment_aggressiveness,material_passivity,0.026361756973317663,0.013114307428577384
19,cr_mow_synergy,mlp_scm,ok,environment_aggressiveness,temperature_chloride_interaction,0.5986983285756247,0.6494105790932441
19,cr_mow_synergy,mlp_scm,ok,material_chloride_interaction,material_passivity,0.7555793439080731,0.8206055339070811
19,cr_mow_synergy,mlp_scm,ok,material_chloride_interaction,temperature_chloride_interaction,0.37903358815808247,0.30445378970424103
19,cr_mow_synergy,mlp_scm,ok,material_passivity,temperature_chloride_interaction,0.03754415205035905,0.022495144517044315
20,cr_mow_synergy,mlp_scm,ok,environment_aggressiveness,material_chloride_interaction,0.5964316717868368,0.40040552769510335
20,cr_mow_synergy,mlp_scm,ok,environment_aggressiveness,material_passivity,-0.008871324426023612,-0.004346729725579395
20,cr_mow_synergy,mlp_scm,ok,environment_aggressiveness,temperature_chloride_interaction,0.5925638710054711,0.6347242076833202
20,cr_mow_synergy,mlp_scm,ok,material_chloride_interaction,material_passivity,0.7535791150671252,0.8138275639763403
20,cr_mow_synergy,mlp_scm,ok,material_chloride_interaction,temperature_chloride_interaction,0.32711255991574406,0.2711565085149706
20,cr_mow_synergy,mlp_scm,ok,material_passivity,temperature_chloride_interaction,-0.01396473378046052,0.001044119117448215
21,cr_mow_synergy,mlp_scm,failure_sentinel,environment_aggressiveness,material_chloride_interaction,0.6472934090477359,0.46899893590114267
21,cr_mow_synergy,mlp_scm,failure_sentinel,environment_aggressiveness,material_passivity,0.015237787352801258,0.029633684423974505
21,cr_mow_synergy,mlp_scm,failure_sentinel,environment_aggressiveness,temperature_chloride_interaction,0.6110520836804456,0.6347847339128349
21,cr_mow_synergy,mlp_scm,failure_sentinel,material_chloride_interaction,material_passivity,0.7221918044215865,0.7880412244074616
21,cr_mow_synergy,mlp_scm,failure_sentinel,material_chloride_interaction,temperature_chloride_interaction,0.3842352302218627,0.31561299105591417
21,cr_mow_synergy,mlp_scm,failure_sentinel,material_passivity,temperature_chloride_interaction,0.016448245102095357,0.018997987589410275
22,cr_mow_synergy,mlp_scm,ok,environment_aggressiveness,material_chloride_interaction,0.6026577320316238,0.4455287044604249
22,cr_mow_synergy,mlp_scm,ok,environment_aggressiveness,material_passivity,0.041458584235248785,0.0737737624732032
22,cr_mow_synergy,mlp_scm,ok,environment_aggressiveness,temperature_chloride_interaction,0.579180260057334,0.6281024247875733
22,cr_mow_synergy,mlp_scm,ok,material_chloride_interaction,material_passivity,0.7760960232484168,0.8250201356557005
22,cr_mow_synergy,mlp_scm,ok,material_chloride_interaction,temperature_chloride_interaction,0.3665332413470877,0.325868037975919
22,cr_mow_synergy,mlp_scm,ok,material_passivity,temperature_chloride_interaction,0.06631387615953017,0.06204012290393039
23,cr_mow_synergy,mlp_scm,ok,environment_aggressiveness,material_chloride_interaction,0.6150300423399269,0.3944150068028443
23,cr_mow_synergy,mlp_scm,ok,environment_aggressiveness,material_passivity,0.012771435495405567,-0.006476552406753127
23,cr_mow_synergy,mlp_scm,ok,environment_aggressiveness,temperature_chloride_interaction,0.6023863526604943,0.6328172505595433
23,cr_mow_synergy,mlp_scm,ok,material_chloride_interaction,material_passivity,0.7476845266028592,0.8140547080787739
23,cr_mow_synergy,mlp_scm,ok,material_chloride_interaction,temperature_chloride_interaction,0.34913015102523604,0.27043187905897864
23,cr_mow_synergy,mlp_scm,ok,material_passivity,temperature_chloride_interaction,-0.0018609367247124126,0.001626521312421768
24,cr_mow_synergy,tree_scm,ok,environment_aggressiveness,material_chloride_interaction,0.6082405608527566,0.4294602346624426
24,cr_mow_synergy,tree_scm,ok,environment_aggressiveness,material_passivity,0.0341659625524809,0.03598628550684777
24,cr_mow_synergy,tree_scm,ok,environment_aggressiveness,temperature_chloride_interaction,0.6057387002273147,0.6583283531763763
24,cr_mow_synergy,tree_scm,ok,material_chloride_interaction,material_passivity,0.7655820323429076,0.8235335849704172
24,cr_mow_synergy,tree_scm,ok,material_chloride_interaction,temperature_chloride_interaction,0.34211770504848005,0.27869341173282985
24,cr_mow_synergy,tree_scm,ok,material_passivity,temperature_chloride_interaction,0.009987201556184256,0.017093504631689956
25,cr_mow_synergy,tree_scm,ok,environment_aggressiveness,material_chloride_interaction,0.5647592278354028,0.37437208201640554
25,cr_mow_synergy,tree_scm,ok,environment_aggressiveness,material_passivity,-0.04876991008550714,-0.051883096609619976
25,cr_mow_synergy,tree_scm,ok,environment_aggressiveness,temperature_chloride_interaction,0.5931532472595807,0.6363446061316126
25,cr_mow_synergy,tree_scm,ok,material_chloride_interaction,material_passivity,0.7508430639628022,0.7986930387632463
25,cr_mow_synergy,tree_scm,ok,material_chloride_interaction,temperature_chloride_interaction,0.3515362308416861,0.29858764730204135
25,cr_mow_synergy,tree_scm,ok,material_passivity,temperature_chloride_interaction,0.006471988572030708,0.010377304944505183
26,cr_mow_synergy,tree_scm,ok,environment_aggressiveness,material_chloride_interaction,0.5701951442517241,0.4249764268461688
26,cr_mow_synergy,tree_scm,ok,environment_aggressiveness,material_passivity,0.006514707265702753,0.030857158197585492
26,cr_mow_synergy,tree_scm,ok,environment_aggressiveness,temperature_chloride_interaction,0.5785086581018809,0.622488164634329
26,cr_mow_synergy,tree_scm,ok,material_chloride_interaction,material_passivity,0.7814210397064619,0.8187140360131606
26,cr_mow_synergy,tree_scm,ok,material_chloride_interaction,temperature_chloride_interaction,0.3028595065467855,0.26512405290695973
26,cr_mow_synergy,tree_scm,ok,material_passivity,temperature_chloride_interaction,-0.0012133607696171644,0.010203516473575279
27,cr_mow_synergy,tree_scm,ok,environment_aggressiveness,material_chloride_interaction,0.5809538598497432,0.40750780812376863
27,cr_mow_synergy,tree_scm,ok,environment_aggressiveness,material_passivity,-0.062408044932398404,-0.0290817449498195
27,cr_mow_synergy,tree_scm,ok,environment_aggressiveness,temperature_chloride_interaction,0.5851467539915359,0.593196214456647
27,cr_mow_synergy,tree_scm,ok,material_chloride_interaction,material_passivity,0.7331140977060712,0.7841314070885582
27,cr_mow_synergy,tree_scm,ok,material_chloride_interaction,temperature_chloride_interaction,0.3344583768708928,0.2724794341292069
27,cr_mow_synergy,tree_scm,ok,material_passivity,temperature_chloride_interaction,-0.019749961017804022,-0.013511701806977888
28,cr_mow_synergy,tree_scm,ok,environment_aggressiveness,material_chloride_interaction,0.567092188048525,0.4126104878330829
28,cr_mow_synergy,tree_scm,ok,environment_aggressiveness,material_passivity,-0.01586635923275089,0.015859083640282417
28,cr_mow_synergy,tree_scm,ok,environment_aggressiveness,temperature_chloride_interaction,0.5882747476505398,0.6550023555077035
28,cr_mow_synergy,tree_scm,ok,material_chloride_interaction,material_passivity,0.7696183826698312,0.8173729380983928
28,cr_mow_synergy,tree_scm,ok,material_chloride_interaction,temperature_chloride_interaction,0.3559602821121701,0.2918191533370115
28,cr_mow_synergy,tree_scm,ok,material_passivity,temperature_chloride_interaction,0.036118315472409776,0.018945713980915452
29,cr_mow_synergy,tree_scm,ok,environment_aggressiveness,material_chloride_interaction,0.5547597072669023,0.38065132832366433
29,cr_mow_synergy,tree_scm,ok,environment_aggressiveness,material_passivity,-0.035349674962460866,-0.022211558666604035
29,cr_mow_synergy,tree_scm,ok,environment_aggressiveness,temperature_chloride_interaction,0.5822957012713487,0.6361416272409498
29,cr_mow_synergy,tree_scm,ok,material_chloride_interaction,material_passivity,0.7702908683825476,0.8109896936327361
29,cr_mow_synergy,tree_scm,ok,material_chloride_interaction,temperature_chloride_interaction,0.32798408168939563,0.27201341798806683
29,cr_mow_synergy,tree_scm,ok,material_passivity,temperature_chloride_interaction,0.0037183288278013127,0.0047731462970391795
30,cr_mow_synergy,tree_scm,ok,environment_aggressiveness,material_chloride_interaction,0.5864922700587367,0.37675694654726083
30,cr_mow_synergy,tree_scm,ok,environment_aggressiveness,material_passivity,-0.0003436858859436318,-0.022695760889417414
30,cr_mow_synergy,tree_scm,ok,environment_aggressiveness,temperature_chloride_interaction,0.6056207479959781,0.650329881895454
30,cr_mow_synergy,tree_scm,ok,material_chloride_interaction,material_passivity,0.7609213751731774,0.8124026304784908
30,cr_mow_synergy,tree_scm,ok,material_chloride_interaction,temperature_chloride_interaction,0.3595029342869061,0.29094691681251933
30,cr_mow_synergy,tree_scm,ok,material_passivity,temperature_chloride_interaction,0.018011999527273448,0.006406873979940058
31,cr_mow_synergy,tree_scm,ok,environment_aggressiveness,material_chloride_interaction,0.5948081090462988,0.3881357706776968
31,cr_mow_synergy,tree_scm,ok,environment_aggressiveness,material_passivity,-0.006419409694610303,-0.007297272447184337
31,cr_mow_synergy,tree_scm,ok,environment_aggressiveness,temperature_chloride_interaction,0.6009700300876574,0.6323567099498707
31,cr_mow_synergy,tree_scm,ok,material_chloride_interaction,material_passivity,0.7536707515969069,0.8177927011562256
31,cr_mow_synergy,tree_scm,ok,material_chloride_interaction,temperature_chloride_interaction,0.34144584930019134,0.28105149418823777
31,cr_mow_synergy,tree_scm,ok,material_passivity,temperature_chloride_interaction,-0.005411071778136409,0.00011074238529780099
32,fe_ni_cr_threshold,mlp_scm,ok,acidic_ph_aggressiveness,high_temperature_aggressiveness,-0.357934146951283,-0.3669340918936476
32,fe_ni_cr_threshold,mlp_scm,ok,acidic_ph_aggressiveness,log_chloride_aggressiveness,-0.1673495406885632,-0.008837190284346928
32,fe_ni_cr_threshold,mlp_scm,ok,acidic_ph_aggressiveness,material_passivity,-0.010113090402868313,-0.013347847147948795
32,fe_ni_cr_threshold,mlp_scm,ok,acidic_ph_aggressiveness,temperature_chloride_interaction,-0.34113025648223483,-0.3715106687569852
32,fe_ni_cr_threshold,mlp_scm,ok,high_temperature_aggressiveness,log_chloride_aggressiveness,0.24860105446589711,0.16500318201492317
32,fe_ni_cr_threshold,mlp_scm,ok,high_temperature_aggressiveness,material_passivity,0.010270289742657068,0.017434779186995132
32,fe_ni_cr_threshold,mlp_scm,ok,high_temperature_aggressiveness,temperature_chloride_interaction,0.9696452380599025,0.9459071904125508
32,fe_ni_cr_threshold,mlp_scm,ok,log_chloride_aggressiveness,material_passivity,-0.04882218893785218,-0.023321518142193392
32,fe_ni_cr_threshold,mlp_scm,ok,log_chloride_aggressiveness,temperature_chloride_interaction,0.38944135092534793,0.3665636158050181
32,fe_ni_cr_threshold,mlp_scm,ok,material_passivity,temperature_chloride_interaction,-0.003952010082458948,-0.00762220365200885
33,fe_ni_cr_threshold,mlp_scm,ok,acidic_ph_aggressiveness,high_temperature_aggressiveness,-0.35491068221593947,-0.38994021264086404
33,fe_ni_cr_threshold,mlp_scm,ok,acidic_ph_aggressiveness,log_chloride_aggressiveness,-0.09726082199242578,-0.025762278247980004
33,fe_ni_cr_threshold,mlp_scm,ok,acidic_ph_aggressiveness,material_passivity,0.005483498650340936,0.02746921181496964
33,fe_ni_cr_threshold,mlp_scm,ok,acidic_ph_aggressiveness,temperature_chloride_interaction,-0.34148951528458904,-0.3937808195170498
33,fe_ni_cr_threshold,mlp_scm,ok,high_temperature_aggressiveness,log_chloride_aggressiveness,0.1902962074249549,0.12535093836693945
33,fe_ni_cr_threshold,mlp_scm,ok,high_temperature_aggressiveness,material_passivity,-0.032544790491881144,-0.029854419312262723
33,fe_ni_cr_threshold,mlp_scm,ok,high_temperature_aggressiveness,temperature_chloride_interaction,0.9635264795330906,0.9286748532403953
33,fe_ni_cr_threshold,mlp_scm,ok,log_chloride_aggressiveness,material_passivity,-0.015093356005855752,0.009065720868570586
33,fe_ni_cr_threshold,mlp_scm,ok,log_chloride_aggressiveness,temperature_chloride_interaction,0.35130903425717447,0.3594536181333508
33,fe_ni_cr_threshold,mlp_scm,ok,material_passivity,temperature_chloride_interaction,-0.028678124217781882,-0.03769559886160451
34,fe_ni_cr_threshold,mlp_scm,ok,acidic_ph_aggressiveness,high_temperature_aggressiveness,-0.3903723329849411,-0.43079028637075695
34,fe_ni_cr_threshold,mlp_scm,ok,acidic_ph_aggressiveness,log_chloride_aggressiveness,-0.12444716857235773,0.01647822075837279
34,fe_ni_cr_threshold,mlp_scm,ok,acidic_ph_aggressiveness,material_passivity,0.01770925383317197,0.023734045714182035
34,fe_ni_cr_threshold,mlp_scm,ok,acidic_ph_aggressiveness,temperature_chloride_interaction,-0.3675277655543959,-0.4385588333662283
34,fe_ni_cr_threshold,mlp_scm,ok,high_temperature_aggressiveness,log_chloride_aggressiveness,0.2046668120572432,0.14171801181806057
34,fe_ni_cr_threshold,mlp_scm,ok,high_temperature_aggressiveness,material_passivity,-0.020021208038015263,-0.03293797909964145
34,fe_ni_cr_threshold,mlp_scm,ok,high_temperature_aggressiveness,temperature_chloride_interaction,0.9611042010627391,0.9265123165754844
34,fe_ni_cr_threshold,mlp_scm,ok,log_chloride_aggressiveness,material_passivity,-0.027697505722531834,-0.03017254502953469
34,fe_ni_cr_threshold,mlp_scm,ok,log_chloride_aggressiveness,temperature_chloride_interaction,0.3707188673155361,0.37478702785964596
34,fe_ni_cr_threshold,mlp_scm,ok,material_passivity,temperature_chloride_interaction,-0.029614776959370728,-0.04112859309470275
35,fe_ni_cr_threshold,mlp_scm,ok,acidic_ph_aggressiveness,high_temperature_aggressiveness,-0.3694026874106016,-0.4103704270954486
35,fe_ni_cr_threshold,mlp_scm,ok,acidic_ph_aggressiveness,log_chloride_aggressiveness,-0.20091526688888744,-0.03393735829918732
35,fe_ni_cr_threshold,mlp_scm,ok,acidic_ph_aggressiveness,material_passivity,0.017042172042993107,0.008206870267018503
35,fe_ni_cr_threshold,mlp_scm,ok,acidic_ph_aggressiveness,temperature_chloride_interaction,-0.3644063905982189,-0.4370672733750179
35,fe_ni_cr_threshold,mlp_scm,ok,high_temperature_aggressiveness,log_chloride_aggressiveness,0.18031202333962565,0.12749001799077525
35,fe_ni_cr_threshold,mlp_scm,ok,high_temperature_aggressiveness,material_passivity,-0.0033768912239138054,0.007959776303201795
35,fe_ni_cr_threshold,mlp_scm,ok,high_temperature_aggressiveness,temperature_chloride_interaction,0.9632519302384194,0.9186114000179859
35,fe_ni_cr_threshold,mlp_scm,ok,log_chloride_aggressiveness,material_passivity,-0.002445527053168571,-0.014881046337078157
35,fe_ni_cr_threshold,mlp_scm,ok,log_chloride_aggressiveness,temperature_chloride_interaction,0.35401837229019334,0.38086541671226914
35,fe_ni_cr_threshold,mlp_scm,ok,material_passivity,temperature_chloride_interaction,-0.005874443194336856,0.004722570167213695
36,fe_ni_cr_threshold,mlp_scm,ok,acidic_ph_aggressiveness,high_temperature_aggressiveness,-0.34840326096988183,-0.38086701003938594
36,fe_ni_cr_threshold,mlp_scm,ok,acidic_ph_aggressiveness,log_chloride_aggressiveness,-0.11434523623880241,0.01779530708693239
36,fe_ni_cr_threshold,mlp_scm,ok,acidic_ph_aggressiveness,material_passivity,-0.01747084306846231,-0.039528584340477166
36,fe_ni_cr_threshold,mlp_scm,ok,acidic_ph_aggressiveness,temperature_chloride_interaction,-0.340472398121924,-0.38903742778373396
36,fe_ni_cr_threshold,mlp_scm,ok,high_temperature_aggressiveness,log_chloride_aggressiveness,0.19363052387372945,0.12625770976128947
36,fe_ni_cr_threshold,mlp_scm,ok,high_temperature_aggressiveness,material_passivity,-0.017022793889488134,0.000161437505251896
36,fe_ni_cr_threshold,mlp_scm,ok,high_temperature_aggressiveness,temperature_chloride_interaction,0.9647265196201535,0.9342193753749897
36,fe_ni_cr_threshold,mlp_scm,ok,log_chloride_aggressiveness,material_passivity,0.017464878323348955,0.017327765879298358
36,fe_ni_cr_threshold,mlp_scm,ok,log_chloride_aggressiveness,temperature_chloride_interaction,0.35615506711912864,0.350547220106264
36,fe_ni_cr_threshold,mlp_scm,ok,material_passivity,temperature_chloride_interaction,-0.01506825694617058,0.008944722337981098
37,fe_ni_cr_threshold,mlp_scm,ok,acidic_ph_aggressiveness,high_temperature_aggressiveness,-0.4144970502288857,-0.4542476258205848
37,fe_ni_cr_threshold,mlp_scm,ok,acidic_ph_aggressiveness,log_chloride_aggressiveness,-0.19140805422190302,-0.052832716712921855
37,fe_ni_cr_threshold,mlp_scm,ok,acidic_ph_aggressiveness,material_passivity,0.00019159299786086323,-0.02030338992299579
37,fe_ni_cr_threshold,mlp_scm,ok,acidic_ph_aggressiveness,temperature_chloride_interaction,-0.39649055417855966,-0.4678148167761587
37,fe_ni_cr_threshold,mlp_scm,ok,high_temperature_aggressiveness,log_chloride_aggressiveness,0.19568121293262508,0.1281165837506626
37,fe_ni_cr_threshold,mlp_scm,ok,high_temperature_aggressiveness,material_passivity,0.0009349409225996248,-0.006482805079085161
37,fe_ni_cr_threshold,mlp_scm,ok,high_temperature_aggressiveness,temperature_chloride_interaction,0.9672035515518941,0.9313273571760019
37,fe_ni_cr_threshold,mlp_scm,ok,log_chloride_aggressiveness,material_passivity,0.05492470926319212,0.04966752362005754
37,fe_ni_cr_threshold,mlp_scm,ok,log_chloride_aggressiveness,temperature_chloride_interaction,0.35048451022024657,0.36936585475474754
37,fe_ni_cr_threshold,mlp_scm,ok,material_passivity,temperature_chloride_interaction,0.02155662406721933,0.014589579104567943
38,fe_ni_cr_threshold,mlp_scm,ok,acidic_ph_aggressiveness,high_temperature_aggressiveness,-0.3342699991480694,-0.36413804592246346
38,fe_ni_cr_threshold,mlp_scm,ok,acidic_ph_aggressiveness,log_chloride_aggressiveness,-0.17667454210000835,0.007222697835224191
38,fe_ni_cr_threshold,mlp_scm,ok,acidic_ph_aggressiveness,material_passivity,0.0201490128343724,0.006507419009967375
38,fe_ni_cr_threshold,mlp_scm,ok,acidic_ph_aggressiveness,temperature_chloride_interaction,-0.3253187083971292,-0.3771109129219778
38,fe_ni_cr_threshold,mlp_scm,ok,high_temperature_aggressiveness,log_chloride_aggressiveness,0.20406802292573425,0.1302060388655366
38,fe_ni_cr_threshold,mlp_scm,ok,high_temperature_aggressiveness,material_passivity,0.0326553544771766,0.04700481305955235
38,fe_ni_cr_threshold,mlp_scm,ok,high_temperature_aggressiveness,temperature_chloride_interaction,0.959882859212597,0.9230771641488195
38,fe_ni_cr_threshold,mlp_scm,ok,log_chloride_aggressiveness,material_passivity,-0.024907110587424137,0.0064167702053021395
38,fe_ni_cr_threshold,mlp_scm,ok,log_chloride_aggressiveness,temperature_chloride_interaction,0.371553282507307,0.37818452405957576
38,fe_ni_cr_threshold,mlp_scm,ok,material_passivity,temperature_chloride_interaction,0.02791319576402625,0.03081230182889436
39,fe_ni_cr_threshold,mlp_scm,ok,acidic_ph_aggressiveness,high_temperature_aggressiveness,-0.34331404564480217,-0.36912266190249843
39,fe_ni_cr_threshold,mlp_scm,ok,acidic_ph_aggressiveness,log_chloride_aggressiveness,-0.16061578863839887,-0.028030356020382067
39,fe_ni_cr_threshold,mlp_scm,ok,acidic_ph_aggressiveness,material_passivity,0.017736681127236326,0.009662625331226776
39,fe_ni_cr_threshold,mlp_scm,ok,acidic_ph_aggressiveness,temperature_chloride_interaction,-0.3233891462439429,-0.37374382407071877
39,fe_ni_cr_threshold,mlp_scm,ok,high_temperature_aggressiveness,log_chloride_aggressiveness,0.17063716820771746,0.10866576719748425
39,fe_ni_cr_threshold,mlp_scm,ok,high_temperature_aggressiveness,material_passivity,-0.05782978227252518,-0.03613160873606341
39,fe_ni_cr_threshold,mlp_scm,ok,high_temperature_aggressiveness,temperature_chloride_interaction,0.9580193936288777,0.9383629922025474
39,fe_ni_cr_threshold,mlp_scm,ok,log_chloride_aggressiveness,material_passivity,-0.06380979027289926,0.015346980040776977
39,fe_ni_cr_threshold,mlp_scm,ok,log_chloride_aggressiveness,temperature_chloride_interaction,0.3558994266361779,0.3344949537239033
39,fe_ni_cr_threshold,mlp_scm,ok,material_passivity,temperature_chloride_interaction,-0.05455603981071545,-0.04536214295106748
40,fe_ni_cr_threshold,tree_scm,ok,acidic_ph_aggressiveness,high_temperature_aggressiveness,-0.38813146687831557,-0.413894662363424
40,fe_ni_cr_threshold,tree_scm,ok,acidic_ph_aggressiveness,log_chloride_aggressiveness,-0.15580075717153172,-0.029663158403570835
40,fe_ni_cr_threshold,tree_scm,ok,acidic_ph_aggressiveness,material_passivity,0.028418861535548685,0.04271989015429629
40,fe_ni_cr_threshold,tree_scm,ok,acidic_ph_aggressiveness,temperature_chloride_interaction,-0.3697914671277665,-0.4286092422521746
40,fe_ni_cr_threshold,tree_scm,ok,high_temperature_aggressiveness,log_chloride_aggressiveness,0.20421435745627775,0.14954114829884319
40,fe_ni_cr_threshold,tree_scm,ok,high_temperature_aggressiveness,material_passivity,-0.025356376529399267,-0.04039497853695121
40,fe_ni_cr_threshold,tree_scm,ok,high_temperature_aggressiveness,temperature_chloride_interaction,0.9570098486154487,0.9161113805579717
40,fe_ni_cr_threshold,tree_scm,ok,log_chloride_aggressiveness,material_passivity,0.006013174829157157,-0.021318034984047187
40,fe_ni_cr_threshold,tree_scm,ok,log_chloride_aggressiveness,temperature_chloride_interaction,0.3784473269365358,0.40407066132151787
40,fe_ni_cr_threshold,tree_scm,ok,material_passivity,temperature_chloride_interaction,-0.016678003907299944,-0.030926873322899225
41,fe_ni_cr_threshold,tree_scm,ok,acidic_ph_aggressiveness,high_temperature_aggressiveness,-0.34583060793675563,-0.38430464135558184
41,fe_ni_cr_threshold,tree_scm,ok,acidic_ph_aggressiveness,log_chloride_aggressiveness,-0.15190362186368983,-0.052545941850767934
41,fe_ni_cr_threshold,tree_scm,ok,acidic_ph_aggressiveness,material_passivity,0.05577186629436228,0.04728765513780443
41,fe_ni_cr_threshold,tree_scm,ok,acidic_ph_aggressiveness,temperature_chloride_interaction,-0.33350039929509295,-0.391578790559899
41,fe_ni_cr_threshold,tree_scm,ok,high_temperature_aggressiveness,log_chloride_aggressiveness,0.1717896976264806,0.11932162407208265
41,fe_ni_cr_threshold,tree_scm,ok,high_temperature_aggressiveness,material_passivity,0.030064923491322688,0.04407158647407488
41,fe_ni_cr_threshold,tree_scm,ok,high_temperature_aggressiveness,temperature_chloride_interaction,0.958882049863129,0.9326403851034137
41,fe_ni_cr_threshold,tree_scm,ok,log_chloride_aggressiveness,material_passivity,0.014729740775080637,-0.018487303349091357
41,fe_ni_cr_threshold,tree_scm,ok,log_chloride_aggressiveness,temperature_chloride_interaction,0.35130743513614626,0.345057334085323
41,fe_ni_cr_threshold,tree_scm,ok,material_passivity,temperature_chloride_interaction,0.04056235963351677,0.04513973109195464
42,fe_ni_cr_threshold,tree_scm,ok,acidic_ph_aggressiveness,high_temperature_aggressiveness,-0.37894714216602315,-0.3992692176520404
42,fe_ni_cr_threshold,tree_scm,ok,acidic_ph_aggressiveness,log_chloride_aggressiveness,-0.16846582407808308,-0.043454345831387575
42,fe_ni_cr_threshold,tree_scm,ok,acidic_ph_aggressiveness,material_passivity,0.016243701342930895,0.02526352243344173
42,fe_ni_cr_threshold,tree_scm,ok,acidic_ph_aggressiveness,temperature_chloride_interaction,-0.3618931065848511,-0.41928084604957516
42,fe_ni_cr_threshold,tree_scm,ok,high_temperature_aggressiveness,log_chloride_aggressiveness,0.2052607930764613,0.13025535854858733
42,fe_ni_cr_threshold,tree_scm,ok,high_temperature_aggressiveness,material_passivity,-0.011567970088667664,-0.00947612624102646
42,fe_ni_cr_threshold,tree_scm,ok,high_temperature_aggressiveness,temperature_chloride_interaction,0.9616873748784526,0.9291197209100311
42,fe_ni_cr_threshold,tree_scm,ok,log_chloride_aggressiveness,material_passivity,-0.0318232837983488,-0.02766440425838877
42,fe_ni_cr_threshold,tree_scm,ok,log_chloride_aggressiveness,temperature_chloride_interaction,0.3735458619043887,0.35789468099865085
42,fe_ni_cr_threshold,tree_scm,ok,material_passivity,temperature_chloride_interaction,-0.018446903477032994,-0.02302086330729209
43,fe_ni_cr_threshold,tree_scm,ok,acidic_ph_aggressiveness,high_temperature_aggressiveness,-0.37303980999743364,-0.40694583573864085
43,fe_ni_cr_threshold,tree_scm,ok,acidic_ph_aggressiveness,log_chloride_aggressiveness,-0.13202725263521758,-0.018687632613872684
43,fe_ni_cr_threshold,tree_scm,ok,acidic_ph_aggressiveness,material_passivity,-0.04753079566788652,-0.010276589208203655
43,fe_ni_cr_threshold,tree_scm,ok,acidic_ph_aggressiveness,temperature_chloride_interaction,-0.35852558902075293,-0.4167028085701218
43,fe_ni_cr_threshold,tree_scm,ok,high_temperature_aggressiveness,log_chloride_aggressiveness,0.2061676862766039,0.16198971777590496
43,fe_ni_cr_threshold,tree_scm,ok,high_temperature_aggressiveness,material_passivity,0.031890193015877685,0.035037338400039864
43,fe_ni_cr_threshold,tree_scm,ok,high_temperature_aggressiveness,temperature_chloride_interaction,0.9618929803866666,0.9340706701368002
43,fe_ni_cr_threshold,tree_scm,ok,log_chloride_aggressiveness,material_passivity,-0.047643150038084114,-0.008372073406072357
43,fe_ni_cr_threshold,tree_scm,ok,log_chloride_aggressiveness,temperature_chloride_interaction,0.3713668105239043,0.3779426290214076
43,fe_ni_cr_threshold,tree_scm,ok,material_passivity,temperature_chloride_interaction,0.024459926337412688,0.02230483336617836
44,fe_ni_cr_threshold,tree_scm,ok,acidic_ph_aggressiveness,high_temperature_aggressiveness,-0.3361892305895854,-0.38480533393955774
44,fe_ni_cr_threshold,tree_scm,ok,acidic_ph_aggressiveness,log_chloride_aggressiveness,-0.17931297177085417,-0.008510948322841029
44,fe_ni_cr_threshold,tree_scm,ok,acidic_ph_aggressiveness,material_passivity,0.02128052726441194,0.012902505056815405
44,fe_ni_cr_threshold,tree_scm,ok,acidic_ph_aggressiveness,temperature_chloride_interaction,-0.3270821161707246,-0.4019455686751834
44,fe_ni_cr_threshold,tree_scm,ok,high_temperature_aggressiveness,log_chloride_aggressiveness,0.19608317315356136,0.10111857780189945
44,fe_ni_cr_threshold,tree_scm,ok,high_temperature_aggressiveness,material_passivity,-0.04578302292747666,-0.049571106679408276
44,fe_ni_cr_threshold,tree_scm,ok,high_temperature_aggressiveness,temperature_chloride_interaction,0.9670597218118309,0.9416536436385835
44,fe_ni_cr_threshold,tree_scm,ok,log_chloride_aggressiveness,material_passivity,-0.009384886716830519,0.011993213839311335
44,fe_ni_cr_threshold,tree_scm,ok,log_chloride_aggressiveness,temperature_chloride_interaction,0.3493103514887712,0.31742461889016776
44,fe_ni_cr_threshold,tree_scm,ok,material_passivity,temperature_chloride_interaction,-0.04224390519877797,-0.04159418590479252
45,fe_ni_cr_threshold,tree_scm,ok,acidic_ph_aggressiveness,high_temperature_aggressiveness,-0.3357871826791661,-0.34155636408499596
45,fe_ni_cr_threshold,tree_scm,ok,acidic_ph_aggressiveness,log_chloride_aggressiveness,-0.15014550240524077,0.001962303874291061
45,fe_ni_cr_threshold,tree_scm,ok,acidic_ph_aggressiveness,material_passivity,-0.05872804348771612,-0.05122039781113959
45,fe_ni_cr_threshold,tree_scm,ok,acidic_ph_aggressiveness,temperature_chloride_interaction,-0.3120508734860911,-0.3530957578447969
45,fe_ni_cr_threshold,tree_scm,ok,high_temperature_aggressiveness,log_chloride_aggressiveness,0.1821503188750107,0.09243387732972268
45,fe_ni_cr_threshold,tree_scm,ok,high_temperature_aggressiveness,material_passivity,0.011771476946468771,0.03298144223997368
45,fe_ni_cr_threshold,tree_scm,ok,high_temperature_aggressiveness,temperature_chloride_interaction,0.9629934326589755,0.9367877924727488
45,fe_ni_cr_threshold,tree_scm,ok,log_chloride_aggressiveness,material_passivity,0.01320131478336106,-0.003962240768032688
45,fe_ni_cr_threshold,tree_scm,ok,log_chloride_aggressiveness,temperature_chloride_interaction,0.3500106428313332,0.33175167750603435
45,fe_ni_cr_threshold,tree_scm,ok,material_passivity,temperature_chloride_interaction,0.0030958825054817215,0.01995355962600209
46,fe_ni_cr_threshold,tree_scm,ok,acidic_ph_aggressiveness,high_temperature_aggressiveness,-0.3619507096982252,-0.3723430317530809
46,fe_ni_cr_threshold,tree_scm,ok,acidic_ph_aggressiveness,log_chloride_aggressiveness,-0.16072497284130507,-0.015879730082454715
46,fe_ni_cr_threshold,tree_scm,ok,acidic_ph_aggressiveness,material_passivity,0.027061230779085857,0.027711757749499293
46,fe_ni_cr_threshold,tree_scm,ok,acidic_ph_aggressiveness,temperature_chloride_interaction,-0.33931659216371146,-0.3806017965034649
46,fe_ni_cr_threshold,tree_scm,ok,high_temperature_aggressiveness,log_chloride_aggressiveness,0.25076520895737775,0.17413974748912112
46,fe_ni_cr_threshold,tree_scm,ok,high_temperature_aggressiveness,material_passivity,-0.030293963785055555,-0.04519543248144469
46,fe_ni_cr_threshold,tree_scm,ok,high_temperature_aggressiveness,temperature_chloride_interaction,0.9682108157132692,0.9371898230401083
46,fe_ni_cr_threshold,tree_scm,ok,log_chloride_aggressiveness,material_passivity,-0.054298273696106326,-0.06277686788407885
46,fe_ni_cr_threshold,tree_scm,ok,log_chloride_aggressiveness,temperature_chloride_interaction,0.3928242700546904,0.3995159198449656
46,fe_ni_cr_threshold,tree_scm,ok,material_passivity,temperature_chloride_interaction,-0.029555554104822995,-0.058872286357816876
47,fe_ni_cr_threshold,tree_scm,ok,acidic_ph_aggressiveness,high_temperature_aggressiveness,-0.30577423436095064,-0.3351870558650789
47,fe_ni_cr_threshold,tree_scm,ok,acidic_ph_aggressiveness,log_chloride_aggressiveness,-0.15185155045425203,-0.021387210773724217
47,fe_ni_cr_threshold,tree_scm,ok,acidic_ph_aggressiveness,material_passivity,-0.004316402218531749,-0.00390965256624486
47,fe_ni_cr_threshold,tree_scm,ok,acidic_ph_aggressiveness,temperature_chloride_interaction,-0.29591211517466637,-0.3540616696536823
47,fe_ni_cr_threshold,tree_scm,ok,high_temperature_aggressiveness,log_chloride_aggressiveness,0.17429705755651242,0.14038674621989855
47,fe_ni_cr_threshold,tree_scm,ok,high_temperature_aggressiveness,material_passivity,-0.033810559473461295,-0.02409851517457166
47,fe_ni_cr_threshold,tree_scm,ok,high_temperature_aggressiveness,temperature_chloride_interaction,0.9551879308421687,0.9268512431790126
47,fe_ni_cr_threshold,tree_scm,ok,log_chloride_aggressiveness,material_passivity,-0.11576807548264173,-0.0884990660417088
47,fe_ni_cr_threshold,tree_scm,ok,log_chloride_aggressiveness,temperature_chloride_interaction,0.36706612117745785,0.37222346474301243
47,fe_ni_cr_threshold,tree_scm,ok,material_passivity,temperature_chloride_interaction,-0.05363509515380151,-0.056774154711350173
48,improved_environment,mlp_scm,ok,acidic_ph_aggressiveness,high_temperature_aggressiveness,-0.32805099465469045,-0.34215901080995154
48,improved_environment,mlp_scm,ok,acidic_ph_aggressiveness,log_chloride_aggressiveness,-0.19137281021987573,-0.05644519544820436
48,improved_environment,mlp_scm,ok,acidic_ph_aggressiveness,material_passivity,0.01842519304030189,-0.005420018631699151
48,improved_environment,mlp_scm,ok,acidic_ph_aggressiveness,temperature_chloride_interaction,-0.3209932091593527,-0.37264858625022224
48,improved_environment,mlp_scm,ok,high_temperature_aggressiveness,log_chloride_aggressiveness,0.1866308125596463,0.12721774690185467
48,improved_environment,mlp_scm,ok,high_temperature_aggressiveness,material_passivity,-0.011356246077829415,0.011306820331999588
48,improved_environment,mlp_scm,ok,high_temperature_aggressiveness,temperature_chloride_interaction,0.959391681194175,0.923021828636289
48,improved_environment,mlp_scm,ok,log_chloride_aggressiveness,material_passivity,-0.007593038508865878,0.03682796356267051
48,improved_environment,mlp_scm,ok,log_chloride_aggressiveness,temperature_chloride_interaction,0.36091289682106953,0.3734513639184167
48,improved_environment,mlp_scm,ok,material_passivity,temperature_chloride_interaction,-0.012686920175409247,0.008405186733846643
49,improved_environment,mlp_scm,ok,acidic_ph_aggressiveness,high_temperature_aggressiveness,-0.3827016144935784,-0.39830118378033785
49,improved_environment,mlp_scm,ok,acidic_ph_aggressiveness,log_chloride_aggressiveness,-0.16726086800577675,-0.05939058348779338
49,improved_environment,mlp_scm,ok,acidic_ph_aggressiveness,material_passivity,-0.003990233651016525,-0.0017291809456135628
49,improved_environment,mlp_scm,ok,acidic_ph_aggressiveness,temperature_chloride_interaction,-0.3678742632220505,-0.4202883565960229
49,improved_environment,mlp_scm,ok,high_temperature_aggressiveness,log_chloride_aggressiveness,0.19227341441646334,0.09548540865264837
49,improved_environment,mlp_scm,ok,high_temperature_aggressiveness,material_passivity,0.021675133386068714,0.010473015591165216
49,improved_environment,mlp_scm,ok,high_temperature_aggressiveness,temperature_chloride_interaction,0.958629930086534,0.9300875965350427
49,improved_environment,mlp_scm,ok,log_chloride_aggressiveness,material_passivity,0.019052349759395616,-0.01555097389557497
49,improved_environment,mlp_scm,ok,log_chloride_aggressiveness,temperature_chloride_interaction,0.3656318132041405,0.33211898246318666
49,improved_environment,mlp_scm,ok,material_passivity,temperature_chloride_interaction,0.024213341079640505,0.01261755840669169
50,improved_environment,mlp_scm,ok,acidic_ph_aggressiveness,high_temperature_aggressiveness,-0.34057859544387553,-0.35470007122401287
50,improved_environment,mlp_scm,ok,acidic_ph_aggressiveness,log_chloride_aggressiveness,-0.13640902686240397,0.035052802757467943
50,improved_environment,mlp_scm,ok,acidic_ph_aggressiveness,material_passivity,0.03306024094375451,0.018093431022057557
50,improved_environment,mlp_scm,ok,acidic_ph_aggressiveness,temperature_chloride_interaction,-0.31795508394187577,-0.35999886971340406
50,improved_environment,mlp_scm,ok,high_temperature_aggressiveness,log_chloride_aggressiveness,0.19918563194539485,0.096353411377254
50,improved_environment,mlp_scm,ok,high_temperature_aggressiveness,material_passivity,-0.012868739640704967,0.005824146472293361
50,improved_environment,mlp_scm,ok,high_temperature_aggressiveness,temperature_chloride_interaction,0.9626753319075222,0.9344203971757714
50,improved_environment,mlp_scm,ok,log_chloride_aggressiveness,material_passivity,-0.030674412013880204,-0.03321823152696635
50,improved_environment,mlp_scm,ok,log_chloride_aggressiveness,temperature_chloride_interaction,0.3645755099390461,0.3385389765651825
50,improved_environment,mlp_scm,ok,material_passivity,temperature_chloride_interaction,-0.02321393160114882,-0.006646593653760373
51,improved_environment,mlp_scm,ok,acidic_ph_aggressiveness,high_temperature_aggressiveness,-0.35288988459324006,-0.3860854435401139
51,improved_environment,mlp_scm,ok,acidic_ph_aggressiveness,log_chloride_aggressiveness,-0.17382666597089716,-0.056879489852045
51,improved_environment,mlp_scm,ok,acidic_ph_aggressiveness,material_passivity,0.05063851027210366,0.04808776454169549
51,improved_environment,mlp_scm,ok,acidic_ph_aggressiveness,temperature_chloride_interaction,-0.34499177564052436,-0.4059978082455042
51,improved_environment,mlp_scm,ok,high_temperature_aggressiveness,log_chloride_aggressiveness,0.2205902604616081,0.18018958669145868
51,improved_environment,mlp_scm,ok,high_temperature_aggressiveness,material_passivity,-0.04661756595260652,-0.05081216974209678
51,improved_environment,mlp_scm,ok,high_temperature_aggressiveness,temperature_chloride_interaction,0.9647265633993898,0.9285036226503441
51,improved_environment,mlp_scm,ok,log_chloride_aggressiveness,material_passivity,-0.020605524606512635,-0.003703514623407786
51,improved_environment,mlp_scm,ok,log_chloride_aggressiveness,temperature_chloride_interaction,0.37639052212132257,0.4132363668357197
51,improved_environment,mlp_scm,ok,material_passivity,temperature_chloride_interaction,-0.05225922732248868,-0.056049710682713534
52,improved_environment,mlp_scm,ok,acidic_ph_aggressiveness,high_temperature_aggressiveness,-0.32542893479047125,-0.3716062989174725
52,improved_environment,mlp_scm,ok,acidic_ph_aggressiveness,log_chloride_aggressiveness,-0.20360450905325556,-0.06210374277184329
52,improved_environment,mlp_scm,ok,acidic_ph_aggressiveness,material_passivity,-0.011024790651155972,-0.014595011644893047
52,improved_environment,mlp_scm,ok,acidic_ph_aggressiveness,temperature_chloride_interaction,-0.32573685056300045,-0.40256096486525816
52,improved_environment,mlp_scm,ok,high_temperature_aggressiveness,log_chloride_aggressiveness,0.1669578306835587,0.09672489318467582
52,improved_environment,mlp_scm,ok,high_temperature_aggressiveness,material_passivity,0.01959528007052851,0.02170263658366489
52,improved_environment,mlp_scm,ok,high_temperature_aggressiveness,temperature_chloride_interaction,0.9543893498927256,0.9110323558323065
52,improved_environment,mlp_scm,ok,log_chloride_aggressiveness,material_passivity,-0.03933790384769431,-0.0716278702466442
52,improved_environment,mlp_scm,ok,log_chloride_aggressiveness,temperature_chloride_interaction,0.3607094388294477,0.36047635448043397
52,improved_environment,mlp_scm,ok,material_passivity,temperature_chloride_interaction,0.01767587333567606,0.005853553288180866
53,improved_environment,mlp_scm,ok,acidic_ph_aggressiveness,high_temperature_aggressiveness,-0.35355642944591026,-0.39971455999402156
53,improved_environment,mlp_scm,ok,acidic_ph_aggressiveness,log_chloride_aggressiveness,-0.17877821110492154,-0.04570715995768351
53,improved_environment,mlp_scm,ok,acidic_ph_aggressiveness,material_passivity,0.04804569343740603,0.07510506995170553
53,improved_environment,mlp_scm,ok,acidic_ph_aggressiveness,temperature_chloride_interaction,-0.35275871056507463,-0.4142456438737413
53,improved_environment,mlp_scm,ok,high_temperature_aggressiveness,log_chloride_aggressiveness,0.2148642219935769,0.15764968647940863
53,improved_environment,mlp_scm,ok,high_temperature_aggressiveness,material_passivity,-0.02081451408739694,-0.024123426613314954
53,improved_environment,mlp_scm,ok,high_temperature_aggressiveness,temperature_chloride_interaction,0.9713244057619744,0.9417821613771418
53,improved_environment,mlp_scm,ok,log_chloride_aggressiveness,material_passivity,-0.008754687725616921,0.009243818020398316
53,improved_environment,mlp_scm,ok,log_chloride_aggressiveness,temperature_chloride_interaction,0.3615297233842488,0.37422542255096714
53,improved_environment,mlp_scm,ok,material_passivity,temperature_chloride_interaction,-0.025270121309915523,-0.02996821124817265
54,improved_environment,mlp_scm,ok,acidic_ph_aggressiveness,high_temperature_aggressiveness,-0.34032825179671966,-0.37607999087001376
54,improved_environment,mlp_scm,ok,acidic_ph_aggressiveness,log_chloride_aggressiveness,-0.17693658165106993,0.00024487592429174685
54,improved_environment,mlp_scm,ok,acidic_ph_aggressiveness,material_passivity,0.0184705696090018,0.02572587984857075
54,improved_environment,mlp_scm,ok,acidic_ph_aggressiveness,temperature_chloride_interaction,-0.32137354030590165,-0.3799870307351267
54,improved_environment,mlp_scm,ok,high_temperature_aggressiveness,log_chloride_aggressiveness,0.21926146421565018,0.13549177397951323
54,improved_environment,mlp_scm,ok,high_temperature_aggressiveness,material_passivity,-0.053616860798511586,-0.056593546255521585
54,improved_environment,mlp_scm,ok,high_temperature_aggressiveness,temperature_chloride_interaction,0.9661128417342942,0.934871402861532
54,improved_environment,mlp_scm,ok,log_chloride_aggressiveness,material_passivity,0.003035203079104535,0.0140073021340609
54,improved_environment,mlp_scm,ok,log_chloride_aggressiveness,temperature_chloride_interaction,0.3736233942475616,0.3678034293032332
54,improved_environment,mlp_scm,ok,material_passivity,temperature_chloride_interaction,-0.04254944752161614,-0.05616299720765514
55,improved_environment,mlp_scm,ok,acidic_ph_aggressiveness,high_temperature_aggressiveness,-0.33749623052478595,-0.37475089123048283
55,improved_environment,mlp_scm,ok,acidic_ph_aggressiveness,log_chloride_aggressiveness,-0.11398312525696232,-0.011801214939184084
55,improved_environment,mlp_scm,ok,acidic_ph_aggressiveness,material_passivity,-0.024594823523193008,-0.010861378229881279
55,improved_environment,mlp_scm,ok,acidic_ph_aggressiveness,temperature_chloride_interaction,-0.32692418973943993,-0.3864192760762929
55,improved_environment,mlp_scm,ok,high_temperature_aggressiveness,log_chloride_aggressiveness,0.18980392500384105,0.11593111976207432
55,improved_environment,mlp_scm,ok,high_temperature_aggressiveness,material_passivity,0.039312376706465695,0.030962538508266
55,improved_environment,mlp_scm,ok,high_temperature_aggressiveness,temperature_chloride_interaction,0.9622359986669489,0.9357865891760027
55,improved_environment,mlp_scm,ok,log_chloride_aggressiveness,material_passivity,0.04881844230868617,0.029954941801617875
55,improved_environment,mlp_scm,ok,log_chloride_aggressiveness,temperature_chloride_interaction,0.3525690241949424,0.33949607905807305
55,improved_environment,mlp_scm,ok,material_passivity,temperature_chloride_interaction,0.04463398067561586,0.03766510551982778
56,improved_environment,tree_scm,ok,acidic_ph_aggressiveness,high_temperature_aggressiveness,-0.34146109148528847,-0.37333632637405684
56,improved_environment,tree_scm,ok,acidic_ph_aggressiveness,log_chloride_aggressiveness,-0.15443018575307016,0.009164364030228713
56,improved_environment,tree_scm,ok,acidic_ph_aggressiveness,material_passivity,0.024071729930593404,0.0045487169256509166
56,improved_environment,tree_scm,ok,acidic_ph_aggressiveness,temperature_chloride_interaction,-0.3220526661421816,-0.37725258433738806
56,improved_environment,tree_scm,ok,high_temperature_aggressiveness,log_chloride_aggressiveness,0.18942055330052268,0.10924918998123126
56,improved_environment,tree_scm,ok,high_temperature_aggressiveness,material_passivity,-0.02817508414045056,-0.012364739980122571
56,improved_environment,tree_scm,ok,high_temperature_aggressiveness,temperature_chloride_interaction,0.9574182491143096,0.933819045942476
56,improved_environment,tree_scm,ok,log_chloride_aggressiveness,material_passivity,-0.03770385453689181,-0.020392277976578953
56,improved_environment,tree_scm,ok,log_chloride_aggressiveness,temperature_chloride_interaction,0.3682437400376621,0.3242586375154796
56,improved_environment,tree_scm,ok,material_passivity,temperature_chloride_interaction,-0.03267847829123386,-0.022783521180631247
57,improved_environment,tree_scm,ok,acidic_ph_aggressiveness,high_temperature_aggressiveness,-0.30844475474948124,-0.3368327272220714
57,improved_environment,tree_scm,ok,acidic_ph_aggressiveness,log_chloride_aggressiveness,-0.16636743036830767,-0.05137747036731572
57,improved_environment,tree_scm,ok,acidic_ph_aggressiveness,material_passivity,0.023174832547921066,0.03149055284339163
57,improved_environment,tree_scm,ok,acidic_ph_aggressiveness,temperature_chloride_interaction,-0.30325441766994315,-0.36200318439347684
57,improved_environment,tree_scm,ok,high_temperature_aggressiveness,log_chloride_aggressiveness,0.20260375856093235,0.1307273305216999
57,improved_environment,tree_scm,ok,high_temperature_aggressiveness,material_passivity,-0.014835302293410263,-0.015681963510002034
57,improved_environment,tree_scm,ok,high_temperature_aggressiveness,temperature_chloride_interaction,0.96437505627727,0.9379622985732612
57,improved_environment,tree_scm,ok,log_chloride_aggressiveness,material_passivity,0.03555544516685046,0.05507361835545752
57,improved_environment,tree_scm,ok,log_chloride_aggressiveness,temperature_chloride_interaction,0.36145507273290123,0.3555360657524267
57,improved_environment,tree_scm,ok,material_passivity,temperature_chloride_interaction,-0.000190359266677477,-0.0017539017551534528
58,improved_environment,tree_scm,ok,acidic_ph_aggressiveness,high_temperature_aggressiveness,-0.3295693797149767,-0.38050343760953914
58,improved_environment,tree_scm,ok,acidic_ph_aggressiveness,log_chloride_aggressiveness,-0.2187224757028541,-0.06856414318759071
58,improved_environment,tree_scm,ok,acidic_ph_aggressiveness,material_passivity,-0.0020178907695252955,0.00936817011179387
58,improved_environment,tree_scm,ok,acidic_ph_aggressiveness,temperature_chloride_interaction,-0.3270835106593961,-0.408338037974226
58,improved_environment,tree_scm,ok,high_temperature_aggressiveness,log_chloride_aggressiveness,0.23021205057089314,0.1316599463002701
58,improved_environment,tree_scm,ok,high_temperature_aggressiveness,material_passivity,0.0008447742984191274,0.0016940340132231729
58,improved_environment,tree_scm,ok,high_temperature_aggressiveness,temperature_chloride_interaction,0.9737114374571313,0.9388724022379366
58,improved_environment,tree_scm,ok,log_chloride_aggressiveness,material_passivity,0.017351799403113693,0.03188910276191586
58,improved_environment,tree_scm,ok,log_chloride_aggressiveness,temperature_chloride_interaction,0.35965070515999953,0.3627291808759553
58,improved_environment,tree_scm,ok,material_passivity,temperature_chloride_interaction,0.001600899075333753,0.01570765040246684
59,improved_environment,tree_scm,ok,acidic_ph_aggressiveness,high_temperature_aggressiveness,-0.36350219974342207,-0.4009094371640297
59,improved_environment,tree_scm,ok,acidic_ph_aggressiveness,log_chloride_aggressiveness,-0.16503867905876207,-0.028876730897169457
59,improved_environment,tree_scm,ok,acidic_ph_aggressiveness,material_passivity,0.02774556232884101,0.027982425524780155
59,improved_environment,tree_scm,ok,acidic_ph_aggressiveness,temperature_chloride_interaction,-0.34702832324490523,-0.40915192721894744
59,improved_environment,tree_scm,ok,high_temperature_aggressiveness,log_chloride_aggressiveness,0.22192707404083314,0.14704486806454917
59,improved_environment,tree_scm,ok,high_temperature_aggressiveness,material_passivity,-0.030868281647763923,-0.025216223816723653
59,improved_environment,tree_scm,ok,high_temperature_aggressiveness,temperature_chloride_interaction,0.9695667893760495,0.9411565188524902
59,improved_environment,tree_scm,ok,log_chloride_aggressiveness,material_passivity,0.0019588334271635785,0.012614829078848309
59,improved_environment,tree_scm,ok,log_chloride_aggressiveness,temperature_chloride_interaction,0.3604711628991814,0.36835469536181104
59,improved_environment,tree_scm,ok,material_passivity,temperature_chloride_interaction,-0.02315801978159315,-0.014069772330780009
60,improved_environment,tree_scm,ok,acidic_ph_aggressiveness,high_temperature_aggressiveness,-0.3490817607850072,-0.3751713154694002
60,improved_environment,tree_scm,ok,acidic_ph_aggressiveness,log_chloride_aggressiveness,-0.23086396251265826,-0.05501885522664597
60,improved_environment,tree_scm,ok,acidic_ph_aggressiveness,material_passivity,-0.0045966591165652855,0.016096456417834623
60,improved_environment,tree_scm,ok,acidic_ph_aggressiveness,temperature_chloride_interaction,-0.35253479436604035,-0.4071465785611969
60,improved_environment,tree_scm,ok,high_temperature_aggressiveness,log_chloride_aggressiveness,0.233403790978578,0.12737586537531997
60,improved_environment,tree_scm,ok,high_temperature_aggressiveness,material_passivity,-0.03304921073391047,-0.04339600219456042
60,improved_environment,tree_scm,ok,high_temperature_aggressiveness,temperature_chloride_interaction,0.967432746902492,0.9367842092588712
60,improved_environment,tree_scm,ok,log_chloride_aggressiveness,material_passivity,0.005047094943143544,0.011874685382987955
60,improved_environment,tree_scm,ok,log_chloride_aggressiveness,temperature_chloride_interaction,0.380984215757713,0.3552749767065632
60,improved_environment,tree_scm,ok,material_passivity,temperature_chloride_interaction,-0.024545888149622344,-0.031093792157291814
61,improved_environment,tree_scm,ok,acidic_ph_aggressiveness,high_temperature_aggressiveness,-0.37773379358281384,-0.4160708771395753
61,improved_environment,tree_scm,ok,acidic_ph_aggressiveness,log_chloride_aggressiveness,-0.2294232434156362,-0.08840558446850305
61,improved_environment,tree_scm,ok,acidic_ph_aggressiveness,material_passivity,-0.010990987615760096,0.007168224041104705
61,improved_environment,tree_scm,ok,acidic_ph_aggressiveness,temperature_chloride_interaction,-0.3662770200410551,-0.4348056590333694
61,improved_environment,tree_scm,ok,high_temperature_aggressiveness,log_chloride_aggressiveness,0.21634464050137445,0.1474720267926061
61,improved_environment,tree_scm,ok,high_temperature_aggressiveness,material_passivity,-0.003076056095763325,-0.012415204538275954
61,improved_environment,tree_scm,ok,high_temperature_aggressiveness,temperature_chloride_interaction,0.967941175002951,0.9385935591608874
61,improved_environment,tree_scm,ok,log_chloride_aggressiveness,material_passivity,0.021260999360010305,0.015464038597922124
61,improved_environment,tree_scm,ok,log_chloride_aggressiveness,temperature_chloride_interaction,0.36788494943146804,0.3726112056193731
61,improved_environment,tree_scm,ok,material_passivity,temperature_chloride_interaction,-0.007838722167789188,-0.005527734852356055
62,improved_environment,tree_scm,ok,acidic_ph_aggressiveness,high_temperature_aggressiveness,-0.33972203695087705,-0.3671016058936907
62,improved_environment,tree_scm,ok,acidic_ph_aggressiveness,log_chloride_aggressiveness,-0.15951241213284534,-0.03277358787915457
62,improved_environment,tree_scm,ok,acidic_ph_aggressiveness,material_passivity,-0.012142794168983697,-0.03704412292077626
62,improved_environment,tree_scm,ok,acidic_ph_aggressiveness,temperature_chloride_interaction,-0.33378875769474786,-0.3845184698755208
62,improved_environment,tree_scm,ok,high_temperature_aggressiveness,log_chloride_aggressiveness,0.22335467256139835,0.10561135208798625
62,improved_environment,tree_scm,ok,high_temperature_aggressiveness,material_passivity,0.03125277568676132,0.025617733466707843
62,improved_environment,tree_scm,ok,high_temperature_aggressiveness,temperature_chloride_interaction,0.9727358350685311,0.9405588743036637
62,improved_environment,tree_scm,ok,log_chloride_aggressiveness,material_passivity,0.004349697535986655,0.029247542177415053
62,improved_environment,tree_scm,ok,log_chloride_aggressiveness,temperature_chloride_interaction,0.3564361449804674,0.3305615744595906
62,improved_environment,tree_scm,ok,material_passivity,temperature_chloride_interaction,0.026846770149547897,0.03413704418930024
63,improved_environment,tree_scm,ok,acidic_ph_aggressiveness,high_temperature_aggressiveness,-0.3088621037753634,-0.3453661601206118
63,improved_environment,tree_scm,ok,acidic_ph_aggressiveness,log_chloride_aggressiveness,-0.14160105396353118,-0.037840070458824426
63,improved_environment,tree_scm,ok,acidic_ph_aggressiveness,material_passivity,0.031558699380499655,-0.009491130452675963
63,improved_environment,tree_scm,ok,acidic_ph_aggressiveness,temperature_chloride_interaction,-0.3009915287629226,-0.35656609542649603
63,improved_environment,tree_scm,ok,high_temperature_aggressiveness,log_chloride_aggressiveness,0.2154424707214541,0.14471772021959656
63,improved_environment,tree_scm,ok,high_temperature_aggressiveness,material_passivity,0.0068931678560499934,0.010565794570683849
63,improved_environment,tree_scm,ok,high_temperature_aggressiveness,temperature_chloride_interaction,0.962518479033725,0.9361977584075037
63,improved_environment,tree_scm,ok,log_chloride_aggressiveness,material_passivity,-0.0008355850683269292,-0.008908774902655963
63,improved_environment,tree_scm,ok,log_chloride_aggressiveness,temperature_chloride_interaction,0.36791517583747274,0.35680498402012956
63,improved_environment,tree_scm,ok,material_passivity,temperature_chloride_interaction,0.009256871732954468,0.010649785178924554
64,method_aware,mlp_scm,ok,environment_aggressiveness,material_chloride_interaction,0.5486831433955345,0.3589473875089813
64,method_aware,mlp_scm,ok,environment_aggressiveness,material_passivity,-0.021924384641043973,-0.05894907695048831
64,method_aware,mlp_scm,ok,environment_aggressiveness,temperature_chloride_interaction,0.5870179079018013,0.6057823741548694
64,method_aware,mlp_scm,ok,environment_aggressiveness,test_method_correction,0.15505448650796,0.23806336386645668
64,method_aware,mlp_scm,ok,material_chloride_interaction,material_passivity,0.7760637125931666,0.810288764691503
64,method_aware,mlp_scm,ok,material_chloride_interaction,temperature_chloride_interaction,0.3083957786288165,0.25536625805364366
64,method_aware,mlp_scm,ok,material_chloride_interaction,test_method_correction,0.06771468350211832,0.07407246186986993
64,method_aware,mlp_scm,ok,material_passivity,temperature_chloride_interaction,-0.01735698124761802,-0.013676229730171149
64,method_aware,mlp_scm,ok,material_passivity,test_method_correction,-0.012787614673611104,-0.01936780198230582
64,method_aware,mlp_scm,ok,temperature_chloride_interaction,test_method_correction,0.362214385032833,0.26118517923631257
65,method_aware,mlp_scm,ok,environment_aggressiveness,material_chloride_interaction,0.6154732239195659,0.41887554137479843
65,method_aware,mlp_scm,ok,environment_aggressiveness,material_passivity,0.0351553884491418,0.0195662968120676
65,method_aware,mlp_scm,ok,environment_aggressiveness,temperature_chloride_interaction,0.5972403128864623,0.647307586635807
65,method_aware,mlp_scm,ok,environment_aggressiveness,test_method_correction,0.19255778101206153,0.2276437078840924
65,method_aware,mlp_scm,ok,material_chloride_interaction,material_passivity,0.7556308082415498,0.8112484964177595
65,method_aware,mlp_scm,ok,material_chloride_interaction,temperature_chloride_interaction,0.3668951213988534,0.3019434850705109
65,method_aware,mlp_scm,ok,material_chloride_interaction,test_method_correction,0.12210642570056464,0.12915062546132416
65,method_aware,mlp_scm,ok,material_passivity,temperature_chloride_interaction,0.035198443463888694,0.024676940162241368
65,method_aware,mlp_scm,ok,material_passivity,test_method_correction,-0.009140977580664848,-0.01263249966143802
65,method_aware,mlp_scm,ok,temperature_chloride_interaction,test_method_correction,0.08269867539265979,0.07292070622835246
66,method_aware,mlp_scm,ok,environment_aggressiveness,material_chloride_interaction,0.5470047110526713,0.3658751583860027
66,method_aware,mlp_scm,ok,environment_aggressiveness,material_passivity,-0.03228440568805725,-0.037291479330993145
66,method_aware,mlp_scm,ok,environment_aggressiveness,temperature_chloride_interaction,0.594662824464505,0.6111662305388512
66,method_aware,mlp_scm,ok,environment_aggressiveness,test_method_correction,0.18241461390687455,0.2145764718577826
66,method_aware,mlp_scm,ok,material_chloride_interaction,material_passivity,0.7720748358814556,0.8117063224197124
66,method_aware,mlp_scm,ok,material_chloride_interaction,temperature_chloride_interaction,0.3255813778224377,0.27059184191729535
66,method_aware,mlp_scm,ok,material_chloride_interaction,test_method_correction,0.10078244545896475,0.09111582425456093
66,method_aware,mlp_scm,ok,material_passivity,temperature_chloride_interaction,0.0011937087128441523,0.0012906266473937333
66,method_aware,mlp_scm,ok,material_passivity,test_method_correction,-0.016682479995323147,-0.019258402574784835
66,method_aware,mlp_scm,ok,temperature_chloride_interaction,test_method_correction,-0.017786605573016943,-0.049692274892530995
67,method_aware,mlp_scm,ok,environment_aggressiveness,material_chloride_interaction,0.5939720746020283,0.4133945025071036
67,method_aware,mlp_scm,ok,environment_aggressiveness,material_passivity,0.021828045014383027,0.020206007931699427
67,method_aware,mlp_scm,ok,environment_aggressiveness,temperature_chloride_interaction,0.5884090021474069,0.6398895860513768
67,method_aware,mlp_scm,ok,environment_aggressiveness,test_method_correction,0.014180528494295614,0.16299166883555805
67,method_aware,mlp_scm,ok,material_chloride_interaction,material_passivity,0.7721109062546193,0.8207648828451064
67,method_aware,mlp_scm,ok,material_chloride_interaction,temperature_chloride_interaction,0.2967293429203788,0.24490569711477564
67,method_aware,mlp_scm,ok,material_chloride_interaction,test_method_correction,0.023547592235490973,0.055142022076403466
67,method_aware,mlp_scm,ok,material_passivity,temperature_chloride_interaction,-0.02166694239064611,-0.017919797167121453
67,method_aware,mlp_scm,ok,material_passivity,test_method_correction,0.03895591547832681,0.02781541513959986
67,method_aware,mlp_scm,ok,temperature_chloride_interaction,test_method_correction,0.2055511223611659,0.23659299339097914
68,method_aware,mlp_scm,ok,environment_aggressiveness,material_chloride_interaction,0.5820234729928637,0.3958510021448989
68,method_aware,mlp_scm,ok,environment_aggressiveness,material_passivity,0.005624216756016762,0.004486685191446564
68,method_aware,mlp_scm,ok,environment_aggressiveness,temperature_chloride_interaction,0.5903408826464844,0.6279949528092188
68,method_aware,mlp_scm,ok,environment_aggressiveness,test_method_correction,-0.0785419240135398,-0.05178923182572826
68,method_aware,mlp_scm,ok,material_chloride_interaction,material_passivity,0.772255417474421,0.8324263011020858
68,method_aware,mlp_scm,ok,material_chloride_interaction,temperature_chloride_interaction,0.3112923095729656,0.24036576886932867
68,method_aware,mlp_scm,ok,material_chloride_interaction,test_method_correction,-0.030278315003603958,-0.027479841187257572
68,method_aware,mlp_scm,ok,material_passivity,temperature_chloride_interaction,-0.014157470363375096,-0.016413622841440684
68,method_aware,mlp_scm,ok,material_passivity,test_method_correction,0.01550734352970974,0.010867645325471282
68,method_aware,mlp_scm,ok,temperature_chloride_interaction,test_method_correction,-0.006281950148373384,-0.11573942354270646
69,method_aware,mlp_scm,ok,environment_aggressiveness,material_chloride_interaction,0.5697709254147854,0.3804272856838293
69,method_aware,mlp_scm,ok,environment_aggressiveness,material_passivity,-0.03596248881727854,-0.036396612882734554
69,method_aware,mlp_scm,ok,environment_aggressiveness,temperature_chloride_interaction,0.5968501905960141,0.6200821464297059
69,method_aware,mlp_scm,ok,environment_aggressiveness,test_method_correction,-0.11139795094433101,-0.14228603812372673
69,method_aware,mlp_scm,ok,material_chloride_interaction,material_passivity,0.752634837341323,0.802956551566587
69,method_aware,mlp_scm,ok,material_chloride_interaction,temperature_chloride_interaction,0.3278543358644082,0.2783678524319407
69,method_aware,mlp_scm,ok,material_chloride_interaction,test_method_correction,-0.0290429063100502,-0.030906653948716462
69,method_aware,mlp_scm,ok,material_passivity,temperature_chloride_interaction,-0.013433312564220708,0.0029908554574818434
69,method_aware,mlp_scm,ok,material_passivity,test_method_correction,0.034333199641913205,0.019651975993345602
69,method_aware,mlp_scm,ok,temperature_chloride_interaction,test_method_correction,-0.015160504230365492,0.11687732028563774
70,method_aware,mlp_scm,ok,environment_aggressiveness,material_chloride_interaction,0.603879305364239,0.3902369251594331
70,method_aware,mlp_scm,ok,environment_aggressiveness,material_passivity,0.041090382654809514,0.015004015060225018
70,method_aware,mlp_scm,ok,environment_aggressiveness,temperature_chloride_interaction,0.5924388815967998,0.6483194091635808
70,method_aware,mlp_scm,ok,environment_aggressiveness,test_method_correction,0.1544543354972288,0.270666591002908
70,method_aware,mlp_scm,ok,material_chloride_interaction,material_passivity,0.7732519093816672,0.8302649880593109
70,method_aware,mlp_scm,ok,material_chloride_interaction,temperature_chloride_interaction,0.34844617303327247,0.2792127173280521
70,method_aware,mlp_scm,ok,material_chloride_interaction,test_method_correction,0.08307107709751556,0.0892013108096806
70,method_aware,mlp_scm,ok,material_passivity,temperature_chloride_interaction,0.025897684207164966,0.022915699621327626
70,method_aware,mlp_scm,ok,material_passivity,test_method_correction,0.00433221072796443,0.004362333146254911
70,method_aware,mlp_scm,ok,temperature_chloride_interaction,test_method_correction,0.1719410420481357,0.11327227495225976
71,method_aware,mlp_scm,ok,environment_aggressiveness,material_chloride_interaction,0.5865299637705141,0.4003647358473874
71,method_aware,mlp_scm,ok,environment_aggressiveness,material_passivity,-0.02020663046063398,-0.01966109761466025
71,method_aware,mlp_scm,ok,environment_aggressiveness,temperature_chloride_interaction,0.5751536240654616,0.5784889351642781
71,method_aware,mlp_scm,ok,environment_aggressiveness,test_method_correction,0.24135638822672092,0.25379434699222253
71,method_aware,mlp_scm,ok,material_chloride_interaction,material_passivity,0.7516492191299796,0.8045004347543665
71,method_aware,mlp_scm,ok,material_chloride_interaction,temperature_chloride_interaction,0.3169789789226869,0.2558142295204892
71,method_aware,mlp_scm,ok,material_chloride_interaction,test_method_correction,0.14346815641721164,0.10406441561859135
71,method_aware,mlp_scm,ok,material_passivity,temperature_chloride_interaction,-0.01079073119965195,-0.012592676121899253
71,method_aware,mlp_scm,ok,material_passivity,test_method_correction,0.020456724866335672,0.00028949141231656567
71,method_aware,mlp_scm,ok,temperature_chloride_interaction,test_method_correction,-0.04036460204456888,-0.20478838882178332
72,method_aware,tree_scm,ok,environment_aggressiveness,material_chloride_interaction,0.5914119731301366,0.38187326907988395
72,method_aware,tree_scm,ok,environment_aggressiveness,material_passivity,-0.005734306897036347,-0.030155397442819722
72,method_aware,tree_scm,ok,environment_aggressiveness,temperature_chloride_interaction,0.5942120654356141,0.6250192660644799
72,method_aware,tree_scm,ok,environment_aggressiveness,test_method_correction,0.16970356311923337,0.15442295215882676
72,method_aware,tree_scm,ok,material_chloride_interaction,material_passivity,0.7498453244622905,0.8065858867049412
72,method_aware,tree_scm,ok,material_chloride_interaction,temperature_chloride_interaction,0.323379146755318,0.2633091127077041
72,method_aware,tree_scm,ok,material_chloride_interaction,test_method_correction,0.08544753041170446,0.08317511732153011
72,method_aware,tree_scm,ok,material_passivity,temperature_chloride_interaction,-0.010917235722790188,0.0001282304318401724
72,method_aware,tree_scm,ok,material_passivity,test_method_correction,-0.013745878171425538,-0.024508068967677602
72,method_aware,tree_scm,ok,temperature_chloride_interaction,test_method_correction,0.02068367090424325,0.14169694706575506
73,method_aware,tree_scm,ok,environment_aggressiveness,material_chloride_interaction,0.5533760673021549,0.38004106588400377
73,method_aware,tree_scm,ok,environment_aggressiveness,material_passivity,-0.018729235455243094,-0.039959354578378056
73,method_aware,tree_scm,ok,environment_aggressiveness,temperature_chloride_interaction,0.5873163786744519,0.657995849923719
73,method_aware,tree_scm,ok,environment_aggressiveness,test_method_correction,-0.10831069369248478,-0.18395815960924175
73,method_aware,tree_scm,ok,material_chloride_interaction,material_passivity,0.7766986985046415,0.8107423636702037
73,method_aware,tree_scm,ok,material_chloride_interaction,temperature_chloride_interaction,0.28238056932782585,0.23978736991801652
73,method_aware,tree_scm,ok,material_chloride_interaction,test_method_correction,-0.06939806655645969,-0.05619614079798462
73,method_aware,tree_scm,ok,material_passivity,temperature_chloride_interaction,-0.03995868727531715,-0.03246490098196136
73,method_aware,tree_scm,ok,material_passivity,test_method_correction,0.0015830216698483812,0.01555602126154761
73,method_aware,tree_scm,ok,temperature_chloride_interaction,test_method_correction,0.06619825085752874,0.008654819256669763
74,method_aware,tree_scm,ok,environment_aggressiveness,material_chloride_interaction,0.5741012309370606,0.377527785327506
74,method_aware,tree_scm,ok,environment_aggressiveness,material_passivity,0.017124849635677255,0.003964954116426326
74,method_aware,tree_scm,ok,environment_aggressiveness,temperature_chloride_interaction,0.6049901947150874,0.6537126432100887
74,method_aware,tree_scm,ok,environment_aggressiveness,test_method_correction,-0.03181819099560826,-0.09012991654115948
74,method_aware,tree_scm,ok,material_chloride_interaction,material_passivity,0.7854560987587564,0.835965607342107
74,method_aware,tree_scm,ok,material_chloride_interaction,temperature_chloride_interaction,0.2996219407156397,0.2358443848329751
74,method_aware,tree_scm,ok,material_chloride_interaction,test_method_correction,-0.04595397251455491,-0.03661799935125911
74,method_aware,tree_scm,ok,material_passivity,temperature_chloride_interaction,-0.033266928914384784,-0.027177564475996955
74,method_aware,tree_scm,ok,material_passivity,test_method_correction,-0.005138874081618057,-0.0008164787258529124
74,method_aware,tree_scm,ok,temperature_chloride_interaction,test_method_correction,-0.07310965053788943,-0.12207876932246595
75,method_aware,tree_scm,ok,environment_aggressiveness,material_chloride_interaction,0.5815116245399553,0.401140108056384
75,method_aware,tree_scm,ok,environment_aggressiveness,material_passivity,0.021986674494479993,0.003562594429978153
75,method_aware,tree_scm,ok,environment_aggressiveness,temperature_chloride_interaction,0.5969144448124161,0.6104015580748324
75,method_aware,tree_scm,ok,environment_aggressiveness,test_method_correction,0.07379869852750455,0.2126418967831718
75,method_aware,tree_scm,ok,material_chloride_interaction,material_passivity,0.7809450001892575,0.8208423464145795
75,method_aware,tree_scm,ok,material_chloride_interaction,temperature_chloride_interaction,0.3272483180483049,0.26379715264723935
75,method_aware,tree_scm,ok,material_chloride_interaction,test_method_correction,0.056483352954311845,0.07579567764834887
75,method_aware,tree_scm,ok,material_passivity,temperature_chloride_interaction,0.008726507876259478,-0.0027714130198137586
75,method_aware,tree_scm,ok,material_passivity,test_method_correction,0.008178277465815086,0.013630588502679881
75,method_aware,tree_scm,ok,temperature_chloride_interaction,test_method_correction,0.0005904482059551667,-8.07204632640212e-05
76,method_aware,tree_scm,ok,environment_aggressiveness,material_chloride_interaction,0.6072406732003126,0.4024021223948415
76,method_aware,tree_scm,ok,environment_aggressiveness,material_passivity,-0.02480196837104586,-0.010775289593124484
76,method_aware,tree_scm,ok,environment_aggressiveness,temperature_chloride_interaction,0.6099402777015753,0.663348785305375
76,method_aware,tree_scm,ok,environment_aggressiveness,test_method_correction,-0.029310196481389807,-0.0473315445148485
76,method_aware,tree_scm,ok,material_chloride_interaction,material_passivity,0.7343364821152337,0.7936274754399595
76,method_aware,tree_scm,ok,material_chloride_interaction,temperature_chloride_interaction,0.38758012680402326,0.3234036358123765
76,method_aware,tree_scm,ok,material_chloride_interaction,test_method_correction,-0.027879561641737858,-0.03186891768363441
76,method_aware,tree_scm,ok,material_passivity,temperature_chloride_interaction,0.02240780833003937,0.0168552962781387
76,method_aware,tree_scm,ok,material_passivity,test_method_correction,-0.018757567649006136,-0.01969394004862422
76,method_aware,tree_scm,ok,temperature_chloride_interaction,test_method_correction,-0.12537364544380636,-0.16365909356809216
77,method_aware,tree_scm,ok,environment_aggressiveness,material_chloride_interaction,0.5958775443444316,0.4406417250900427
77,method_aware,tree_scm,ok,environment_aggressiveness,material_passivity,0.03941573141865354,0.06580639647854648
77,method_aware,tree_scm,ok,environment_aggressiveness,temperature_chloride_interaction,0.6093918012086443,0.6613698272742043
77,method_aware,tree_scm,ok,environment_aggressiveness,test_method_correction,-0.07651600935146002,-0.16313637144532134
77,method_aware,tree_scm,ok,material_chloride_interaction,material_passivity,0.7830155227911316,0.8318602734024723
77,method_aware,tree_scm,ok,material_chloride_interaction,temperature_chloride_interaction,0.3340043900838626,0.2924384661774613
77,method_aware,tree_scm,ok,material_chloride_interaction,test_method_correction,-0.010046301110493976,-0.01704242450154089
77,method_aware,tree_scm,ok,material_passivity,temperature_chloride_interaction,0.012206878237044664,0.030863507627338433
77,method_aware,tree_scm,ok,material_passivity,test_method_correction,0.03632323300334194,0.03925614240618662
77,method_aware,tree_scm,ok,temperature_chloride_interaction,test_method_correction,-0.054237225364213104,-0.022091898864740257
78,method_aware,tree_scm,ok,environment_aggressiveness,material_chloride_interaction,0.583191526197401,0.36429264994969984
78,method_aware,tree_scm,ok,environment_aggressiveness,material_passivity,-0.011003743041267075,-0.03289901730761027
78,method_aware,tree_scm,ok,environment_aggressiveness,temperature_chloride_interaction,0.597898018066369,0.6303773927330935
78,method_aware,tree_scm,ok,environment_aggressiveness,test_method_correction,0.1539214608411947,0.2753813911954596
78,method_aware,tree_scm,ok,material_chloride_interaction,material_passivity,0.7589819490509674,0.819060892482967
78,method_aware,tree_scm,ok,material_chloride_interaction,temperature_chloride_interaction,0.3281970048716998,0.26529627268063144
78,method_aware,tree_scm,ok,material_chloride_interaction,test_method_correction,0.07392734800758007,0.07195199354162822
78,method_aware,tree_scm,ok,material_passivity,temperature_chloride_interaction,-0.015579690750763533,-0.00961150934846469
78,method_aware,tree_scm,ok,material_passivity,test_method_correction,-0.007696118295284894,9.667948367046955e-05
78,method_aware,tree_scm,ok,temperature_chloride_interaction,test_method_correction,0.10280581470947062,0.11459304440360549
79,method_aware,tree_scm,ok,environment_aggressiveness,material_chloride_interaction,0.5507561555802744,0.3932243844687537
79,method_aware,tree_scm,ok,environment_aggressiveness,material_passivity,-0.0007060206820192201,0.0037445710349214407
79,method_aware,tree_scm,ok,environment_aggressiveness,temperature_chloride_interaction,0.5663559237515048,0.58468972921834
79,method_aware,tree_scm,ok,environment_aggressiveness,test_method_correction,0.03361594175428083,0.022576415996198515
79,method_aware,tree_scm,ok,material_chloride_interaction,material_passivity,0.7882316597438499,0.8289073810799795
79,method_aware,tree_scm,ok,material_chloride_interaction,temperature_chloride_interaction,0.32681519416419325,0.2900932277549736
79,method_aware,tree_scm,ok,material_chloride_interaction,test_method_correction,0.0667348564590239,0.06259184049159512
79,method_aware,tree_scm,ok,material_passivity,temperature_chloride_interaction,0.03983220564174464,0.05018312048483912
79,method_aware,tree_scm,ok,material_passivity,test_method_correction,0.04274098700462418,0.03889122990323173
79,method_aware,tree_scm,ok,temperature_chloride_interaction,test_method_correction,0.25899892909186584,0.3545078837517241
80,pren_linear,mlp_scm,ok,environment_aggressiveness,material_chloride_interaction,0.6593782191265349,0.44362407786068125
80,pren_linear,mlp_scm,ok,environment_aggressiveness,material_passivity,-0.023380355874538693,-0.015708830750247833
80,pren_linear,mlp_scm,ok,material_chloride_interaction,material_passivity,0.6897262421613861,0.7657412719573267
81,pren_linear,mlp_scm,ok,environment_aggressiveness,material_chloride_interaction,0.6216153077128321,0.45546243895508376
81,pren_linear,mlp_scm,ok,environment_aggressiveness,material_passivity,-0.017121219106832408,-0.0026810892090680617
81,pren_linear,mlp_scm,ok,material_chloride_interaction,material_passivity,0.7268122476264813,0.7766706263281227
82,pren_linear,mlp_scm,ok,environment_aggressiveness,material_chloride_interaction,0.6487463160867686,0.46866226470744404
82,pren_linear,mlp_scm,ok,environment_aggressiveness,material_passivity,-0.005932923393649942,0.007234736475313642
82,pren_linear,mlp_scm,ok,material_chloride_interaction,material_passivity,0.7136961219159371,0.7780763206614304
83,pren_linear,mlp_scm,ok,environment_aggressiveness,material_chloride_interaction,0.5728922427605538,0.36954927288397144
83,pren_linear,mlp_scm,ok,environment_aggressiveness,material_passivity,-0.06246938179505455,-0.06997512401371195
83,pren_linear,mlp_scm,ok,material_chloride_interaction,material_passivity,0.734689872808558,0.7906140777847337
84,pren_linear,mlp_scm,ok,environment_aggressiveness,material_chloride_interaction,0.6098570514445438,0.4181796615905758
84,pren_linear,mlp_scm,ok,environment_aggressiveness,material_passivity,0.04624779511545862,0.02688006943301752
84,pren_linear,mlp_scm,ok,material_chloride_interaction,material_passivity,0.7704051742250932,0.8244915499843861
85,pren_linear,mlp_scm,ok,environment_aggressiveness,material_chloride_interaction,0.6325955909152464,0.4330196378643673
85,pren_linear,mlp_scm,ok,environment_aggressiveness,material_passivity,0.01591192967233071,0.024908123140775475
85,pren_linear,mlp_scm,ok,material_chloride_interaction,material_passivity,0.7356847628069713,0.8094352910818188
86,pren_linear,mlp_scm,ok,environment_aggressiveness,material_chloride_interaction,0.6303803428944738,0.44297433002245507
86,pren_linear,mlp_scm,ok,environment_aggressiveness,material_passivity,-0.024870990041933796,-0.02369673786554188
86,pren_linear,mlp_scm,ok,material_chloride_interaction,material_passivity,0.710265096651477,0.7616717737745385
87,pren_linear,mlp_scm,ok,environment_aggressiveness,material_chloride_interaction,0.6152750262246552,0.4488411856208515
87,pren_linear,mlp_scm,ok,environment_aggressiveness,material_passivity,0.039403900009859584,0.033905498916115974
87,pren_linear,mlp_scm,ok,material_chloride_interaction,material_passivity,0.7659782224470792,0.8040182401675103
88,pren_linear,tree_scm,ok,environment_aggressiveness,material_chloride_interaction,0.5967949805604421,0.406455082550474
88,pren_linear,tree_scm,ok,environment_aggressiveness,material_passivity,-0.003217818949189579,-0.011851740827488822
88,pren_linear,tree_scm,ok,material_chloride_interaction,material_passivity,0.7446509654038557,0.7958519206290557
89,pren_linear,tree_scm,ok,environment_aggressiveness,material_chloride_interaction,0.6079668044002694,0.39237816351767035
89,pren_linear,tree_scm,ok,environment_aggressiveness,material_passivity,-0.012238676695011538,-0.04092303067140057
89,pren_linear,tree_scm,ok,material_chloride_interaction,material_passivity,0.737684588605953,0.7858102989138843
90,pren_linear,tree_scm,ok,environment_aggressiveness,material_chloride_interaction,0.6190851709286118,0.4053082991263071
90,pren_linear,tree_scm,ok,environment_aggressiveness,material_passivity,-0.040262468301960015,-0.059523944565018354
90,pren_linear,tree_scm,ok,material_chloride_interaction,material_passivity,0.7150461769211736,0.780634174587143
91,pren_linear,tree_scm,ok,environment_aggressiveness,material_chloride_interaction,0.6100484184149184,0.45912390235052064
91,pren_linear,tree_scm,ok,environment_aggressiveness,material_passivity,0.013975151062155598,0.03206777649435347
91,pren_linear,tree_scm,ok,material_chloride_interaction,material_passivity,0.7524921652590001,0.7996544059563705
92,pren_linear,tree_scm,ok,environment_aggressiveness,material_chloride_interaction,0.6438038905746749,0.438205253996102
92,pren_linear,tree_scm,ok,environment_aggressiveness,material_passivity,0.0006782127596970733,0.025228340779143817
92,pren_linear,tree_scm,ok,material_chloride_interaction,material_passivity,0.7187863875717154,0.7926456741399993
93,pren_linear,tree_scm,ok,environment_aggressiveness,material_chloride_interaction,0.6418213807992086,0.4357933472949718
93,pren_linear,tree_scm,ok,environment_aggressiveness,material_passivity,-0.021255492734720893,-0.009593260956244283
93,pren_linear,tree_scm,ok,material_chloride_interaction,material_passivity,0.7069989916100485,0.7888546394675879
94,pren_linear,tree_scm,ok,environment_aggressiveness,material_chloride_interaction,0.5621390038937056,0.39462544040106995
94,pren_linear,tree_scm,ok,environment_aggressiveness,material_passivity,-0.00017857153386170306,-0.032552301706047386
94,pren_linear,tree_scm,ok,material_chloride_interaction,material_passivity,0.7853980377645794,0.8147704788504317
95,pren_linear,tree_scm,ok,environment_aggressiveness,material_chloride_interaction,0.6563426098387789,0.43728076453692155
95,pren_linear,tree_scm,ok,environment_aggressiveness,material_passivity,-0.018659705372112072,-0.0189280031409634
95,pren_linear,tree_scm,ok,material_chloride_interaction,material_passivity,0.6938406334842807,0.7712947506096213
96,threshold_saturation,mlp_scm,ok,environment_aggressiveness,material_chloride_interaction,0.5040569391315339,0.3612644438627967
96,threshold_saturation,mlp_scm,ok,environment_aggressiveness,material_passivity,0.006749651734002091,0.002130571407082421
96,threshold_saturation,mlp_scm,ok,environment_aggressiveness,temperature_chloride_interaction,0.5950288971807981,0.6348398107297071
96,threshold_saturation,mlp_scm,ok,material_chloride_interaction,material_passivity,0.8291847435252021,0.8390187547638701
96,threshold_saturation,mlp_scm,ok,material_chloride_interaction,temperature_chloride_interaction,0.3117989820347572,0.27238560914982046
96,threshold_saturation,mlp_scm,ok,material_passivity,temperature_chloride_interaction,0.02385397498481698,0.008895365254778501
97,threshold_saturation,mlp_scm,ok,environment_aggressiveness,material_chloride_interaction,0.49425875702988054,0.33511934767798707
97,threshold_saturation,mlp_scm,ok,environment_aggressiveness,material_passivity,0.0428998623076936,0.0017505468356246701
97,threshold_saturation,mlp_scm,ok,environment_aggressiveness,temperature_chloride_interaction,0.5740397651648552,0.5726352815013751
97,threshold_saturation,mlp_scm,ok,material_chloride_interaction,material_passivity,0.8514040485567989,0.8591169041914025
97,threshold_saturation,mlp_scm,ok,material_chloride_interaction,temperature_chloride_interaction,0.22470792562701628,0.17050420967259153
97,threshold_saturation,mlp_scm,ok,material_passivity,temperature_chloride_interaction,-0.02939811860747225,-0.05773435770755494
98,threshold_saturation,mlp_scm,ok,environment_aggressiveness,material_chloride_interaction,0.4848659711137338,0.310491370786906
98,threshold_saturation,mlp_scm,ok,environment_aggressiveness,material_passivity,-0.004101148332850228,-0.01846814396302207
98,threshold_saturation,mlp_scm,ok,environment_aggressiveness,temperature_chloride_interaction,0.5931609887879739,0.6648940478843041
98,threshold_saturation,mlp_scm,ok,material_chloride_interaction,material_passivity,0.8343460419555789,0.8554712278152323
98,threshold_saturation,mlp_scm,ok,material_chloride_interaction,temperature_chloride_interaction,0.2602348267859871,0.22458923797380229
98,threshold_saturation,mlp_scm,ok,material_passivity,temperature_chloride_interaction,-0.01832920192696276,-0.017342889424473523
99,threshold_saturation,mlp_scm,ok,environment_aggressiveness,material_chloride_interaction,0.5176827453253516,0.3514480831511014
99,threshold_saturation,mlp_scm,ok,environment_aggressiveness,material_passivity,0.02297090602800035,0.011104856371978748
99,threshold_saturation,mlp_scm,ok,environment_aggressiveness,temperature_chloride_interaction,0.6091023295893937,0.6338752026925607
99,threshold_saturation,mlp_scm,ok,material_chloride_interaction,material_passivity,0.8238676495091372,0.8428617189018263
99,threshold_saturation,mlp_scm,ok,material_chloride_interaction,temperature_chloride_interaction,0.2855178991382428,0.24232853104022553
99,threshold_saturation,mlp_scm,ok,material_passivity,temperature_chloride_interaction,-0.005403572876707932,-0.012825553274384635
100,threshold_saturation,mlp_scm,ok,environment_aggressiveness,material_chloride_interaction,0.5121064741304383,0.35170045854166987
100,threshold_saturation,mlp_scm,ok,environment_aggressiveness,material_passivity,-0.010150399372211141,0.00578930787498128
100,threshold_saturation,mlp_scm,ok,environment_aggressiveness,temperature_chloride_interaction,0.6044522009595686,0.6503703694985208
100,threshold_saturation,mlp_scm,ok,material_chloride_interaction,material_passivity,0.8111051294659223,0.8427340712118089
100,threshold_saturation,mlp_scm,ok,material_chloride_interaction,temperature_chloride_interaction,0.31398471585017707,0.2646724990692056
100,threshold_saturation,mlp_scm,ok,material_passivity,temperature_chloride_interaction,0.007189211343920511,0.011556311380994281
101,threshold_saturation,mlp_scm,ok,environment_aggressiveness,material_chloride_interaction,0.509181524103724,0.3317484444848961
101,threshold_saturation,mlp_scm,ok,environment_aggressiveness,material_passivity,-0.005152591607639041,-0.008108077343877477
101,threshold_saturation,mlp_scm,ok,environment_aggressiveness,temperature_chloride_interaction,0.6014880065574136,0.6792631421053017
101,threshold_saturation,mlp_scm,ok,material_chloride_interaction,material_passivity,0.814737325114338,0.8434661020915973
101,threshold_saturation,mlp_scm,ok,material_chloride_interaction,temperature_chloride_interaction,0.26956684944340076,0.23453684749485607
101,threshold_saturation,mlp_scm,ok,material_passivity,temperature_chloride_interaction,-0.02392855889751178,-0.02516643717765912
102,threshold_saturation,mlp_scm,ok,environment_aggressiveness,material_chloride_interaction,0.5168608360990007,0.3455050164056302
102,threshold_saturation,mlp_scm,ok,environment_aggressiveness,material_passivity,0.017594654901699883,-0.003438056068816678
102,threshold_saturation,mlp_scm,ok,environment_aggressiveness,temperature_chloride_interaction,0.6020599423569869,0.6341617361941813
102,threshold_saturation,mlp_scm,ok,material_chloride_interaction,material_passivity,0.8249590488309084,0.8414950058557179
102,threshold_saturation,mlp_scm,ok,material_chloride_interaction,temperature_chloride_interaction,0.29509966123014086,0.25425674408392374
102,threshold_saturation,mlp_scm,ok,material_passivity,temperature_chloride_interaction,0.009748304535853338,-0.0020206693146197015
103,threshold_saturation,mlp_scm,ok,environment_aggressiveness,material_chloride_interaction,0.5086959474535651,0.3576767111230911
103,threshold_saturation,mlp_scm,ok,environment_aggressiveness,material_passivity,-0.020296210260065325,-0.006744987196717939
103,threshold_saturation,mlp_scm,ok,environment_aggressiveness,temperature_chloride_interaction,0.5882703221653717,0.6363567064185817
103,threshold_saturation,mlp_scm,ok,material_chloride_interaction,material_passivity,0.8104937626840522,0.8295502224242125
103,threshold_saturation,mlp_scm,ok,material_chloride_interaction,temperature_chloride_interaction,0.31532406797927975,0.27146901531616213
103,threshold_saturation,mlp_scm,ok,material_passivity,temperature_chloride_interaction,0.023282451016050115,0.008560303040613336
104,threshold_saturation,tree_scm,ok,environment_aggressiveness,material_chloride_interaction,0.5305933035469377,0.3652848491121427
104,threshold_saturation,tree_scm,ok,environment_aggressiveness,material_passivity,0.047938974528085876,0.02807677831509343
104,threshold_saturation,tree_scm,ok,environment_aggressiveness,temperature_chloride_interaction,0.618027976150122,0.660490560668911
104,threshold_saturation,tree_scm,ok,material_chloride_interaction,material_passivity,0.8330168789195613,0.8483907927734258
104,threshold_saturation,tree_scm,ok,material_chloride_interaction,temperature_chloride_interaction,0.30740997975312434,0.285347998868302
104,threshold_saturation,tree_scm,ok,material_passivity,temperature_chloride_interaction,0.018446500721294685,0.0293815505058902
105,threshold_saturation,tree_scm,ok,environment_aggressiveness,material_chloride_interaction,0.5116156355300415,0.39791753664654866
105,threshold_saturation,tree_scm,ok,environment_aggressiveness,material_passivity,0.02085901006185167,0.06658605655035567
105,threshold_saturation,tree_scm,ok,environment_aggressiveness,temperature_chloride_interaction,0.5888256240389982,0.6546906913825722
105,threshold_saturation,tree_scm,ok,material_chloride_interaction,material_passivity,0.8349707855831008,0.8551025575469865
105,threshold_saturation,tree_scm,ok,material_chloride_interaction,temperature_chloride_interaction,0.3063372982134326,0.26359428935474977
105,threshold_saturation,tree_scm,ok,material_passivity,temperature_chloride_interaction,0.03299668966905631,0.02983010279384948
106,threshold_saturation,tree_scm,ok,environment_aggressiveness,material_chloride_interaction,0.5015046947900852,0.34825658911442003
106,threshold_saturation,tree_scm,ok,environment_aggressiveness,material_passivity,-0.02920506922036703,-0.030626905903430725
106,threshold_saturation,tree_scm,ok,environment_aggressiveness,temperature_chloride_interaction,0.5997785280172919,0.6501840281221342
106,threshold_saturation,tree_scm,ok,material_chloride_interaction,material_passivity,0.8104627174509463,0.8244059118481146
106,threshold_saturation,tree_scm,ok,material_chloride_interaction,temperature_chloride_interaction,0.26645931696726727,0.24532287286290055
106,threshold_saturation,tree_scm,ok,material_passivity,temperature_chloride_interaction,-0.04110289434297513,-0.024987333685231972
107,threshold_saturation,tree_scm,ok,environment_aggressiveness,material_chloride_interaction,0.5178082160842161,0.37797206974710135
107,threshold_saturation,tree_scm,ok,environment_aggressiveness,material_passivity,0.03426352521356869,0.029152317206308575
107,threshold_saturation,tree_scm,ok,environment_aggressiveness,temperature_chloride_interaction,0.5998777046634551,0.6427426557364196
107,threshold_saturation,tree_scm,ok,material_chloride_interaction,material_passivity,0.8321914581342926,0.8428231588760561
107,threshold_saturation,tree_scm,ok,material_chloride_interaction,temperature_chloride_interaction,0.294338858767818,0.25598567483348106
107,threshold_saturation,tree_scm,ok,material_passivity,temperature_chloride_interaction,0.016178820256992393,0.006695752510863717
108,threshold_saturation,tree_scm,ok,environment_aggressiveness,material_chloride_interaction,0.5197644871376281,0.33575593011151683
108,threshold_saturation,tree_scm,ok,environment_aggressiveness,material_passivity,-0.04542411024852321,-0.029379862275019965
108,threshold_saturation,tree_scm,ok,environment_aggressiveness,temperature_chloride_interaction,0.6048505220562743,0.6588931228103021
108,threshold_saturation,tree_scm,ok,material_chloride_interaction,material_passivity,0.7856016870704796,0.8140934105531714
108,threshold_saturation,tree_scm,ok,material_chloride_interaction,temperature_chloride_interaction,0.27341822141266564,0.24314380695445256
108,threshold_saturation,tree_scm,ok,material_passivity,temperature_chloride_interaction,-0.05522306653773615,-0.042320050528775036
109,threshold_saturation,tree_scm,ok,environment_aggressiveness,material_chloride_interaction,0.49697627419344176,0.3016083859010076
109,threshold_saturation,tree_scm,ok,environment_aggressiveness,material_passivity,-0.03262539197108293,-0.0709264399867663
109,threshold_saturation,tree_scm,ok,environment_aggressiveness,temperature_chloride_interaction,0.6110302175572163,0.6243214738976748
109,threshold_saturation,tree_scm,ok,material_chloride_interaction,material_passivity,0.8096263797108422,0.8270190910183225
109,threshold_saturation,tree_scm,ok,material_chloride_interaction,temperature_chloride_interaction,0.26268182661922973,0.21497932537655998
109,threshold_saturation,tree_scm,ok,material_passivity,temperature_chloride_interaction,-0.05309416702734155,-0.06669718473063332
110,threshold_saturation,tree_scm,ok,environment_aggressiveness,material_chloride_interaction,0.5172675393126825,0.36045317176774444
110,threshold_saturation,tree_scm,ok,environment_aggressiveness,material_passivity,0.032513639418530714,0.021247647554367557
110,threshold_saturation,tree_scm,ok,environment_aggressiveness,temperature_chloride_interaction,0.5975487866793475,0.6393187543293108
110,threshold_saturation,tree_scm,ok,material_chloride_interaction,material_passivity,0.8328231740767384,0.8535933612290602
110,threshold_saturation,tree_scm,ok,material_chloride_interaction,temperature_chloride_interaction,0.2795646314525029,0.2671409955529306
110,threshold_saturation,tree_scm,ok,material_passivity,temperature_chloride_interaction,0.0037238784607636507,0.026572761424443887
111,threshold_saturation,tree_scm,ok,environment_aggressiveness,material_chloride_interaction,0.5097682486596893,0.346028849070063
111,threshold_saturation,tree_scm,ok,environment_aggressiveness,material_passivity,-0.027879611773886967,-0.04602917519184958
111,threshold_saturation,tree_scm,ok,environment_aggressiveness,temperature_chloride_interaction,0.6067632174259603,0.6488385303511474
111,threshold_saturation,tree_scm,ok,material_chloride_interaction,material_passivity,0.8026295332911252,0.8213469310137463
111,threshold_saturation,tree_scm,ok,material_chloride_interaction,temperature_chloride_interaction,0.2672522472918356,0.2302954747509312
111,threshold_saturation,tree_scm,ok,material_passivity,temperature_chloride_interaction,-0.04940636734942621,-0.048880822888444336
